Time [s];Sway Acc [m/s2];Surge Acc [m/s2];Heave Acc[m/s2]
0.000000;0.339800;-0.203870;0.154630
0.000500;0.301110;-0.209280;0.193370
0.001000;0.257630;-0.206880;0.224900
0.001500;0.178680;-0.186430;0.265040
0.002000;0.101060;-0.187770;0.301490
0.002500;0.035742;-0.184480;0.342770
0.003000;-0.029916;-0.179830;0.362630
0.003500;-0.092435;-0.170460;0.385350
0.004000;-0.132390;-0.179260;0.395450
0.004500;-0.131640;-0.192620;0.416950
0.005000;-0.123450;-0.204530;0.435670
0.005500;-0.124910;-0.215730;0.459570
0.006000;-0.109510;-0.235310;0.481160
0.006500;-0.078857;-0.258590;0.502580
0.007000;-0.063616;-0.268550;0.528690
0.007500;-0.057816;-0.270840;0.557770
0.008000;-0.054188;-0.266730;0.582510
0.008500;-0.050287;-0.274080;0.613410
0.009000;-0.074979;-0.265400;0.664020
0.009500;-0.108840;-0.242580;0.703430
0.010000;-0.129820;-0.238410;0.743760
0.010500;-0.168350;-0.236230;0.783940
0.011000;-0.217310;-0.232160;0.818580
0.011500;-0.273060;-0.231750;0.856670
0.012000;-0.311410;-0.240080;0.880660
0.012500;-0.337860;-0.256760;0.899530
0.013000;-0.348140;-0.274920;0.913070
0.013500;-0.348560;-0.300440;0.919340
0.014000;-0.326420;-0.329920;0.926040
0.014500;-0.274440;-0.365920;0.946130
0.015000;-0.233750;-0.388000;0.964390
0.015500;-0.188610;-0.404000;0.979100
0.016000;-0.123700;-0.420540;0.977050
0.016500;-0.079006;-0.436250;0.972510
0.017000;-0.048569;-0.441520;0.964970
0.017500;-0.014867;-0.444820;0.958370
0.018000;0.021119;-0.453710;0.951280
0.018500;0.042854;-0.461620;0.941510
0.019000;0.060877;-0.465440;0.907820
0.019500;0.067372;-0.467060;0.869180
0.020000;0.064425;-0.466500;0.838940
0.020500;0.056269;-0.469260;0.812920
0.021000;0.023411;-0.462280;0.810980
0.021500;-0.005717;-0.455950;0.799880
0.022000;-0.039629;-0.443440;0.806620
0.022500;-0.059892;-0.464720;0.791970
0.023000;-0.087595;-0.462150;0.780010
0.023500;-0.112080;-0.472450;0.760510
0.024000;-0.158040;-0.459980;0.757440
0.024500;-0.206740;-0.448890;0.738540
0.025000;-0.218030;-0.457580;0.728960
0.025500;-0.220680;-0.455320;0.695530
0.026000;-0.218650;-0.453370;0.672310
0.026500;-0.193680;-0.460530;0.651370
0.027000;-0.152650;-0.454230;0.632260
0.027500;-0.123700;-0.439000;0.605390
0.028000;-0.084534;-0.423000;0.593740
0.028500;-0.040678;-0.410290;0.577010
0.029000;0.008215;-0.387760;0.559610
0.029500;0.056242;-0.368700;0.534760
0.030000;0.103130;-0.357070;0.506440
0.030500;0.144340;-0.356890;0.485260
0.031000;0.181180;-0.365930;0.455800
0.031500;0.179490;-0.358930;0.436180
0.032000;0.147620;-0.353760;0.398490
0.032500;0.102230;-0.357480;0.368860
0.033000;0.020429;-0.352460;0.346780
0.033500;-0.064059;-0.355170;0.337020
0.034000;-0.153280;-0.366720;0.338840
0.034500;-0.247040;-0.374080;0.358540
0.035000;-0.327880;-0.377310;0.387010
0.035500;-0.395050;-0.371830;0.397550
0.036000;-0.465270;-0.357930;0.402170
0.036500;-0.490860;-0.353930;0.402340
0.037000;-0.478620;-0.356550;0.387250
0.037500;-0.463710;-0.352020;0.360690
0.038000;-0.424130;-0.344880;0.317470
0.038500;-0.355130;-0.349600;0.254070
0.039000;-0.275420;-0.347750;0.192810
0.039500;-0.202930;-0.338250;0.133290
0.040000;-0.129390;-0.324230;0.087838
0.040500;-0.034018;-0.309730;0.047082
0.041000;0.045854;-0.290510;0.023115
0.041500;0.096536;-0.266720;-0.009955
0.042000;0.144510;-0.245080;-0.040156
0.042500;0.181970;-0.243570;-0.061282
0.043000;0.194320;-0.242180;-0.058436
0.043500;0.180060;-0.233750;-0.047652
0.044000;0.149320;-0.228890;-0.047747
0.044500;0.109550;-0.229010;-0.054453
0.045000;0.077754;-0.241760;-0.063512
0.045500;0.038585;-0.258310;-0.060588
0.046000;0.019252;-0.272270;-0.060451
0.046500;0.015844;-0.288920;-0.053855
0.047000;0.025422;-0.307690;-0.045592
0.047500;0.042156;-0.325790;-0.030954
0.048000;0.074653;-0.339560;-0.018700
0.048500;0.126400;-0.352480;0.000745
0.049000;0.184080;-0.363700;0.032311
0.049500;0.230450;-0.357450;0.052519
0.050000;0.281440;-0.351060;0.059772
0.050500;0.341380;-0.351030;0.062751
0.051000;0.379200;-0.356060;0.050269
0.051500;0.398670;-0.344800;0.045868
0.052000;0.409570;-0.340120;0.036059
0.052500;0.389310;-0.342070;0.016237
0.053000;0.339370;-0.344580;0.005564
0.053500;0.285290;-0.335640;-0.019189
0.054000;0.213450;-0.329810;-0.049922
0.054500;0.141670;-0.339060;-0.059883
0.055000;0.077163;-0.352540;-0.051008
0.055500;0.012070;-0.348240;-0.043435
0.056000;-0.039907;-0.359140;-0.033710
0.056500;-0.070503;-0.370460;-0.015596
0.057000;-0.080011;-0.371960;-0.015236
0.057500;-0.087052;-0.360880;-0.010229
0.058000;-0.073955;-0.368440;-0.006293
0.058500;-0.056982;-0.361790;-0.011396
0.059000;-0.040010;-0.363940;-0.028050
0.059500;-0.018608;-0.374360;-0.029300
0.060000;-0.015413;-0.377190;-0.016152
0.060500;-0.031635;-0.380700;-0.013764
0.061000;-0.054748;-0.389240;-0.016001
0.061500;-0.088182;-0.402290;-0.015626
0.062000;-0.124070;-0.418360;-0.018131
0.062500;-0.146110;-0.431780;-0.007578
0.063000;-0.152660;-0.449950;-0.009922
0.063500;-0.159470;-0.465400;-0.018774
0.064000;-0.148500;-0.494220;-0.011899
0.064500;-0.142140;-0.515450;-0.004394
0.065000;-0.131670;-0.513960;0.007536
0.065500;-0.103510;-0.521760;0.013149
0.066000;-0.089069;-0.504170;0.026808
0.066500;-0.071951;-0.498450;0.022045
0.067000;-0.022572;-0.498260;0.021094
0.067500;0.054931;-0.502540;-0.001119
0.068000;0.126990;-0.499970;-0.036764
0.068500;0.202760;-0.499070;-0.084949
0.069000;0.275590;-0.502990;-0.125390
0.069500;0.303110;-0.502460;-0.156700
0.070000;0.321330;-0.500730;-0.178710
0.070500;0.324080;-0.501730;-0.188220
0.071000;0.293500;-0.495470;-0.202510
0.071500;0.263570;-0.490320;-0.194390
0.072000;0.234340;-0.493950;-0.174940
0.072500;0.195000;-0.483260;-0.132360
0.073000;0.152410;-0.473360;-0.093707
0.073500;0.113570;-0.459810;-0.041169
0.074000;0.074080;-0.446500;0.004507
0.074500;0.046044;-0.435920;0.056724
0.075000;0.003893;-0.405270;0.119420
0.075500;-0.011756;-0.387090;0.177310
0.076000;-0.015240;-0.381260;0.231000
0.076500;-0.014574;-0.360470;0.268290
0.077000;-0.005401;-0.340630;0.276450
0.077500;-0.007278;-0.312370;0.258820
0.078000;-0.014525;-0.289900;0.227360
0.078500;0.000839;-0.284400;0.200820
0.079000;-0.000557;-0.273290;0.170140
0.079500;-0.017656;-0.260910;0.143700
0.080000;-0.046580;-0.258550;0.130240
0.080500;-0.068452;-0.265330;0.136290
0.081000;-0.106750;-0.270210;0.172380
0.081500;-0.133720;-0.282490;0.223490
0.082000;-0.169570;-0.280630;0.277810
0.082500;-0.199800;-0.280150;0.323520
0.083000;-0.218550;-0.280910;0.376120
0.083500;-0.243660;-0.267820;0.425510
0.084000;-0.268290;-0.256630;0.485040
0.084500;-0.270560;-0.240860;0.535150
0.085000;-0.282610;-0.218090;0.574920
0.085500;-0.293730;-0.188880;0.601730
0.086000;-0.291360;-0.160720;0.606920
0.086500;-0.276120;-0.143660;0.616130
0.087000;-0.236870;-0.132340;0.617260
0.087500;-0.187640;-0.119960;0.610470
0.088000;-0.133440;-0.112880;0.595070
0.088500;-0.070650;-0.117240;0.580820
0.089000;-0.003424;-0.124110;0.575690
0.089500;0.039889;-0.129630;0.557870
0.090000;0.088807;-0.134770;0.526280
0.090500;0.137410;-0.144010;0.495280
0.091000;0.171390;-0.147090;0.451750
0.091500;0.196740;-0.146750;0.401110
0.092000;0.214420;-0.146500;0.360320
0.092500;0.234310;-0.146500;0.329160
0.093000;0.225320;-0.140570;0.309630
0.093500;0.207590;-0.137980;0.309030
0.094000;0.211120;-0.136790;0.299650
0.094500;0.207330;-0.144110;0.303050
0.095000;0.203900;-0.143980;0.300880
0.095500;0.194710;-0.143590;0.286150
0.096000;0.190800;-0.145750;0.289980
0.096500;0.156820;-0.140110;0.287260
0.097000;0.127990;-0.129810;0.273440
0.097500;0.099429;-0.120900;0.249800
0.098000;0.077644;-0.110600;0.215340
0.098500;0.084804;-0.107970;0.180340
0.099000;0.101380;-0.095055;0.126520
0.099500;0.130990;-0.077656;0.040632
0.100000;0.159370;-0.060687;-0.049347
0.100500;0.178110;-0.032739;-0.143990
0.101000;0.197030;-0.016765;-0.216490
0.101500;0.212540;-0.018219;-0.272450
0.102000;0.215720;0.005143;-0.313480
0.102500;0.195910;0.026147;-0.361250
0.103000;0.190900;0.017326;-0.388600
0.103500;0.182340;0.018706;-0.398490
0.104000;0.173260;0.034927;-0.421270
0.104500;0.154480;0.039725;-0.434700
0.105000;0.103230;0.047332;-0.447760
0.105500;0.047960;0.064832;-0.451150
0.106000;-0.023669;0.076105;-0.449970
0.106500;-0.111830;0.082179;-0.443730
0.107000;-0.216120;0.100340;-0.432680
0.107500;-0.309930;0.108540;-0.411760
0.108000;-0.399350;0.118020;-0.401870
0.108500;-0.451590;0.126480;-0.391240
0.109000;-0.487650;0.137430;-0.381120
0.109500;-0.498250;0.152440;-0.396280
0.110000;-0.467300;0.141070;-0.412220
0.110500;-0.435890;0.136060;-0.413740
0.111000;-0.414850;0.145310;-0.412160
0.111500;-0.378850;0.152890;-0.403910
0.112000;-0.343900;0.169450;-0.404850
0.112500;-0.306160;0.193170;-0.413430
0.113000;-0.255890;0.217120;-0.437060
0.113500;-0.192080;0.236520;-0.472900
0.114000;-0.117880;0.245410;-0.509200
0.114500;-0.023085;0.255470;-0.541320
0.115000;0.061404;0.266740;-0.575650
0.115500;0.115300;0.289850;-0.604280
0.116000;0.163090;0.285990;-0.621320
0.116500;0.183050;0.286460;-0.615240
0.117000;0.179730;0.291220;-0.585200
0.117500;0.151260;0.317780;-0.539510
0.118000;0.136840;0.305610;-0.502820
0.118500;0.136000;0.305550;-0.453360
0.119000;0.137840;0.305220;-0.437400
0.119500;0.124880;0.306240;-0.394260
0.120000;0.103630;0.301170;-0.363370
0.120500;0.072958;0.309750;-0.328640
0.121000;0.023000;0.312810;-0.299300
0.121500;-0.018921;0.329890;-0.289910
0.122000;-0.042500;0.338630;-0.287290
0.122500;-0.044248;0.328510;-0.278760
0.123000;-0.033074;0.334800;-0.272610
0.123500;0.009440;0.316970;-0.274690
0.124000;0.066840;0.312070;-0.267890
0.124500;0.119740;0.292350;-0.279240
0.125000;0.153750;0.281470;-0.247930
0.125500;0.163250;0.272890;-0.235340
0.126000;0.146530;0.254400;-0.189260
0.126500;0.093734;0.247640;-0.138540
0.127000;0.031950;0.235800;-0.088077
0.127500;-0.040684;0.214310;-0.037090
0.128000;-0.129760;0.195420;-0.001201
0.128500;-0.248270;0.191520;0.051289
0.129000;-0.348570;0.168470;0.118610
0.129500;-0.463980;0.178700;0.195230
0.130000;-0.569530;0.196380;0.259390
0.130500;-0.633010;0.155230;0.312710
0.131000;-0.716910;0.163580;0.357980
0.131500;-0.782150;0.241090;0.398120
0.132000;-0.785440;0.164250;0.404730
0.132500;-0.787230;0.181300;0.451720
0.133000;-0.789560;0.187420;0.421140
0.133500;-0.716590;0.149340;0.399480
0.134000;-0.666010;0.173410;0.356060
0.134500;-0.609020;0.178200;0.318700
0.135000;-0.516790;0.148240;0.324650
0.135500;-0.452310;0.149700;0.320940
0.136000;-0.397590;0.172880;0.321820
0.136500;-0.325640;0.167210;0.297650
0.137000;-0.263520;0.160990;0.278070
0.137500;-0.236390;0.168730;0.272770
0.138000;-0.207920;0.169490;0.294450
0.138500;-0.195510;0.160090;0.291890
0.139000;-0.184430;0.179790;0.286430
0.139500;-0.156550;0.167530;0.281350
0.140000;-0.132350;0.150060;0.306030
0.140500;-0.123750;0.168400;0.320320
0.141000;-0.115350;0.170370;0.347830
0.141500;-0.109270;0.176510;0.398560
0.142000;-0.114910;0.195040;0.419740
0.142500;-0.111000;0.188840;0.455280
0.143000;-0.107710;0.197950;0.484270
0.143500;-0.103230;0.206020;0.498600
0.144000;-0.087909;0.202310;0.523770
0.144500;-0.087774;0.203830;0.536060
0.145000;-0.112170;0.230630;0.503950
0.145500;-0.113320;0.228390;0.453980
0.146000;-0.109860;0.241660;0.396590
0.146500;-0.123760;0.266140;0.321060
0.147000;-0.109080;0.273040;0.280570
0.147500;-0.070845;0.273690;0.249260
0.148000;-0.023703;0.290670;0.204920
0.148500;0.019803;0.309830;0.137990
0.149000;0.078834;0.323070;0.062475
0.149500;0.129510;0.353780;0.000003
0.150000;0.168110;0.372130;-0.047819
0.150500;0.195040;0.402050;-0.099019
0.151000;0.213840;0.426640;-0.174970
0.151500;0.235850;0.441170;-0.246360
0.152000;0.225450;0.452730;-0.307120
0.152500;0.196070;0.469810;-0.346280
0.153000;0.134900;0.490550;-0.368830
0.153500;0.071666;0.506870;-0.375650
0.154000;-0.013426;0.537520;-0.376680
0.154500;-0.088301;0.548660;-0.373380
0.155000;-0.142750;0.557320;-0.351760
0.155500;-0.192280;0.558920;-0.334390
0.156000;-0.235180;0.549720;-0.298840
0.156500;-0.267310;0.545580;-0.269470
0.157000;-0.286440;0.540860;-0.254460
0.157500;-0.293020;0.541290;-0.236980
0.158000;-0.283330;0.541120;-0.243250
0.158500;-0.256400;0.537190;-0.254770
0.159000;-0.207010;0.519510;-0.268490
0.159500;-0.138770;0.506690;-0.267110
0.160000;-0.072459;0.504020;-0.272470
0.160500;0.000286;0.488170;-0.285760
0.161000;0.065614;0.463740;-0.286060
0.161500;0.127440;0.441450;-0.289540
0.162000;0.159430;0.435220;-0.282210
0.162500;0.173420;0.431040;-0.280530
0.163000;0.189430;0.422120;-0.284410
0.163500;0.187450;0.425240;-0.296360
0.164000;0.186270;0.415750;-0.311790
0.164500;0.191420;0.407240;-0.315750
0.165000;0.180690;0.398470;-0.333710
0.165500;0.152460;0.402940;-0.335430
0.166000;0.126410;0.402220;-0.334920
0.166500;0.083178;0.405680;-0.326330
0.167000;0.031145;0.411160;-0.326270
0.167500;-0.015169;0.419760;-0.327770
0.168000;-0.060033;0.427960;-0.325210
0.168500;-0.095026;0.429840;-0.319600
0.169000;-0.121300;0.441150;-0.317460
0.169500;-0.128410;0.435330;-0.311490
0.170000;-0.121860;0.424500;-0.307970
0.170500;-0.125220;0.417530;-0.314890
0.171000;-0.124440;0.411090;-0.306090
0.171500;-0.128340;0.406740;-0.314150
0.172000;-0.116600;0.392200;-0.299020
0.172500;-0.114740;0.411320;-0.284270
0.173000;-0.075174;0.381610;-0.261930
0.173500;-0.055263;0.345370;-0.241250
0.174000;-0.006237;0.347710;-0.198860
0.174500;0.016382;0.343290;-0.209830
0.175000;0.062671;0.290740;-0.174600
0.175500;0.096833;0.272100;-0.125510
0.176000;0.063907;0.317110;-0.120700
0.176500;0.078330;0.277630;-0.054729
0.177000;0.068211;0.252340;0.019880
0.177500;-0.004392;0.284780;0.064390
0.178000;-0.040587;0.261650;0.099135
0.178500;-0.069249;0.233520;0.129470
0.179000;-0.136080;0.244130;0.141380
0.179500;-0.183320;0.228070;0.144360
0.180000;-0.231510;0.207200;0.145010
0.180500;-0.277710;0.217460;0.143520
0.181000;-0.318140;0.215500;0.149980
0.181500;-0.346630;0.209320;0.165830
0.182000;-0.371690;0.238740;0.172770
0.182500;-0.372430;0.225340;0.168620
0.183000;-0.355870;0.217030;0.190810
0.183500;-0.353000;0.258330;0.173670
0.184000;-0.323750;0.253980;0.170880
0.184500;-0.278240;0.245320;0.181720
0.185000;-0.248730;0.281360;0.165550
0.185500;-0.211710;0.298210;0.156880
0.186000;-0.167270;0.300420;0.146810
0.186500;-0.143700;0.325260;0.126470
0.187000;-0.117540;0.337320;0.117870
0.187500;-0.082160;0.328470;0.121790
0.188000;-0.069633;0.356770;0.118270
0.188500;-0.048818;0.361180;0.119710
0.189000;-0.031125;0.348780;0.143310
0.189500;-0.029181;0.358520;0.154970
0.190000;-0.034916;0.346870;0.153380
0.190500;-0.034445;0.314010;0.177830
0.191000;-0.053412;0.309110;0.199220
0.191500;-0.083414;0.301510;0.204750
0.192000;-0.103200;0.278170;0.217920
0.192500;-0.111700;0.269700;0.219720
0.193000;-0.136230;0.280860;0.221020
0.193500;-0.144560;0.272090;0.208930
0.194000;-0.141890;0.261500;0.191570
0.194500;-0.122000;0.269410;0.159400
0.195000;-0.077563;0.266590;0.129900
0.195500;-0.054927;0.275420;0.087622
0.196000;-0.015376;0.277410;0.047332
0.196500;0.015626;0.294580;-0.012226
0.197000;0.055691;0.288580;-0.065952
0.197500;0.098559;0.293120;-0.105890
0.198000;0.118310;0.313940;-0.156370
0.198500;0.156190;0.296210;-0.177750
0.199000;0.175770;0.282780;-0.196200
0.199500;0.160500;0.294370;-0.205690
0.200000;0.137010;0.298780;-0.206840
0.200500;0.106780;0.290300;-0.213000
0.201000;0.050779;0.286470;-0.204960
0.201500;0.009097;0.274260;-0.189220
0.202000;-0.026555;0.251310;-0.193000
0.202500;-0.043072;0.241150;-0.192820
0.203000;-0.039373;0.213160;-0.220530
0.203500;-0.016603;0.177680;-0.233810
0.204000;0.018458;0.170970;-0.272830
0.204500;0.058150;0.169270;-0.323710
0.205000;0.115370;0.152490;-0.373340
0.205500;0.177160;0.156220;-0.419960
0.206000;0.223210;0.153760;-0.459280
0.206500;0.279920;0.136450;-0.461540
0.207000;0.320560;0.124190;-0.469020
0.207500;0.333290;0.104620;-0.446650
0.208000;0.337540;0.087059;-0.407370
0.208500;0.302240;0.087831;-0.372370
0.209000;0.234500;0.082680;-0.333150
0.209500;0.178430;0.058986;-0.295060
0.210000;0.101240;0.037434;-0.247080
0.210500;0.018991;0.021578;-0.190550
0.211000;-0.034265;0.001732;-0.143380
0.211500;-0.062517;-0.020607;-0.088278
0.212000;-0.072744;-0.039464;-0.038463
0.212500;-0.069236;-0.050904;0.017749
0.213000;-0.050985;-0.049198;0.056881
0.213500;0.002501;-0.046353;0.089798
0.214000;0.075934;-0.052203;0.130570
0.214500;0.168960;-0.059594;0.159620
0.215000;0.246990;-0.040268;0.163310
0.215500;0.331890;-0.041242;0.152490
0.216000;0.412110;-0.043896;0.157460
0.216500;0.452430;-0.031410;0.155690
0.217000;0.477260;-0.016731;0.161250
0.217500;0.471140;0.006097;0.134350
0.218000;0.434780;0.018384;0.105200
0.218500;0.379280;0.022579;0.077945
0.219000;0.286510;0.048047;0.047359
0.219500;0.185830;0.056178;0.048571
0.220000;0.107260;0.050518;0.073290
0.220500;0.021426;0.061383;0.092139
0.221000;-0.052069;0.058745;0.102600
0.221500;-0.093298;0.056536;0.115610
0.222000;-0.127360;0.049534;0.150300
0.222500;-0.143820;0.052092;0.190480
0.223000;-0.144620;0.052280;0.226790
0.223500;-0.148540;0.046559;0.256730
0.224000;-0.163650;0.054541;0.258940
0.224500;-0.169130;0.045195;0.252380
0.225000;-0.169150;0.036254;0.252190
0.225500;-0.165140;0.038658;0.241150
0.226000;-0.161210;0.046861;0.230910
0.226500;-0.161690;0.052040;0.211530
0.227000;-0.143320;0.047487;0.181900
0.227500;-0.134060;0.032921;0.165830
0.228000;-0.117720;0.012692;0.172030
0.228500;-0.114360;0.006148;0.195650
0.229000;-0.117940;-0.002287;0.239150
0.229500;-0.117640;-0.003134;0.280570
0.230000;-0.127900;0.004479;0.291840
0.230500;-0.118270;-0.002669;0.319450
0.231000;-0.095235;0.001237;0.340890
0.231500;-0.068836;0.003662;0.352700
0.232000;-0.036802;0.000590;0.381380
0.232500;0.005448;0.008158;0.375490
0.233000;0.014222;0.025100;0.378030
0.233500;0.023448;0.022780;0.384420
0.234000;0.023470;0.029517;0.398280
0.234500;0.010995;0.035669;0.409950
0.235000;0.006195;0.033798;0.434270
0.235500;-0.009249;0.037939;0.453160
0.236000;-0.008581;0.033458;0.482710
0.236500;0.002480;0.013839;0.497750
0.237000;0.003486;0.011245;0.511430
0.237500;-0.003744;0.017732;0.518830
0.238000;0.006452;0.014399;0.515900
0.238500;0.002792;0.014540;0.509360
0.239000;0.013618;0.019332;0.497880
0.239500;0.043300;0.003921;0.466400
0.240000;0.092477;-0.017572;0.426410
0.240500;0.135390;0.020675;0.387170
0.241000;0.208380;-0.016962;0.325390
0.241500;0.229840;0.018701;0.293360
0.242000;0.244460;0.026881;0.245850
0.242500;0.298740;-0.020342;0.250900
0.243000;0.296090;0.012546;0.253550
0.243500;0.284360;0.012625;0.233680
0.244000;0.278140;-0.019872;0.244060
0.244500;0.230620;-0.026623;0.248880
0.245000;0.156690;-0.022861;0.288790
0.245500;0.105720;-0.045172;0.344240
0.246000;0.040100;-0.055400;0.377450
0.246500;-0.039269;-0.061325;0.390900
0.247000;-0.103680;-0.084305;0.422720
0.247500;-0.159330;-0.096625;0.445680
0.248000;-0.205390;-0.100080;0.483490
0.248500;-0.238500;-0.112030;0.514990
0.249000;-0.253360;-0.116650;0.539350
0.249500;-0.261470;-0.106930;0.532170
0.250000;-0.242470;-0.126020;0.521350
0.250500;-0.239550;-0.119590;0.506740
0.251000;-0.229790;-0.108060;0.473440
0.251500;-0.201880;-0.125730;0.467580
0.252000;-0.176360;-0.133270;0.434750
0.252500;-0.172690;-0.122520;0.394510
0.253000;-0.158860;-0.142340;0.351530
0.253500;-0.147140;-0.149430;0.324150
0.254000;-0.160070;-0.137710;0.290680
0.254500;-0.161060;-0.160800;0.287010
0.255000;-0.150210;-0.157600;0.278750
0.255500;-0.162370;-0.144250;0.275920
0.256000;-0.150670;-0.152700;0.305010
0.256500;-0.146590;-0.141520;0.333810
0.257000;-0.169270;-0.118740;0.382610
0.257500;-0.194200;-0.109340;0.434790
0.258000;-0.224560;-0.088157;0.462020
0.258500;-0.253840;-0.062234;0.473560
0.259000;-0.270690;-0.042443;0.453690
0.259500;-0.284060;-0.026370;0.421220
0.260000;-0.284010;-0.022457;0.388460
0.260500;-0.263770;-0.016536;0.335280
0.261000;-0.214950;-0.021756;0.286450
0.261500;-0.152480;-0.026238;0.236640
0.262000;-0.071700;-0.034277;0.182390
0.262500;0.028081;-0.045517;0.113780
0.263000;0.104340;-0.040701;0.048721
0.263500;0.169600;-0.036244;-0.025414
0.264000;0.231360;-0.030114;-0.087522
0.264500;0.272570;-0.013890;-0.151780
0.265000;0.313740;-0.002387;-0.214600
0.265500;0.348830;0.009014;-0.278790
0.266000;0.366990;0.007985;-0.341360
0.266500;0.398320;0.013904;-0.383420
0.267000;0.430100;0.002835;-0.416630
0.267500;0.430760;-0.010295;-0.445120
0.268000;0.435690;-0.022541;-0.444480
0.268500;0.398840;-0.024211;-0.447000
0.269000;0.331130;-0.031192;-0.432760
0.269500;0.261060;-0.037426;-0.396510
0.270000;0.197650;-0.054353;-0.358310
0.270500;0.132300;-0.066401;-0.295580
0.271000;0.074154;-0.064473;-0.266420
0.271500;0.041797;-0.082357;-0.234150
0.272000;0.030679;-0.112800;-0.210700
0.272500;0.032856;-0.138820;-0.191380
0.273000;0.018695;-0.153700;-0.165470
0.273500;0.015049;-0.179770;-0.150460
0.274000;-0.001031;-0.208510;-0.119870
0.274500;-0.002609;-0.234600;-0.104790
0.275000;0.001058;-0.258720;-0.078921
0.275500;0.026924;-0.284500;-0.059580
0.276000;0.069026;-0.307860;-0.047022
0.276500;0.128940;-0.329050;-0.047785
0.277000;0.205840;-0.357100;-0.030691
0.277500;0.265900;-0.358160;-0.024404
0.278000;0.317200;-0.366000;-0.013627
0.278500;0.353870;-0.369100;-0.000704
0.279000;0.341840;-0.357880;0.007828
0.279500;0.324920;-0.357810;0.018639
0.280000;0.297900;-0.347740;0.022272
0.280500;0.245810;-0.334420;0.031136
0.281000;0.204710;-0.335240;0.034579
0.281500;0.173730;-0.349320;0.034356
0.282000;0.152670;-0.373770;0.041838
0.282500;0.110640;-0.381980;0.076195
0.283000;0.086660;-0.412290;0.146140
0.283500;0.032947;-0.417310;0.230720
0.284000;-0.043433;-0.422850;0.299120
0.284500;-0.110050;-0.438270;0.379360
0.285000;-0.148460;-0.458270;0.460010
0.285500;-0.171090;-0.475010;0.528340
0.286000;-0.176030;-0.471750;0.583500
0.286500;-0.155760;-0.475160;0.591100
0.287000;-0.098412;-0.489290;0.592120
0.287500;-0.033853;-0.495400;0.570630
0.288000;0.026128;-0.486120;0.556600
0.288500;0.094632;-0.485370;0.550150
0.289000;0.142180;-0.475250;0.555750
0.289500;0.180710;-0.467530;0.570150
0.290000;0.220950;-0.462300;0.587740
0.290500;0.240270;-0.453530;0.607470
0.291000;0.239470;-0.448290;0.613230
0.291500;0.226210;-0.447960;0.621830
0.292000;0.192770;-0.448740;0.628060
0.292500;0.134170;-0.432620;0.636050
0.293000;0.055928;-0.419920;0.648710
0.293500;-0.028415;-0.412200;0.658460
0.294000;-0.127250;-0.396700;0.659880
0.294500;-0.213770;-0.383630;0.657150
0.295000;-0.298440;-0.375080;0.659060
0.295500;-0.375500;-0.361580;0.663500
0.296000;-0.417430;-0.360250;0.667600
0.296500;-0.425900;-0.360400;0.674470
0.297000;-0.403860;-0.356130;0.660420
0.297500;-0.352920;-0.365240;0.637330
0.298000;-0.264540;-0.379310;0.607640
0.298500;-0.160470;-0.389110;0.568310
0.299000;-0.063781;-0.396280;0.532300
0.299500;0.032017;-0.404500;0.483330
0.300000;0.107420;-0.406940;0.436440
0.300500;0.162570;-0.410760;0.380660
0.301000;0.181260;-0.403900;0.329020
0.301500;0.178630;-0.396840;0.289100
0.302000;0.169050;-0.393250;0.269670
0.302500;0.154990;-0.381800;0.256950
0.303000;0.131410;-0.373690;0.257360
0.303500;0.108070;-0.368910;0.262560
0.304000;0.094486;-0.366940;0.281390
0.304500;0.079728;-0.374740;0.297150
0.305000;0.063563;-0.376830;0.325680
0.305500;0.042076;-0.379930;0.356350
0.306000;0.034643;-0.382130;0.398300
0.306500;0.035858;-0.389120;0.425750
0.307000;0.042263;-0.389740;0.446420
0.307500;0.058580;-0.383030;0.454380
0.308000;0.107040;-0.386700;0.457360
0.308500;0.149250;-0.390360;0.455680
0.309000;0.206370;-0.387450;0.428300
0.309500;0.255390;-0.384850;0.399550
0.310000;0.294270;-0.386640;0.362180
0.310500;0.311010;-0.375360;0.323230
0.311000;0.328560;-0.370370;0.276260
0.311500;0.362340;-0.366840;0.228160
0.312000;0.383850;-0.352540;0.158520
0.312500;0.420180;-0.341510;0.080327
0.313000;0.502590;-0.340740;-0.009111
0.313500;0.593310;-0.342150;-0.104260
0.314000;0.673830;-0.325690;-0.197370
0.314500;0.754860;-0.324840;-0.277570
0.315000;0.811590;-0.321000;-0.338820
0.315500;0.831840;-0.311300;-0.386370
0.316000;0.803540;-0.304020;-0.390910
0.316500;0.722870;-0.291700;-0.395270
0.317000;0.623060;-0.286690;-0.401860
0.317500;0.506510;-0.297160;-0.406980
0.318000;0.372360;-0.301630;-0.394810
0.318500;0.233760;-0.300750;-0.387850
0.319000;0.119430;-0.314180;-0.379260
0.319500;0.022342;-0.329430;-0.371930
0.320000;-0.075119;-0.344390;-0.358530
0.320500;-0.137340;-0.360030;-0.347520
0.321000;-0.187210;-0.360450;-0.312710
0.321500;-0.208660;-0.367350;-0.293890
0.322000;-0.202630;-0.365950;-0.272620
0.322500;-0.165160;-0.382840;-0.264520
0.323000;-0.106590;-0.408980;-0.259210
0.323500;-0.041555;-0.401470;-0.256440
0.324000;0.031714;-0.421370;-0.285010
0.324500;0.063744;-0.408690;-0.310120
0.325000;0.078468;-0.412840;-0.345410
0.325500;0.078285;-0.417610;-0.365880
0.326000;0.049804;-0.389620;-0.391500
0.326500;0.005683;-0.378470;-0.397660
0.327000;-0.043796;-0.380100;-0.379710
0.327500;-0.079279;-0.383630;-0.356090
0.328000;-0.121410;-0.363580;-0.325980
0.328500;-0.154740;-0.368020;-0.283110
0.329000;-0.181060;-0.370880;-0.226250
0.329500;-0.222460;-0.361430;-0.161400
0.330000;-0.261600;-0.355640;-0.102750
0.330500;-0.294370;-0.348280;-0.042466
0.331000;-0.334130;-0.341200;0.006958
0.331500;-0.362600;-0.334670;0.058238
0.332000;-0.369500;-0.333160;0.106450
0.332500;-0.370790;-0.320300;0.157180
0.333000;-0.364770;-0.316700;0.201630
0.333500;-0.350190;-0.300060;0.245480
0.334000;-0.338700;-0.286930;0.295030
0.334500;-0.305590;-0.279100;0.337390
0.335000;-0.292880;-0.264930;0.375580
0.335500;-0.298860;-0.245550;0.411600
0.336000;-0.289530;-0.241660;0.439950
0.336500;-0.287690;-0.236700;0.448870
0.337000;-0.269820;-0.243410;0.442620
0.337500;-0.228530;-0.254540;0.432210
0.338000;-0.170190;-0.270570;0.413570
0.338500;-0.132460;-0.276740;0.387390
0.339000;-0.077800;-0.281950;0.341800
0.339500;-0.012941;-0.284630;0.315020
0.340000;0.033292;-0.276830;0.293040
0.340500;0.071377;-0.269880;0.287600
0.341000;0.097193;-0.243900;0.294910
0.341500;0.124660;-0.227390;0.298290
0.342000;0.127360;-0.193060;0.301730
0.342500;0.112960;-0.166790;0.285290
0.343000;0.104720;-0.166760;0.265380
0.343500;0.069918;-0.166550;0.248210
0.344000;-0.001635;-0.153400;0.234170
0.344500;-0.068480;-0.163250;0.228820
0.345000;-0.136470;-0.190200;0.222830
0.345500;-0.218500;-0.210640;0.227070
0.346000;-0.308970;-0.229920;0.230260
0.346500;-0.367560;-0.257180;0.233100
0.347000;-0.418400;-0.269010;0.247470
0.347500;-0.416670;-0.290540;0.249250
0.348000;-0.392870;-0.300640;0.257720
0.348500;-0.320640;-0.313290;0.226640
0.349000;-0.251420;-0.306020;0.201500
0.349500;-0.199310;-0.289230;0.137670
0.350000;-0.148000;-0.275820;0.090021
0.350500;-0.099525;-0.253480;0.021873
0.351000;-0.048720;-0.240850;-0.038205
0.351500;0.004504;-0.220380;-0.105430
0.352000;0.053201;-0.205400;-0.173070
0.352500;0.108480;-0.194330;-0.232630
0.353000;0.156500;-0.191770;-0.293410
0.353500;0.193300;-0.188450;-0.324050
0.354000;0.203300;-0.189370;-0.342370
0.354500;0.191710;-0.173620;-0.342520
0.355000;0.164660;-0.156160;-0.329620
0.355500;0.139260;-0.154620;-0.286120
0.356000;0.106900;-0.148670;-0.234830
0.356500;0.070814;-0.133100;-0.178340
0.357000;0.044978;-0.119430;-0.130830
0.357500;0.019753;-0.098494;-0.096084
0.358000;0.017559;-0.083988;-0.086738
0.358500;0.022265;-0.066211;-0.076262
0.359000;0.033646;-0.057049;-0.073652
0.359500;0.053638;-0.034367;-0.054861
0.360000;0.090629;-0.011824;-0.062515
0.360500;0.157920;0.001975;-0.085672
0.361000;0.240060;0.009542;-0.129340
0.361500;0.347080;0.017126;-0.184160
0.362000;0.455340;0.029916;-0.243120
0.362500;0.569960;0.030216;-0.303720
0.363000;0.650360;0.043961;-0.339710
0.363500;0.698470;0.067518;-0.385950
0.364000;0.708660;0.097547;-0.428230
0.364500;0.664370;0.110810;-0.449860
0.365000;0.594010;0.116910;-0.408970
0.365500;0.487660;0.135810;-0.363480
0.366000;0.364040;0.149930;-0.307690
0.366500;0.231520;0.158150;-0.267180
0.367000;0.111690;0.143030;-0.208780
0.367500;-0.005542;0.138870;-0.154610
0.368000;-0.135860;0.133580;-0.100970
0.368500;-0.236160;0.119540;-0.035533
0.369000;-0.309090;0.118240;0.022516
0.369500;-0.364660;0.118920;0.048110
0.370000;-0.395600;0.129670;0.054536
0.370500;-0.402010;0.131640;0.037850
0.371000;-0.378650;0.139280;0.022395
0.371500;-0.366920;0.163870;-0.024163
0.372000;-0.336780;0.181150;-0.068965
0.372500;-0.287790;0.182330;-0.103010
0.373000;-0.236810;0.191740;-0.150060
0.373500;-0.190950;0.204970;-0.171850
0.374000;-0.139810;0.198210;-0.177960
0.374500;-0.108820;0.206800;-0.162040
0.375000;-0.089189;0.215360;-0.157270
0.375500;-0.072743;0.218610;-0.171860
0.376000;-0.055623;0.220220;-0.181630
0.376500;-0.049438;0.222930;-0.188930
0.377000;-0.061497;0.233030;-0.169710
0.377500;-0.068067;0.221010;-0.157050
0.378000;-0.081087;0.224690;-0.132850
0.378500;-0.117500;0.236040;-0.122990
0.379000;-0.149830;0.243020;-0.096071
0.379500;-0.178420;0.247020;-0.063342
0.380000;-0.212500;0.254350;-0.022718
0.380500;-0.258560;0.270520;0.007038
0.381000;-0.310940;0.267260;0.019675
0.381500;-0.345760;0.264460;0.033787
0.382000;-0.402770;0.264940;0.028519
0.382500;-0.448450;0.271640;0.016987
0.383000;-0.468220;0.263020;-0.029283
0.383500;-0.461370;0.265910;-0.088153
0.384000;-0.439940;0.267360;-0.175590
0.384500;-0.392330;0.267480;-0.259820
0.385000;-0.326890;0.270680;-0.358030
0.385500;-0.246790;0.264010;-0.450310
0.386000;-0.174760;0.261440;-0.523370
0.386500;-0.112590;0.260100;-0.581530
0.387000;-0.068657;0.261740;-0.605560
0.387500;-0.039724;0.271440;-0.602100
0.388000;-0.033739;0.287510;-0.591000
0.388500;-0.050228;0.260480;-0.582110
0.389000;-0.104830;0.318880;-0.575590
0.389500;-0.126160;0.295780;-0.585110
0.390000;-0.206540;0.323720;-0.577830
0.390500;-0.287980;0.311960;-0.575750
0.391000;-0.338550;0.274240;-0.550080
0.391500;-0.436680;0.320280;-0.582830
0.392000;-0.522940;0.318990;-0.593860
0.392500;-0.573100;0.296750;-0.561870
0.393000;-0.632650;0.306980;-0.547700
0.393500;-0.663200;0.323890;-0.517560
0.394000;-0.642180;0.296830;-0.485260
0.394500;-0.600020;0.285070;-0.465620
0.395000;-0.562080;0.286550;-0.453310
0.395500;-0.500090;0.277300;-0.406480
0.396000;-0.423350;0.263070;-0.364300
0.396500;-0.368630;0.281220;-0.316480
0.397000;-0.326100;0.296580;-0.285170
0.397500;-0.283990;0.311020;-0.253930
0.398000;-0.263260;0.333670;-0.258560
0.398500;-0.227310;0.336270;-0.254940
0.399000;-0.203980;0.355840;-0.256220
0.399500;-0.206610;0.373140;-0.280360
0.400000;-0.193170;0.373390;-0.271130
0.400500;-0.183280;0.375350;-0.272930
0.401000;-0.203680;0.419730;-0.277300
0.401500;-0.188550;0.431400;-0.283100
0.402000;-0.155430;0.419460;-0.272000
0.402500;-0.139800;0.442290;-0.260900
0.403000;-0.098462;0.439800;-0.226900
0.403500;-0.048559;0.469320;-0.214150
0.404000;-0.019038;0.490410;-0.222430
0.404500;0.027355;0.506990;-0.215210
0.405000;0.062669;0.557190;-0.229050
0.405500;0.093931;0.590260;-0.235310
0.406000;0.141530;0.603590;-0.219300
0.406500;0.187270;0.619610;-0.213860
0.407000;0.208430;0.638130;-0.203030
0.407500;0.242770;0.638940;-0.202180
0.408000;0.261830;0.647560;-0.189250
0.408500;0.278450;0.636720;-0.176060
0.409000;0.284500;0.628790;-0.143930
0.409500;0.275130;0.623090;-0.148710
0.410000;0.294760;0.629550;-0.146370
0.410500;0.329300;0.630150;-0.182020
0.411000;0.376460;0.627840;-0.213140
0.411500;0.416190;0.629050;-0.261670
0.412000;0.462340;0.632290;-0.308210
0.412500;0.492430;0.645160;-0.364880
0.413000;0.504250;0.666530;-0.403420
0.413500;0.501850;0.680630;-0.431390
0.414000;0.488070;0.690360;-0.440620
0.414500;0.460550;0.682470;-0.422910
0.415000;0.400330;0.675810;-0.394730
0.415500;0.327460;0.668050;-0.356950
0.416000;0.238050;0.644480;-0.310590
0.416500;0.143930;0.617450;-0.278710
0.417000;0.046126;0.591530;-0.255830
0.417500;-0.038639;0.557010;-0.226970
0.418000;-0.135040;0.530370;-0.193100
0.418500;-0.215530;0.514940;-0.168830
0.419000;-0.267490;0.492240;-0.168590
0.419500;-0.281500;0.484690;-0.183940
0.420000;-0.253310;0.470660;-0.182030
0.420500;-0.227120;0.478260;-0.197510
0.421000;-0.178950;0.481820;-0.238530
0.421500;-0.100030;0.477670;-0.307700
0.422000;-0.009002;0.483710;-0.378930
0.422500;0.087056;0.486360;-0.450400
0.423000;0.170530;0.485260;-0.530250
0.423500;0.245070;0.466420;-0.595340
0.424000;0.300980;0.450900;-0.646910
0.424500;0.309690;0.453480;-0.686540
0.425000;0.287760;0.446890;-0.703030
0.425500;0.252360;0.428980;-0.710220
0.426000;0.184910;0.415760;-0.687340
0.426500;0.091601;0.408310;-0.654740
0.427000;-0.021693;0.410630;-0.613650
0.427500;-0.122510;0.404780;-0.557310
0.428000;-0.206400;0.383330;-0.496400
0.428500;-0.286210;0.386990;-0.436030
0.429000;-0.345890;0.393010;-0.383220
0.429500;-0.374150;0.390580;-0.322510
0.430000;-0.386120;0.390490;-0.273300
0.430500;-0.385000;0.392920;-0.232190
0.431000;-0.339260;0.384440;-0.196120
0.431500;-0.295060;0.385440;-0.172270
0.432000;-0.249420;0.389050;-0.149190
0.432500;-0.179910;0.371270;-0.123640
0.433000;-0.126450;0.379650;-0.089847
0.433500;-0.083081;0.383730;-0.057058
0.434000;-0.030120;0.381980;-0.031614
0.434500;0.005773;0.383020;-0.012620
0.435000;0.025298;0.373900;0.026881
0.435500;0.027584;0.364710;0.072719
0.436000;-0.011058;0.370730;0.116710
0.436500;-0.075150;0.367410;0.157400
0.437000;-0.143990;0.377070;0.180290
0.437500;-0.248050;0.397650;0.186050
0.438000;-0.328100;0.399590;0.181800
0.438500;-0.394930;0.403170;0.173890
0.439000;-0.440040;0.407030;0.155710
0.439500;-0.455630;0.409800;0.136980
0.440000;-0.471660;0.412330;0.103550
0.440500;-0.471710;0.402760;0.082489
0.441000;-0.470040;0.402130;0.065817
0.441500;-0.477270;0.403490;0.057106
0.442000;-0.487980;0.401270;0.056147
0.442500;-0.507780;0.413790;0.044028
0.443000;-0.510410;0.407290;0.046844
0.443500;-0.524640;0.410950;0.039605
0.444000;-0.538520;0.405670;0.019931
0.444500;-0.538080;0.393040;0.014755
0.445000;-0.547710;0.382560;0.008009
0.445500;-0.546430;0.366560;0.021384
0.446000;-0.524440;0.357330;0.047759
0.446500;-0.502010;0.348070;0.063135
0.447000;-0.491600;0.355060;0.083864
0.447500;-0.470810;0.368110;0.085026
0.448000;-0.420450;0.372220;0.083452
0.448500;-0.353220;0.369870;0.079992
0.449000;-0.273110;0.376560;0.078721
0.449500;-0.175460;0.381970;0.072778
0.450000;-0.064505;0.383430;0.055279
0.450500;0.028643;0.376110;0.043072
0.451000;0.101310;0.372550;0.044325
0.451500;0.156550;0.370730;0.052689
0.452000;0.197950;0.368780;0.073894
0.452500;0.205030;0.367520;0.108650
0.453000;0.181850;0.364140;0.160230
0.453500;0.165750;0.359780;0.228130
0.454000;0.140520;0.360730;0.282190
0.454500;0.103660;0.359530;0.330820
0.455000;0.077023;0.356680;0.368530
0.455500;0.065030;0.350580;0.386110
0.456000;0.058535;0.351210;0.385680
0.456500;0.074165;0.354990;0.363670
0.457000;0.105240;0.352390;0.315250
0.457500;0.134160;0.351810;0.255810
0.458000;0.175380;0.343290;0.197760
0.458500;0.237150;0.321920;0.134980
0.459000;0.285770;0.311330;0.056138
0.459500;0.328690;0.302410;-0.038206
0.460000;0.364650;0.286500;-0.118130
0.460500;0.401230;0.270970;-0.203130
0.461000;0.420090;0.266510;-0.267080
0.461500;0.412200;0.263280;-0.312140
0.462000;0.378540;0.261130;-0.335930
0.462500;0.326430;0.257290;-0.338800
0.463000;0.239670;0.245320;-0.318100
0.463500;0.129410;0.241050;-0.271230
0.464000;0.021273;0.228970;-0.226350
0.464500;-0.090011;0.218390;-0.164610
0.465000;-0.209880;0.205180;-0.116770
0.465500;-0.313110;0.188630;-0.082499
0.466000;-0.389070;0.156920;-0.060343
0.466500;-0.439820;0.127250;-0.053603
0.467000;-0.469260;0.098642;-0.050560
0.467500;-0.482140;0.083159;-0.052450
0.468000;-0.476570;0.072157;-0.070257
0.468500;-0.430260;0.052799;-0.098488
0.469000;-0.394470;0.053633;-0.130110
0.469500;-0.342610;0.055141;-0.165140
0.470000;-0.265620;0.060029;-0.212620
0.470500;-0.208190;0.070344;-0.263720
0.471000;-0.144830;0.070348;-0.318080
0.471500;-0.097338;0.065285;-0.381940
0.472000;-0.069054;0.063775;-0.424240
0.472500;-0.044792;0.056917;-0.435130
0.473000;-0.032319;0.054893;-0.437140
0.473500;-0.054710;0.049291;-0.420910
0.474000;-0.092653;0.040442;-0.389760
0.474500;-0.137990;0.033558;-0.369020
0.475000;-0.196670;0.027912;-0.325030
0.475500;-0.245450;0.004966;-0.268890
0.476000;-0.299630;0.008330;-0.206970
0.476500;-0.357080;0.014435;-0.144080
0.477000;-0.391300;0.021692;-0.081928
0.477500;-0.410950;0.038004;-0.047639
0.478000;-0.423250;0.057635;-0.029184
0.478500;-0.414900;0.064029;-0.026960
0.479000;-0.374100;0.054670;-0.029001
0.479500;-0.328380;0.058529;-0.039220
0.480000;-0.278370;0.059511;-0.049699
0.480500;-0.215930;0.044576;-0.082323
0.481000;-0.163350;0.040201;-0.114670
0.481500;-0.115710;0.031328;-0.158770
0.482000;-0.086491;0.026181;-0.193040
0.482500;-0.052243;0.021808;-0.220850
0.483000;-0.022763;0.017309;-0.242040
0.483500;0.009151;0.025209;-0.261420
0.484000;0.033371;0.023536;-0.292630
0.484500;0.044671;0.024290;-0.297890
0.485000;0.035529;0.033857;-0.319620
0.485500;0.000204;0.050575;-0.318720
0.486000;-0.023679;0.050254;-0.304560
0.486500;-0.065587;0.066785;-0.292040
0.487000;-0.106630;0.066307;-0.287690
0.487500;-0.125750;0.032693;-0.267760
0.488000;-0.176330;0.026450;-0.262270
0.488500;-0.227600;0.014894;-0.241360
0.489000;-0.257510;-0.000582;-0.211400
0.489500;-0.277550;-0.013391;-0.179370
0.490000;-0.290170;-0.023470;-0.157700
0.490500;-0.283620;-0.033391;-0.148970
0.491000;-0.262980;-0.038565;-0.153520
0.491500;-0.228960;-0.044039;-0.155620
0.492000;-0.183370;-0.058682;-0.167280
0.492500;-0.129520;-0.062843;-0.205950
0.493000;-0.087274;-0.069691;-0.248360
0.493500;-0.035290;-0.076569;-0.300350
0.494000;0.022170;-0.102010;-0.350840
0.494500;0.069221;-0.110270;-0.392730
0.495000;0.101180;-0.109910;-0.433540
0.495500;0.148710;-0.122880;-0.464100
0.496000;0.201920;-0.154350;-0.489550
0.496500;0.212230;-0.159330;-0.512740
0.497000;0.227080;-0.169410;-0.505190
0.497500;0.245660;-0.170300;-0.493130
0.498000;0.245210;-0.168130;-0.470480
0.498500;0.249460;-0.161300;-0.446850
0.499000;0.262040;-0.158310;-0.426150
0.499500;0.274600;-0.161650;-0.392100
0.500000;0.284420;-0.159650;-0.340330
0.500499;0.305450;-0.160660;-0.281830
0.501000;0.308260;-0.164500;-0.211550
0.501499;0.301150;-0.172440;-0.149610
0.502000;0.293240;-0.183540;-0.101650
0.502499;0.267750;-0.201660;-0.052855
0.503000;0.244180;-0.207180;-0.014789
0.503499;0.214300;-0.208990;0.036023
0.504000;0.214920;-0.208990;0.065243
0.504499;0.228030;-0.206040;0.082181
0.505000;0.255120;-0.197030;0.076440
0.505499;0.295700;-0.179970;0.045787
0.506000;0.355250;-0.177960;0.015731
0.506499;0.442350;-0.181810;-0.020203
0.507000;0.504440;-0.148160;-0.054642
0.507499;0.568950;-0.134620;-0.096618
0.508000;0.613920;-0.121680;-0.118600
0.508499;0.635570;-0.103660;-0.138290
0.509000;0.654220;-0.093891;-0.144430
0.509499;0.629760;-0.070553;-0.155190
0.510000;0.599750;-0.073888;-0.152510
0.510499;0.571430;-0.079680;-0.129010
0.511000;0.519150;-0.076908;-0.098564
0.511499;0.422280;-0.076924;-0.051944
0.512000;0.312360;-0.069864;0.000159
0.512499;0.178470;-0.053472;0.037277
0.513000;0.022336;-0.062036;0.067527
0.513499;-0.112500;-0.056571;0.095877
0.514000;-0.217040;-0.054353;0.091825
0.514499;-0.280370;-0.067099;0.070601
0.515000;-0.307570;-0.076075;0.027307
0.515499;-0.311340;-0.075920;-0.033287
0.516000;-0.272390;-0.093469;-0.100440
0.516499;-0.200530;-0.120340;-0.163020
0.517000;-0.114940;-0.126920;-0.228190
0.517499;-0.021954;-0.126230;-0.302060
0.518000;0.082375;-0.129550;-0.374060
0.518499;0.173650;-0.142430;-0.407380
0.519000;0.242570;-0.144810;-0.416400
0.519499;0.294190;-0.145020;-0.428790
0.520000;0.299380;-0.132520;-0.416810
0.520499;0.277290;-0.140130;-0.425710
0.521000;0.242330;-0.153780;-0.396710
0.521499;0.162350;-0.153290;-0.375200
0.522000;0.073998;-0.149550;-0.332440
0.522499;-0.020820;-0.152910;-0.300810
0.523000;-0.115000;-0.147940;-0.262840
0.523499;-0.183010;-0.159050;-0.225080
0.524000;-0.207140;-0.169960;-0.168950
0.524500;-0.226350;-0.162640;-0.116130
0.525000;-0.212540;-0.170360;-0.074546
0.525500;-0.159230;-0.176480;-0.047436
0.526000;-0.101810;-0.181780;-0.026706
0.526500;-0.034497;-0.172280;-0.002181
0.527000;0.022785;-0.161020;-0.007260
0.527500;0.066930;-0.152900;-0.008720
0.528000;0.117750;-0.150970;-0.028995
0.528500;0.163310;-0.149810;-0.056781
0.529000;0.207740;-0.151570;-0.092195
0.529500;0.251530;-0.159620;-0.132750
0.530000;0.290900;-0.168110;-0.167500
0.530500;0.292500;-0.159510;-0.200350
0.531000;0.296890;-0.160140;-0.237260
0.531500;0.287100;-0.156320;-0.273650
0.532000;0.284320;-0.160340;-0.299090
0.532500;0.277340;-0.153800;-0.308600
0.533000;0.258470;-0.145930;-0.330170
0.533500;0.240010;-0.150070;-0.342280
0.534000;0.221540;-0.150710;-0.359960
0.534500;0.192750;-0.144100;-0.365400
0.535000;0.149670;-0.142900;-0.351640
0.535500;0.113730;-0.154900;-0.329300
0.536000;0.042439;-0.146810;-0.307050
0.536500;-0.059706;-0.136080;-0.296350
0.537000;-0.153300;-0.139380;-0.265510
0.537500;-0.265220;-0.146890;-0.241200
0.538000;-0.374700;-0.150550;-0.201240
0.538500;-0.474250;-0.156750;-0.165020
0.539000;-0.548900;-0.166130;-0.147080
0.539500;-0.606240;-0.185190;-0.128230
0.540000;-0.646380;-0.205950;-0.102460
0.540500;-0.663840;-0.214530;-0.083481
0.541000;-0.661240;-0.229410;-0.071076
0.541500;-0.649310;-0.238160;-0.046440
0.542000;-0.650050;-0.240580;-0.027145
0.542500;-0.643590;-0.243190;-0.002219
0.543000;-0.622010;-0.243270;0.010161
0.543500;-0.605430;-0.229500;0.024053
0.544000;-0.597570;-0.215330;0.030989
0.544500;-0.560280;-0.222940;0.046486
0.545000;-0.520640;-0.222840;0.059020
0.545500;-0.483010;-0.206330;0.067573
0.546000;-0.443340;-0.194630;0.061636
0.546500;-0.412370;-0.179620;0.061712
0.547000;-0.375260;-0.173230;0.085717
0.547500;-0.340620;-0.148320;0.123970
0.548000;-0.318740;-0.107030;0.145750
0.548500;-0.266590;-0.088466;0.170180
0.549000;-0.187200;-0.074947;0.164730
0.549500;-0.110240;-0.055563;0.163060
0.550000;-0.018052;-0.032509;0.131330
0.550500;0.086374;-0.011349;0.086322
0.551000;0.183580;0.008900;0.041294
0.551500;0.272310;0.029078;-0.013541
0.552000;0.357780;0.052130;-0.080964
0.552500;0.424300;0.071443;-0.127520
0.553000;0.498600;0.075317;-0.150170
0.553500;0.556610;0.093872;-0.163360
0.554000;0.604280;0.113530;-0.175780
0.554500;0.661410;0.120200;-0.188810
0.555000;0.703090;0.128200;-0.208560
0.555500;0.729030;0.131950;-0.229890
0.556000;0.739620;0.138950;-0.245310
0.556500;0.741480;0.124220;-0.250660
0.557000;0.707230;0.123430;-0.240350
0.557500;0.664510;0.114660;-0.219650
0.558000;0.611910;0.100700;-0.194900
0.558500;0.520310;0.096562;-0.169210
0.559000;0.424060;0.079779;-0.124000
0.559500;0.331640;0.055834;-0.074982
0.560000;0.228230;0.038511;-0.018867
0.560500;0.129610;0.018395;0.031796
0.561000;0.025220;0.003236;0.083756
0.561500;-0.061798;-0.030361;0.143850
0.562000;-0.144160;-0.055230;0.185740
0.562500;-0.232140;-0.065710;0.200630
0.563000;-0.298110;-0.088761;0.190390
0.563500;-0.337190;-0.112410;0.165910
0.564000;-0.343360;-0.137770;0.118840
0.564500;-0.331240;-0.164740;0.073050
0.565000;-0.320270;-0.187020;-0.002261
0.565500;-0.318620;-0.203980;-0.061155
0.566000;-0.286980;-0.236770;-0.074851
0.566500;-0.278250;-0.230030;-0.083041
0.567000;-0.289920;-0.213380;-0.089524
0.567500;-0.269120;-0.210490;-0.105680
0.568000;-0.271270;-0.180750;-0.146000
0.568500;-0.261740;-0.168560;-0.171110
0.569000;-0.240080;-0.156170;-0.178910
0.569500;-0.218260;-0.147220;-0.194550
0.570000;-0.209960;-0.144980;-0.201980
0.570500;-0.212640;-0.150610;-0.235890
0.571000;-0.230210;-0.161980;-0.267790
0.571500;-0.247850;-0.169620;-0.290120
0.572000;-0.262400;-0.184040;-0.281520
0.572500;-0.283830;-0.196480;-0.250340
0.573000;-0.292250;-0.211960;-0.219950
0.573500;-0.283420;-0.229620;-0.185890
0.574000;-0.280910;-0.237910;-0.152500
0.574500;-0.267970;-0.243490;-0.120610
0.575000;-0.261250;-0.247510;-0.071641
0.575500;-0.248620;-0.247780;-0.027884
0.576000;-0.262490;-0.235030;0.010742
0.576500;-0.270410;-0.226020;0.011767
0.577000;-0.264680;-0.222930;0.000131
0.577500;-0.242020;-0.221620;-0.019722
0.578000;-0.210050;-0.210120;-0.049534
0.578500;-0.174100;-0.196900;-0.084191
0.579000;-0.105440;-0.192320;-0.125610
0.579500;-0.040200;-0.174160;-0.156880
0.580000;0.017456;-0.146800;-0.194090
0.580500;0.080642;-0.115820;-0.222480
0.581000;0.135990;-0.089011;-0.221510
0.581500;0.165930;-0.056503;-0.190440
0.582000;0.169560;-0.015889;-0.146080
0.582500;0.154180;0.014691;-0.093206
0.583000;0.112800;0.034879;-0.031173
0.583500;0.052538;0.047388;0.017466
0.584000;-0.052987;0.057420;0.082483
0.584500;-0.164130;0.050116;0.148780
0.585000;-0.271560;0.044996;0.219990
0.585500;-0.397110;0.039134;0.263960
0.586000;-0.521430;0.035349;0.302390
0.586500;-0.636740;0.028138;0.321420
0.587000;-0.718810;0.026157;0.323300
0.587500;-0.778800;0.029803;0.309570
0.588000;-0.793650;0.030324;0.268930
0.588500;-0.743540;0.021649;0.223930
0.589000;-0.661870;0.021049;0.157290
0.589500;-0.569650;0.033527;0.087305
0.590000;-0.459530;0.039833;0.032531
0.590500;-0.341360;0.044978;-0.026608
0.591000;-0.231810;0.058822;-0.071356
0.591500;-0.126900;0.055716;-0.113800
0.592000;-0.047656;0.058126;-0.137500
0.592500;-0.001524;0.057786;-0.148860
0.593000;0.033787;0.046644;-0.116200
0.593500;0.039373;0.036415;-0.074212
0.594000;0.017072;0.027466;-0.018968
0.594500;-0.018550;0.016696;0.037079
0.595000;-0.062795;0.009446;0.096535
0.595500;-0.124660;0.005192;0.149910
0.596000;-0.185580;0.003759;0.189250
0.596500;-0.225290;-0.003080;0.232100
0.597000;-0.261610;-0.004251;0.278980
0.597500;-0.258960;-0.009070;0.313330
0.598000;-0.237120;-0.006453;0.328110
0.598500;-0.210310;-0.004005;0.327960
0.599000;-0.151220;-0.010216;0.332480
0.599500;-0.065885;-0.014815;0.329410
0.600000;0.030517;-0.017575;0.320840
0.600500;0.127540;-0.026046;0.313600
0.601000;0.213530;-0.040782;0.295960
0.601500;0.304590;-0.056642;0.275240
0.602000;0.380900;-0.064040;0.249890
0.602500;0.414980;-0.054435;0.238280
0.603000;0.450460;-0.049889;0.209400
0.603500;0.476540;-0.046348;0.181750
0.604000;0.475560;-0.045777;0.163340
0.604500;0.435740;-0.024729;0.143400
0.605000;0.388140;-0.002630;0.120740
0.605500;0.346770;-0.000908;0.135540
0.606000;0.291580;0.004735;0.162790
0.606500;0.230400;0.012345;0.187050
0.607000;0.176430;0.019174;0.207880
0.607500;0.116130;0.031273;0.224070
0.608000;0.067815;0.034611;0.248380
0.608500;0.015677;0.035496;0.275010
0.609000;-0.037878;0.056684;0.267840
0.609500;-0.077544;0.068738;0.227670
0.610000;-0.131250;0.082464;0.175610
0.610500;-0.169390;0.090698;0.099107
0.611000;-0.190080;0.101250;0.021638
0.611500;-0.214830;0.116150;-0.046261
0.612000;-0.224740;0.120340;-0.119460
0.612500;-0.226060;0.120950;-0.188410
0.613000;-0.233290;0.131840;-0.246940
0.613500;-0.212710;0.114000;-0.275200
0.614000;-0.183750;0.090015;-0.280460
0.614500;-0.158440;0.075492;-0.276330
0.615000;-0.128600;0.070679;-0.275330
0.615500;-0.116020;0.071091;-0.281420
0.616000;-0.095326;0.065001;-0.272800
0.616500;-0.078632;0.063403;-0.276410
0.617000;-0.095976;0.087161;-0.311470
0.617500;-0.119530;0.094266;-0.336860
0.618000;-0.141930;0.105880;-0.376070
0.618500;-0.201420;0.129960;-0.399190
0.619000;-0.254300;0.145930;-0.425070
0.619500;-0.314540;0.162490;-0.457270
0.620000;-0.381240;0.179630;-0.478610
0.620500;-0.417950;0.179960;-0.480820
0.621000;-0.439640;0.196750;-0.462060
0.621500;-0.437580;0.196120;-0.449870
0.622000;-0.404930;0.191920;-0.437770
0.622500;-0.356080;0.198820;-0.457350
0.623000;-0.313080;0.199570;-0.477070
0.623500;-0.251510;0.200840;-0.491440
0.624000;-0.203470;0.211310;-0.505040
0.624500;-0.154380;0.221030;-0.522380
0.625000;-0.120920;0.216470;-0.536570
0.625500;-0.081822;0.217960;-0.552110
0.626000;-0.065302;0.217340;-0.569720
0.626500;-0.037979;0.205960;-0.584000
0.627000;-0.022495;0.205390;-0.590730
0.627500;-0.040520;0.211990;-0.592310
0.628000;-0.042600;0.207350;-0.585820
0.628500;-0.038532;0.204060;-0.591440
0.629000;-0.039702;0.218130;-0.588720
0.629500;-0.010198;0.221460;-0.606760
0.630000;0.026895;0.218040;-0.623860
0.630500;0.059488;0.228540;-0.655110
0.631000;0.098026;0.212410;-0.682050
0.631500;0.099272;0.240090;-0.706290
0.632000;0.102450;0.289890;-0.712630
0.632500;0.125630;0.213630;-0.697090
0.633000;0.058588;0.227720;-0.643480
0.633500;0.022495;0.217120;-0.605610
0.634000;-0.082328;0.244040;-0.574940
0.634500;-0.140780;0.176100;-0.473120
0.635000;-0.214940;0.142720;-0.350480
0.635500;-0.339960;0.191740;-0.319530
0.636000;-0.391630;0.130860;-0.232080
0.636500;-0.429250;0.085463;-0.143150
0.637000;-0.475980;0.086302;-0.086763
0.637500;-0.486380;0.084370;-0.046006
0.638000;-0.435370;0.063384;-0.012105
0.638500;-0.365310;0.045255;-0.007307
0.639000;-0.319260;0.038174;-0.043003
0.639500;-0.261480;0.099125;-0.063412
0.640000;-0.098649;0.035530;-0.097508
0.640500;-0.025687;0.079214;-0.107220
0.641000;0.054124;0.088464;-0.127110
0.641500;0.176810;0.057773;-0.108940
0.642000;0.215870;0.096338;-0.142420
0.642500;0.264490;0.067355;-0.130850
0.643000;0.268620;0.080436;-0.126330
0.643500;0.220960;0.087030;-0.135220
0.644000;0.170740;0.083758;-0.081717
0.644500;0.094817;0.093981;-0.075716
0.645000;-0.010473;0.101720;-0.090931
0.645500;-0.079105;0.067372;-0.106900
0.646000;-0.134040;0.065271;-0.097701
0.646500;-0.186120;0.078891;-0.092515
0.647000;-0.177420;0.056960;-0.068512
0.647500;-0.155510;0.054195;-0.045106
0.648000;-0.123990;0.064061;-0.045758
0.648500;-0.074258;0.065359;-0.051153
0.649000;0.018504;0.047089;-0.036227
0.649500;0.097133;0.065132;-0.015078
0.650000;0.150040;0.080186;-0.022737
0.650500;0.221400;0.078332;-0.009815
0.651000;0.281720;0.101500;-0.024470
0.651500;0.338240;0.106870;-0.055092
0.652000;0.369320;0.114010;-0.081846
0.652500;0.371070;0.144930;-0.135100
0.653000;0.369440;0.161940;-0.193550
0.653500;0.369370;0.168490;-0.251030
0.654000;0.331460;0.186100;-0.320270
0.654500;0.309800;0.188600;-0.349740
0.655000;0.302760;0.176470;-0.361690
0.655500;0.277200;0.181030;-0.338080
0.656000;0.220580;0.188120;-0.327570
0.656500;0.174500;0.170610;-0.305160
0.657000;0.150040;0.155510;-0.259820
0.657500;0.095020;0.174700;-0.216540
0.658000;0.045459;0.160840;-0.177670
0.658500;-0.002657;0.153950;-0.136870
0.659000;-0.082459;0.179080;-0.125020
0.659500;-0.163480;0.192320;-0.101800
0.660000;-0.236240;0.209070;-0.105400
0.660500;-0.310890;0.244000;-0.138710
0.661000;-0.378760;0.276160;-0.175610
0.661500;-0.416660;0.303410;-0.230190
0.662000;-0.433930;0.320790;-0.284290
0.662500;-0.402940;0.333420;-0.336150
0.663000;-0.360350;0.350440;-0.399340
0.663500;-0.321490;0.358600;-0.455610
0.664000;-0.259860;0.345390;-0.511250
0.664500;-0.212860;0.350020;-0.563950
0.665000;-0.175180;0.347180;-0.607290
0.665500;-0.136770;0.330920;-0.652860
0.666000;-0.098129;0.330520;-0.700540
0.666500;-0.074251;0.330710;-0.765160
0.667000;-0.063427;0.313200;-0.799540
0.667500;-0.058984;0.297680;-0.826910
0.668000;-0.066161;0.295050;-0.843060
0.668500;-0.081199;0.284540;-0.839060
0.669000;-0.096930;0.262970;-0.805080
0.669500;-0.140930;0.259940;-0.747680
0.670000;-0.193870;0.250880;-0.683930
0.670500;-0.261140;0.244260;-0.594110
0.671000;-0.341880;0.229850;-0.511220
0.671500;-0.397300;0.209840;-0.411010
0.672000;-0.443510;0.186300;-0.306890
0.672500;-0.493590;0.174130;-0.226010
0.673000;-0.524080;0.163640;-0.181830
0.673500;-0.520500;0.140600;-0.150130
0.674000;-0.498970;0.126330;-0.141200
0.674500;-0.472810;0.121320;-0.154350
0.675000;-0.428570;0.118590;-0.195920
0.675500;-0.363970;0.111820;-0.267080
0.676000;-0.299280;0.118610;-0.349420
0.676500;-0.224720;0.125610;-0.432740
0.677000;-0.116550;0.113460;-0.509770
0.677500;-0.008959;0.131820;-0.593640
0.678000;0.116680;0.147960;-0.668380
0.678500;0.240930;0.117440;-0.749460
0.679000;0.338840;0.135290;-0.777260
0.679500;0.384460;0.148070;-0.813120
0.680000;0.423310;0.125010;-0.799750
0.680500;0.414530;0.143090;-0.764100
0.681000;0.333300;0.190340;-0.735510
0.681500;0.229330;0.191810;-0.693780
0.682000;0.098080;0.192350;-0.614250
0.682500;-0.028566;0.217580;-0.541290
0.683000;-0.153760;0.233590;-0.470950
0.683500;-0.268120;0.226460;-0.412340
0.684000;-0.395830;0.238740;-0.368080
0.684500;-0.520150;0.251640;-0.332040
0.685000;-0.603170;0.248200;-0.277020
0.685500;-0.662200;0.232770;-0.217710
0.686000;-0.713950;0.245700;-0.136510
0.686500;-0.716180;0.260550;-0.094242
0.687000;-0.663200;0.213830;-0.057423
0.687500;-0.630030;0.216250;-0.016277
0.688000;-0.541950;0.222090;0.020869
0.688500;-0.507520;0.251280;0.022295
0.689000;-0.428040;0.213690;0.047167
0.689500;-0.347250;0.198090;0.062345
0.690000;-0.318100;0.259290;0.023597
0.690500;-0.291300;0.254970;0.011311
0.691000;-0.279360;0.227770;0.047417
0.691500;-0.318670;0.272870;0.067276
0.692000;-0.371300;0.318410;0.089230
0.692500;-0.389350;0.314220;0.131390
0.693000;-0.423990;0.352100;0.155700
0.693500;-0.465230;0.384040;0.187700
0.694000;-0.486140;0.394720;0.243150
0.694500;-0.499410;0.417160;0.294790
0.695000;-0.512380;0.439340;0.340840
0.695500;-0.520160;0.459490;0.385740
0.696000;-0.517950;0.486070;0.417070
0.696500;-0.509370;0.501590;0.440930
0.697000;-0.470800;0.517840;0.462570
0.697500;-0.419990;0.547550;0.428000
0.698000;-0.351250;0.531710;0.354880
0.698500;-0.263230;0.520120;0.301120
0.699000;-0.177570;0.599010;0.198940
0.699500;-0.037550;0.565770;0.109010
0.700000;0.066582;0.521910;0.028965
0.700500;0.197730;0.556160;-0.012900
0.701000;0.285350;0.579720;-0.086910
0.701500;0.418140;0.552150;-0.097586
0.702000;0.507080;0.548630;-0.105280
0.702500;0.532280;0.580770;-0.162500
0.703000;0.558690;0.550630;-0.169620
0.703500;0.541750;0.520890;-0.158400
0.704000;0.481260;0.535170;-0.131310
0.704500;0.416120;0.513770;-0.090351
0.705000;0.326980;0.497490;-0.055202
0.705500;0.200890;0.513000;-0.030563
0.706000;0.115480;0.468500;0.023011
0.706500;0.016467;0.457140;0.077587
0.707000;-0.091275;0.461040;0.133720
0.707500;-0.172900;0.433530;0.186910
0.708000;-0.223450;0.410240;0.238950
0.708500;-0.266950;0.415610;0.284130
0.709000;-0.273640;0.397000;0.302790
0.709500;-0.242100;0.377350;0.295420
0.710000;-0.212180;0.392100;0.237780
0.710500;-0.128830;0.380070;0.163180
0.711000;-0.035105;0.375460;0.074011
0.711500;0.056787;0.371730;-0.059707
0.712000;0.166990;0.350870;-0.170800
0.712500;0.249390;0.329060;-0.272290
0.713000;0.274550;0.334860;-0.352720
0.713500;0.280580;0.322890;-0.410190
0.714000;0.248100;0.303580;-0.408880
0.714500;0.157120;0.301230;-0.411270
0.715000;0.055009;0.286620;-0.382550
0.715500;-0.054316;0.269510;-0.310820
0.716000;-0.177280;0.248420;-0.231230
0.716500;-0.290920;0.227460;-0.124640
0.717000;-0.388490;0.193580;-0.051027
0.717500;-0.487770;0.191980;0.020308
0.718000;-0.546100;0.168200;0.073558
0.718500;-0.577450;0.138570;0.135680
0.719000;-0.602220;0.128660;0.186640
0.719500;-0.584370;0.117690;0.223280
0.720000;-0.540160;0.113350;0.257150
0.720500;-0.491680;0.099607;0.278440
0.721000;-0.413940;0.103430;0.288750
0.721500;-0.338900;0.105600;0.278500
0.722000;-0.255240;0.117700;0.254620
0.722500;-0.158350;0.129690;0.203890
0.723000;-0.065689;0.139600;0.153030
0.723500;0.025250;0.152040;0.095235
0.724000;0.124380;0.148940;0.031165
0.724500;0.179100;0.163540;-0.029019
0.725000;0.206480;0.178100;-0.068224
0.725500;0.213350;0.190830;-0.109840
0.726000;0.168770;0.200330;-0.141760
0.726500;0.121160;0.200380;-0.148900
0.727000;0.068925;0.211820;-0.139970
0.727500;-0.010102;0.224240;-0.113220
0.728000;-0.100040;0.227970;-0.060018
0.728500;-0.179310;0.229030;-0.006406
0.729000;-0.265060;0.247700;0.046740
0.729500;-0.341690;0.255160;0.105700
0.730000;-0.406100;0.264800;0.163620
0.730500;-0.454760;0.267380;0.195630
0.731000;-0.479000;0.275460;0.221530
0.731500;-0.492850;0.285970;0.229790
0.732000;-0.456420;0.280630;0.212140
0.732500;-0.385350;0.275620;0.193130
0.733000;-0.317430;0.270750;0.143140
0.733500;-0.225530;0.257520;0.095543
0.734000;-0.137590;0.245790;0.039452
0.734500;-0.065142;0.240060;-0.001150
0.735000;0.002627;0.232370;-0.030983
0.735500;0.034053;0.231750;-0.065118
0.736000;0.024361;0.240350;-0.079088
0.736500;0.006823;0.236150;-0.111160
0.737000;-0.024997;0.239700;-0.129190
0.737500;-0.071905;0.230530;-0.130470
0.738000;-0.106530;0.209440;-0.118300
0.738500;-0.143380;0.207100;-0.101810
0.739000;-0.180970;0.195290;-0.078624
0.739500;-0.204060;0.179200;-0.048067
0.740000;-0.235950;0.168660;0.001869
0.740500;-0.253180;0.166070;0.082489
0.741000;-0.278260;0.161910;0.154310
0.741500;-0.274500;0.152400;0.227910
0.742000;-0.264470;0.150580;0.292230
0.742500;-0.239310;0.140770;0.348860
0.743000;-0.210130;0.137490;0.394670
0.743500;-0.191540;0.138810;0.412210
0.744000;-0.167090;0.130760;0.437340
0.744500;-0.161960;0.137170;0.442580
0.745000;-0.158800;0.133930;0.418250
0.745500;-0.152230;0.110570;0.381270
0.746000;-0.132770;0.093615;0.322930
0.746500;-0.132320;0.091575;0.256770
0.747000;-0.116290;0.072484;0.191910
0.747500;-0.092661;0.068530;0.136700
0.748000;-0.056206;0.058722;0.049216
0.748500;-0.010332;0.051317;-0.018165
0.749000;0.055013;0.037347;-0.080628
0.749500;0.117910;0.017895;-0.111060
0.750000;0.165320;0.004697;-0.125700
0.750500;0.206840;-0.010262;-0.127680
0.751000;0.215960;-0.029234;-0.107190
0.751500;0.219700;-0.049884;-0.084404
0.752000;0.176890;-0.072012;-0.043497
0.752500;0.111960;-0.076730;-0.001683
0.753000;0.021495;-0.094622;0.053665
0.753500;-0.071497;-0.106410;0.104340
0.754000;-0.162280;-0.131830;0.142230
0.754500;-0.243840;-0.149530;0.167650
0.755000;-0.308700;-0.172980;0.186280
0.755500;-0.354790;-0.187060;0.213350
0.756000;-0.382390;-0.194640;0.234450
0.756500;-0.391900;-0.203830;0.234140
0.757000;-0.378610;-0.224090;0.212890
0.757500;-0.329260;-0.244080;0.177580
0.758000;-0.277730;-0.243700;0.134910
0.758500;-0.227690;-0.265480;0.085937
0.759000;-0.158360;-0.289430;0.059807
0.759500;-0.093452;-0.293770;0.032727
0.760000;-0.053675;-0.287540;0.010971
0.760500;-0.022483;-0.286450;-0.015389
0.761000;-0.008640;-0.280210;-0.052318
0.761500;-0.026349;-0.275680;-0.065757
0.762000;-0.049783;-0.270180;-0.064977
0.762500;-0.107620;-0.251880;-0.039858
0.763000;-0.177410;-0.237180;0.001519
0.763500;-0.269410;-0.209480;0.036706
0.764000;-0.356100;-0.190280;0.066760
0.764500;-0.442470;-0.182850;0.083320
0.765000;-0.498590;-0.168370;0.103780
0.765500;-0.531090;-0.166260;0.117310
0.766000;-0.560260;-0.145010;0.128550
0.766500;-0.544020;-0.142760;0.120130
0.767000;-0.525700;-0.126990;0.085345
0.767500;-0.511720;-0.099612;0.038378
0.768000;-0.458150;-0.094242;-0.008487
0.768500;-0.388190;-0.077878;-0.064884
0.769000;-0.289350;-0.061160;-0.131450
0.769500;-0.162520;-0.039189;-0.227030
0.770000;-0.009287;-0.015668;-0.343800
0.770500;0.159620;-0.007403;-0.448510
0.771000;0.339400;0.003438;-0.546640
0.771500;0.517820;0.022438;-0.629770
0.772000;0.677130;0.008560;-0.712500
0.772500;0.809700;0.015880;-0.780500
0.773000;0.906520;0.017622;-0.842500
0.773500;0.969820;-0.001963;-0.861560
0.774000;0.969890;0.009073;-0.866720
0.774500;0.917340;0.020917;-0.862220
0.775000;0.859260;0.000083;-0.829820
0.775500;0.761740;-0.010842;-0.783160
0.776000;0.657360;-0.016251;-0.723030
0.776500;0.556710;-0.031397;-0.655910
0.777000;0.462090;-0.058312;-0.602800
0.777500;0.332930;-0.070372;-0.538020
0.778000;0.205130;-0.074187;-0.466380
0.778500;0.105200;-0.097045;-0.412760
0.779000;0.002331;-0.103360;-0.367080
0.779500;-0.080681;-0.130680;-0.321560
0.780000;-0.128650;-0.150660;-0.296740
0.780500;-0.162110;-0.159540;-0.312000
0.781000;-0.150700;-0.190290;-0.329970
0.781500;-0.109350;-0.216110;-0.363530
0.782000;-0.056468;-0.225190;-0.412620
0.782500;0.005712;-0.257470;-0.461280
0.783000;0.080943;-0.270160;-0.497180
0.783500;0.154070;-0.288430;-0.538060
0.784000;0.212610;-0.305020;-0.538700
0.784500;0.245350;-0.304220;-0.537070
0.785000;0.254710;-0.293870;-0.526560
0.785500;0.256790;-0.290440;-0.502250
0.786000;0.218510;-0.276300;-0.486500
0.786500;0.151330;-0.252860;-0.446340
0.787000;0.091809;-0.250030;-0.404360
0.787500;0.005769;-0.233520;-0.348740
0.788000;-0.071191;-0.225530;-0.291070
0.788500;-0.140600;-0.229970;-0.241130
0.789000;-0.202370;-0.250830;-0.174480
0.789500;-0.246250;-0.247550;-0.095053
0.790000;-0.277740;-0.250880;-0.018204
0.790500;-0.282340;-0.266050;0.066311
0.791000;-0.281580;-0.267380;0.125160
0.791500;-0.271570;-0.267340;0.167050
0.792000;-0.228390;-0.287810;0.220690
0.792500;-0.194310;-0.294110;0.260080
0.793000;-0.156900;-0.302350;0.327780
0.793500;-0.108660;-0.313880;0.392300
0.794000;-0.069475;-0.323050;0.460590
0.794500;-0.052208;-0.320800;0.515350
0.795000;-0.031091;-0.320380;0.565260
0.795500;-0.011446;-0.327890;0.614670
0.796000;0.007380;-0.330250;0.661090
0.796500;0.044016;-0.331520;0.685220
0.797000;0.088981;-0.331170;0.687700
0.797500;0.142400;-0.343430;0.678860
0.798000;0.165540;-0.325810;0.655010
0.798500;0.157160;-0.322790;0.636080
0.799000;0.148360;-0.307190;0.630470
0.799500;0.105950;-0.281810;0.639480
0.800000;0.049452;-0.252550;0.663030
0.800500;-0.020236;-0.240480;0.683690
0.801000;-0.085151;-0.235210;0.703320
0.801500;-0.169340;-0.221910;0.733070
0.802000;-0.243850;-0.213250;0.751070
0.802500;-0.333930;-0.202010;0.777800
0.803000;-0.404170;-0.191560;0.775230
0.803500;-0.429410;-0.194520;0.756570
0.804000;-0.439260;-0.190200;0.711950
0.804500;-0.418130;-0.187740;0.639320
0.805000;-0.355650;-0.193390;0.585370
0.805500;-0.287010;-0.192470;0.521750
0.806000;-0.219400;-0.179000;0.478950
0.806500;-0.132240;-0.179930;0.440810
0.807000;-0.049175;-0.180640;0.418940
0.807500;-0.004519;-0.169510;0.408110
0.808000;0.052876;-0.168810;0.408030
0.808500;0.103380;-0.161310;0.410130
0.809000;0.133560;-0.159090;0.422630
0.809500;0.156330;-0.158550;0.436550
0.810000;0.162250;-0.153780;0.430480
0.810500;0.164640;-0.157940;0.414580
0.811000;0.166100;-0.163010;0.391610
0.811500;0.150070;-0.171750;0.371760
0.812000;0.122540;-0.179940;0.354100
0.812500;0.105380;-0.192300;0.349050
0.813000;0.087125;-0.204310;0.353250
0.813500;0.065747;-0.212480;0.365270
0.814000;0.049080;-0.217380;0.395780
0.814500;0.029571;-0.212290;0.421930
0.815000;0.008738;-0.212050;0.443900
0.815500;-0.006566;-0.209570;0.467320
0.816000;-0.019926;-0.196380;0.470190
0.816500;-0.031886;-0.172740;0.457510
0.817000;-0.019879;-0.170110;0.413360
0.817500;0.015222;-0.161140;0.360240
0.818000;0.067204;-0.140340;0.281430
0.818500;0.138940;-0.121490;0.201120
0.819000;0.244650;-0.100630;0.104340
0.819500;0.335400;-0.078359;-0.005184
0.820000;0.432670;-0.065487;-0.102070
0.820500;0.522030;-0.053540;-0.194780
0.821000;0.566970;-0.025961;-0.274380
0.821500;0.589590;-0.004255;-0.324060
0.822000;0.588570;0.009635;-0.341450
0.822500;0.549800;0.025706;-0.336710
0.823000;0.471830;0.046967;-0.323620
0.823500;0.383180;0.045652;-0.299880
0.824000;0.290030;0.037313;-0.256250
0.824500;0.176230;0.037880;-0.204400
0.825000;0.053741;0.020588;-0.148400
0.825500;-0.092608;0.018907;-0.107950
0.826000;-0.210300;-0.006307;-0.083545
0.826500;-0.323790;-0.042929;-0.050673
0.827000;-0.438060;-0.030977;-0.043958
0.827500;-0.494900;-0.002257;-0.043203
0.828000;-0.515410;-0.055335;-0.064660
0.828500;-0.495480;-0.027898;-0.073263
0.829000;-0.471920;-0.020746;-0.155850
0.829500;-0.355880;-0.076052;-0.199130
0.830000;-0.238200;-0.069552;-0.239680
0.830500;-0.153670;-0.061275;-0.286110
0.831000;-0.045184;-0.094392;-0.262260
0.831500;0.004608;-0.088101;-0.276400
0.832000;0.007340;-0.049764;-0.276050
0.832500;0.017416;-0.053892;-0.253250
0.833000;0.021178;-0.076869;-0.216510
0.833500;-0.037656;-0.057815;-0.170630
0.834000;-0.096700;-0.040773;-0.130810
0.834500;-0.167910;-0.050218;-0.101400
0.835000;-0.258130;-0.032639;-0.057969
0.835500;-0.356370;-0.012655;-0.017605
0.836000;-0.438480;-0.019416;0.049785
0.836500;-0.512370;-0.004403;0.110300
0.837000;-0.561400;0.011128;0.169360
0.837500;-0.586540;0.022156;0.252410
0.838000;-0.590820;0.055008;0.304630
0.838500;-0.567770;0.064722;0.372260
0.839000;-0.519430;0.088942;0.420450
0.839500;-0.479380;0.132830;0.427890
0.840000;-0.418330;0.150780;0.423580
0.840500;-0.314160;0.152570;0.398570
0.841000;-0.238800;0.177740;0.342920
0.841500;-0.149350;0.183760;0.269130
0.842000;-0.066217;0.182930;0.206340
0.842500;-0.014796;0.190590;0.138300
0.843000;0.053987;0.175090;0.106860
0.843500;0.123540;0.170150;0.064119
0.844000;0.167340;0.152520;0.040123
0.844500;0.208880;0.149890;0.027222
0.845000;0.227080;0.135180;0.037738
0.845500;0.234010;0.123950;0.072526
0.846000;0.239880;0.117020;0.107950
0.846500;0.240700;0.103690;0.144260
0.847000;0.205600;0.111720;0.174160
0.847500;0.172110;0.108270;0.172050
0.848000;0.118010;0.098590;0.190220
0.848500;0.050881;0.100210;0.176440
0.849000;-0.008365;0.099197;0.137520
0.849500;-0.085255;0.083662;0.092345
0.850000;-0.153730;0.070724;0.046670
0.850500;-0.221050;0.064243;0.001976
0.851000;-0.267140;0.051906;-0.039406
0.851500;-0.294380;0.037052;-0.088656
0.852000;-0.303150;0.009005;-0.142260
0.852500;-0.291700;-0.001799;-0.185830
0.853000;-0.274110;-0.020963;-0.251390
0.853500;-0.236050;-0.046761;-0.273170
0.854000;-0.191770;-0.064983;-0.311250
0.854500;-0.160110;-0.078495;-0.322760
0.855000;-0.113020;-0.098754;-0.328800
0.855500;-0.061608;-0.105150;-0.339430
0.856000;-0.020634;-0.100160;-0.343790
0.856500;0.026828;-0.132140;-0.353730
0.857000;0.056080;-0.120820;-0.350560
0.857500;0.071055;-0.096588;-0.359110
0.858000;0.105150;-0.131950;-0.338160
0.858500;0.084242;-0.135750;-0.316650
0.859000;0.074225;-0.115860;-0.269900
0.859500;0.020611;-0.098865;-0.254760
0.860000;-0.007457;-0.132520;-0.184080
0.860500;-0.033025;-0.125420;-0.112490
0.861000;-0.073596;-0.066680;-0.091110
0.861500;-0.061149;-0.101810;-0.014907
0.862000;-0.041194;-0.099127;0.066978
0.862500;-0.050198;-0.059686;0.107830
0.863000;-0.041232;-0.057256;0.171050
0.863500;-0.000040;-0.069724;0.199080
0.864000;0.000549;-0.045594;0.230760
0.864500;0.011080;-0.052802;0.239190
0.865000;0.010274;-0.033483;0.241520
0.865500;0.017183;-0.034443;0.214430
0.866000;0.027607;-0.034234;0.205390
0.866500;0.043236;-0.022668;0.158640
0.867000;0.075756;-0.005243;0.142650
0.867500;0.123020;-0.003209;0.130690
0.868000;0.200790;-0.001763;0.129310
0.868500;0.255100;0.032468;0.116830
0.869000;0.316620;0.048708;0.103870
0.869500;0.382560;0.067368;0.123130
0.870000;0.404150;0.105730;0.115730
0.870500;0.404730;0.139540;0.132710
0.871000;0.391910;0.152750;0.155090
0.871500;0.348720;0.171050;0.194990
0.872000;0.296950;0.172420;0.210240
0.872500;0.230550;0.159260;0.233450
0.873000;0.122800;0.157960;0.243290
0.873500;-0.006828;0.149670;0.278420
0.874000;-0.151840;0.147010;0.320910
0.874500;-0.309340;0.138220;0.341150
0.875000;-0.452710;0.114870;0.349000
0.875500;-0.584780;0.087398;0.366390
0.876000;-0.668190;0.063212;0.361700
0.876500;-0.699310;0.040733;0.354560
0.877000;-0.684300;0.016261;0.331150
0.877500;-0.624270;0.006499;0.289830
0.878000;-0.533280;-0.002880;0.234900
0.878500;-0.406560;-0.000782;0.170530
0.879000;-0.281370;0.015040;0.098231
0.879500;-0.145030;0.025911;0.024790
0.880000;-0.007496;0.027916;-0.019684
0.880500;0.104900;0.031446;-0.051587
0.881000;0.191940;0.044064;-0.058916
0.881500;0.252810;0.060366;-0.066680
0.882000;0.272330;0.086738;-0.062708
0.882500;0.274880;0.098725;-0.070217
0.883000;0.236590;0.118320;-0.063397
0.883500;0.179460;0.123610;-0.067264
0.884000;0.124190;0.114070;-0.037776
0.884500;0.039297;0.116400;-0.000235
0.885000;-0.048660;0.117870;0.045400
0.885500;-0.121890;0.116110;0.110290
0.886000;-0.172490;0.119030;0.173530
0.886500;-0.191540;0.134150;0.232990
0.887000;-0.169390;0.135880;0.269970
0.887500;-0.120220;0.134540;0.308190
0.888000;-0.012474;0.124540;0.320790
0.888500;0.113370;0.112600;0.309990
0.889000;0.231730;0.103810;0.290210
0.889500;0.330890;0.098737;0.285320
0.890000;0.406270;0.106440;0.274290
0.890500;0.448540;0.117380;0.256070
0.891000;0.496880;0.114660;0.222760
0.891500;0.529830;0.124880;0.178900
0.892000;0.552640;0.120560;0.143210
0.892500;0.577610;0.108110;0.120240
0.893000;0.587360;0.106800;0.077335
0.893500;0.568900;0.113860;0.042575
0.894000;0.511080;0.125070;0.013286
0.894500;0.437860;0.137110;-0.008475
0.895000;0.367760;0.138950;-0.011895
0.895500;0.283460;0.145140;-0.001890
0.896000;0.193300;0.161800;0.028227
0.896500;0.107480;0.163890;0.036654
0.897000;0.018949;0.162250;0.029315
0.897500;-0.069721;0.146850;0.019293
0.898000;-0.165330;0.156750;0.019151
0.898500;-0.269780;0.144370;0.016794
0.899000;-0.356190;0.140720;-0.000130
0.899500;-0.447890;0.143440;-0.069879
0.900000;-0.511800;0.143240;-0.158820
0.900500;-0.538260;0.119630;-0.241800
0.901000;-0.520440;0.097417;-0.307430
0.901500;-0.470110;0.079848;-0.349420
0.902000;-0.398070;0.069504;-0.400020
0.902500;-0.334170;0.055877;-0.441750
0.903000;-0.248220;0.034411;-0.463780
0.903500;-0.158770;0.006856;-0.463190
0.904000;-0.097425;-0.015267;-0.435250
0.904500;-0.059660;-0.015291;-0.392210
0.905000;-0.050071;-0.015626;-0.365540
0.905500;-0.061591;-0.013942;-0.332230
0.906000;-0.078320;-0.045172;-0.271450
0.906500;-0.133540;-0.022798;-0.204380
0.907000;-0.198120;-0.020701;-0.133480
0.907500;-0.272130;-0.039696;-0.036568
0.908000;-0.361030;-0.018602;0.059426
0.908500;-0.419090;0.024116;0.150810
0.909000;-0.457060;-0.018487;0.225270
0.909500;-0.463600;-0.007150;0.325030
0.910000;-0.476950;0.028793;0.360840
0.910500;-0.412960;-0.006899;0.408270
0.911000;-0.341180;0.012753;0.463940
0.911500;-0.296400;0.060627;0.440280
0.912000;-0.221640;0.063100;0.444720
0.912500;-0.162710;0.072558;0.424840
0.913000;-0.101700;0.116180;0.417660
0.913500;-0.038137;0.147960;0.415220
0.914000;0.053348;0.145950;0.381970
0.914500;0.120460;0.180040;0.338080
0.915000;0.201290;0.189280;0.277730
0.915500;0.264750;0.203460;0.232710
0.916000;0.325130;0.204800;0.174180
0.916500;0.391830;0.205760;0.147520
0.917000;0.431950;0.210190;0.118740
0.917500;0.418880;0.226320;0.099732
0.918000;0.430580;0.214690;0.095143
0.918500;0.425050;0.213530;0.098345
0.919000;0.376920;0.240250;0.086665
0.919500;0.340790;0.214270;0.089492
0.920000;0.293920;0.213720;0.105170
0.920500;0.213280;0.224190;0.109900
0.921000;0.133550;0.200010;0.153040
0.921500;0.058504;0.190310;0.179510
0.922000;-0.020997;0.185500;0.205010
0.922500;-0.102510;0.156810;0.238130
0.923000;-0.200700;0.153470;0.256990
0.923500;-0.292740;0.141750;0.253280
0.924000;-0.348770;0.116400;0.265100
0.924500;-0.409780;0.113150;0.252640
0.925000;-0.450860;0.077663;0.238180
0.925500;-0.453500;0.088419;0.207110
0.926000;-0.407080;0.040912;0.147020
0.926500;-0.390360;0.055560;0.092917
0.927000;-0.327900;0.013481;0.031790
0.927500;-0.211440;-0.030996;-0.022842
0.928000;-0.156450;0.012469;-0.129790
0.928500;-0.085958;0.018261;-0.248250
0.929000;0.016287;-0.031075;-0.345800
0.929500;0.093786;-0.013869;-0.471570
0.930000;0.154610;0.018777;-0.566660
0.930500;0.227610;0.008314;-0.635060
0.931000;0.273120;0.027181;-0.708320
0.931500;0.284080;0.058466;-0.767140
0.932000;0.296520;0.065596;-0.780060
0.932500;0.272940;0.084749;-0.773660
0.933000;0.224920;0.107540;-0.753620
0.933500;0.186850;0.099342;-0.708920
0.934000;0.133030;0.103010;-0.683540
0.934500;0.068017;0.089082;-0.649610
0.935000;0.030319;0.056901;-0.582310
0.935500;-0.019407;0.051416;-0.509780
0.936000;-0.091976;0.050334;-0.431520
0.936500;-0.107440;0.019436;-0.335510
0.937000;-0.097250;0.018121;-0.270910
0.937500;-0.061288;0.024568;-0.232820
0.938000;0.021478;-0.007915;-0.184800
0.938500;0.125210;-0.016461;-0.147790
0.939000;0.235520;-0.001757;-0.126100
0.939500;0.362230;0.004045;-0.099109
0.940000;0.464370;0.031469;-0.076903
0.940500;0.577560;0.038918;-0.052459
0.941000;0.685760;0.037007;-0.008677
0.941500;0.750780;0.055532;0.031028
0.942000;0.788670;0.074911;0.070806
0.942500;0.804080;0.069928;0.114600
0.943000;0.761800;0.078408;0.166950
0.943500;0.659600;0.095816;0.223370
0.944000;0.526190;0.097308;0.290520
0.944500;0.356460;0.100150;0.361330
0.945000;0.164740;0.115290;0.421500
0.945500;-0.008462;0.112410;0.477940
0.946000;-0.180250;0.105120;0.520410
0.946500;-0.341420;0.100250;0.548240
0.947000;-0.461840;0.092728;0.566880
0.947500;-0.551460;0.094091;0.565490
0.948000;-0.600020;0.097407;0.535990
0.948500;-0.571230;0.081441;0.488240
0.949000;-0.498700;0.085858;0.427570
0.949500;-0.399040;0.089074;0.338950
0.950000;-0.273810;0.081407;0.248310
0.950500;-0.137290;0.091658;0.159510
0.951000;-0.002514;0.094718;0.083529
0.951500;0.109440;0.107010;0.037769
0.952000;0.185740;0.128820;-0.000571
0.952500;0.233270;0.151050;-0.012203
0.953000;0.254610;0.156460;-0.016601
0.953500;0.219010;0.163260;-0.013103
0.954000;0.157170;0.164040;-0.014223
0.954500;0.072077;0.143870;0.003158
0.955000;-0.028171;0.132510;0.029760
0.955500;-0.157620;0.107600;0.072474
0.956000;-0.281510;0.092138;0.130380
0.956500;-0.383350;0.073605;0.176570
0.957000;-0.452580;0.058531;0.230850
0.957500;-0.485530;0.054178;0.269720
0.958000;-0.472130;0.049217;0.306120
0.958500;-0.409640;0.040693;0.345620
0.959000;-0.294670;0.046541;0.377750
0.959500;-0.171490;0.055526;0.397160
0.960000;-0.029254;0.055973;0.415820
0.960500;0.100360;0.086582;0.420320
0.961000;0.232880;0.100900;0.438870
0.961500;0.346260;0.098732;0.454880
0.962000;0.414070;0.103670;0.470320
0.962500;0.466550;0.103960;0.488310
0.963000;0.496650;0.103290;0.503350
0.963500;0.502060;0.096761;0.517650
0.964000;0.485460;0.095390;0.534780
0.964500;0.478390;0.092030;0.527360
0.965000;0.420140;0.093709;0.523950
0.965500;0.365400;0.103150;0.509500
0.966000;0.316410;0.101170;0.502130
0.966500;0.242530;0.115830;0.516020
0.967000;0.175270;0.140400;0.541480
0.967500;0.129880;0.157930;0.554140
0.968000;0.095774;0.165550;0.549260
0.968500;0.070142;0.168740;0.529820
0.969000;0.061180;0.180840;0.498380
0.969500;0.073088;0.187220;0.474320
0.970000;0.105110;0.163780;0.420400
0.970500;0.111230;0.143010;0.390400
0.971000;0.078194;0.237950;0.350030
0.971500;0.112600;0.147460;0.301470
0.972000;0.089594;0.167750;0.292580
0.972500;0.041710;0.150990;0.225110
0.973000;0.050971;0.061946;0.219290
0.973500;0.006815;0.080455;0.172020
0.974000;-0.040877;0.055167;0.133430
0.974500;-0.066628;-0.011802;0.145180
0.975000;-0.144670;-0.025415;0.153750
0.975500;-0.238620;0.005924;0.170170
0.976000;-0.260640;-0.027640;0.194190
0.976500;-0.275340;-0.045878;0.194200
0.977000;-0.287900;-0.055868;0.161770
0.977500;-0.244350;-0.071133;0.133860
0.978000;-0.221870;-0.074519;0.071084
0.978500;-0.200720;-0.064900;0.026677
0.979000;-0.166460;-0.069271;-0.014855
0.979500;-0.116690;-0.071656;-0.036539
0.980000;-0.096381;-0.054429;-0.080002
0.980500;-0.045472;-0.078276;-0.123710
0.981000;-0.006418;-0.082229;-0.136490
0.981500;-0.001269;-0.069553;-0.157640
0.982000;0.022021;-0.088968;-0.101930
0.982500;0.006228;-0.076097;-0.068421
0.983000;-0.031270;-0.060898;-0.023274
0.983500;-0.065574;-0.090443;0.057529
0.984000;-0.124560;-0.082077;0.137300
0.984500;-0.201830;-0.073478;0.220440
0.985000;-0.230700;-0.089427;0.310030
0.985500;-0.279900;-0.058564;0.385840
0.986000;-0.303100;-0.039470;0.434880
0.986500;-0.286860;-0.027732;0.488730
0.987000;-0.236940;-0.002505;0.481010
0.987500;-0.158470;0.027538;0.461050
0.988000;-0.064796;0.040608;0.410940
0.988500;0.050094;0.038873;0.342580
0.989000;0.140030;0.067113;0.290240
0.989500;0.232080;0.089361;0.243080
0.990000;0.316270;0.110680;0.219770
0.990500;0.379720;0.130370;0.194530
0.991000;0.434760;0.137930;0.188200
0.991500;0.467430;0.141950;0.174100
0.992000;0.472420;0.134890;0.154870
0.992500;0.449080;0.115900;0.161940
0.993000;0.383100;0.106010;0.184700
0.993500;0.295990;0.091453;0.226030
0.994000;0.159420;0.074454;0.274410
0.994500;0.008974;0.084138;0.339990
0.995000;-0.137990;0.084279;0.389000
0.995500;-0.237400;0.062462;0.436500
0.996000;-0.313130;0.058997;0.464460
0.996500;-0.332550;0.038718;0.440010
0.997000;-0.308380;0.007998;0.421060
0.997500;-0.267060;-0.009527;0.386800
0.998000;-0.202640;0.011635;0.345570
0.998500;-0.138640;0.017242;0.281450
0.999000;-0.031247;-0.004509;0.200370
0.999500;0.034463;0.016069;0.111920
1.000000;0.111750;0.007176;0.001510
1.000500;0.212310;-0.026407;-0.082992
1.000999;0.283200;-0.050020;-0.169010
1.001500;0.334230;-0.078538;-0.221120
1.002000;0.364010;-0.109130;-0.263970
1.002500;0.336350;-0.136990;-0.301940
1.002999;0.275030;-0.169900;-0.309790
1.003500;0.200400;-0.209210;-0.304030
1.004000;0.103490;-0.240760;-0.277820
1.004500;0.030154;-0.287930;-0.237490
1.004999;-0.045310;-0.316520;-0.183640
1.005500;-0.107630;-0.337020;-0.143280
1.006000;-0.137710;-0.366890;-0.089237
1.006500;-0.165150;-0.370580;-0.044561
1.006999;-0.170310;-0.372950;-0.008084
1.007500;-0.128490;-0.380790;0.026530
1.008000;-0.068844;-0.383550;0.044804
1.008500;0.005675;-0.381830;0.057276
1.008999;0.049542;-0.371940;0.081093
1.009500;0.109090;-0.363160;0.116160
1.010000;0.186780;-0.367120;0.160670
1.010500;0.216800;-0.361810;0.184170
1.010999;0.226900;-0.361310;0.183870
1.011500;0.269210;-0.385890;0.177460
1.012000;0.287260;-0.384500;0.169880
1.012500;0.291160;-0.394210;0.193660
1.012999;0.303970;-0.390160;0.231290
1.013500;0.298260;-0.377020;0.250640
1.014000;0.301920;-0.377190;0.293500
1.014500;0.285480;-0.361180;0.331370
1.014999;0.250790;-0.342410;0.375280
1.015500;0.224820;-0.331410;0.450770
1.016000;0.180260;-0.318000;0.523200
1.016500;0.104360;-0.290130;0.614240
1.016999;0.041767;-0.279010;0.704870
1.017500;-0.027040;-0.262620;0.781100
1.018000;-0.124840;-0.250250;0.855940
1.018500;-0.211120;-0.258540;0.910420
1.018999;-0.295940;-0.258090;0.922300
1.019500;-0.379240;-0.270470;0.914640
1.020000;-0.461870;-0.267110;0.895700
1.020500;-0.515700;-0.267170;0.865120
1.020999;-0.522580;-0.272350;0.834860
1.021500;-0.503170;-0.260140;0.790040
1.022000;-0.470550;-0.246480;0.747080
1.022500;-0.407210;-0.235860;0.696450
1.022999;-0.325120;-0.228000;0.625540
1.023500;-0.244060;-0.212570;0.543540
1.024000;-0.165400;-0.199690;0.455020
1.024500;-0.081866;-0.203660;0.383240
1.024999;-0.009285;-0.200530;0.341990
1.025500;0.048003;-0.199970;0.300360
1.026000;0.101900;-0.203540;0.253530
1.026500;0.137030;-0.194770;0.192460
1.026999;0.173640;-0.202800;0.126370
1.027500;0.210130;-0.216810;0.084598
1.028000;0.236030;-0.225790;0.035296
1.028500;0.249660;-0.214180;0.009208
1.028999;0.248710;-0.210780;-0.013751
1.029500;0.229340;-0.209190;-0.019136
1.030000;0.206500;-0.200310;-0.017099
1.030500;0.188670;-0.192560;-0.030156
1.030999;0.161820;-0.184570;-0.031678
1.031500;0.170890;-0.199760;-0.032271
1.032000;0.209330;-0.208020;-0.018175
1.032500;0.253210;-0.214590;-0.007004
1.032999;0.323260;-0.227890;0.007659
1.033500;0.395170;-0.235580;0.009575
1.034000;0.468760;-0.248500;-0.000279
1.034500;0.535810;-0.255850;0.003302
1.034999;0.586930;-0.258340;-0.005154
1.035500;0.649280;-0.252790;-0.012969
1.036000;0.700220;-0.242920;-0.041778
1.036500;0.748430;-0.231740;-0.077218
1.036999;0.768550;-0.213810;-0.128850
1.037500;0.790470;-0.202040;-0.187650
1.038000;0.800640;-0.191550;-0.251310
1.038500;0.770600;-0.177030;-0.317350
1.038999;0.739910;-0.158490;-0.367100
1.039500;0.711590;-0.138890;-0.414560
1.040000;0.672580;-0.114140;-0.468330
1.040500;0.624740;-0.104750;-0.510690
1.040999;0.571380;-0.092465;-0.544690
1.041500;0.533680;-0.080224;-0.570700
1.042000;0.515420;-0.084087;-0.581830
1.042500;0.485580;-0.079225;-0.566990
1.042999;0.458850;-0.088523;-0.557870
1.043500;0.436190;-0.113930;-0.539880
1.044000;0.371440;-0.117390;-0.517960
1.044500;0.291910;-0.096663;-0.481500
1.044999;0.245970;-0.177520;-0.463610
1.045500;0.136590;-0.140900;-0.415800
1.046000;0.101890;-0.182600;-0.395010
1.046500;0.004924;-0.181480;-0.391010
1.046999;-0.031538;-0.247420;-0.335260
1.047500;-0.026827;-0.298190;-0.271740
1.048000;-0.088135;-0.252660;-0.273530
1.048500;-0.087440;-0.304990;-0.227730
1.049000;-0.073389;-0.342950;-0.184180
1.049500;-0.092623;-0.323430;-0.193500
1.050000;-0.094541;-0.330750;-0.168210
1.050500;-0.041986;-0.352860;-0.141020
1.051000;-0.013877;-0.340680;-0.118710
1.051500;0.000900;-0.337470;-0.099045
1.052000;0.014219;-0.333700;-0.068311
1.052500;0.007350;-0.317390;-0.076647
1.053000;-0.018232;-0.318840;-0.065527
1.053500;-0.057985;-0.328060;-0.031941
1.054000;-0.097035;-0.309410;0.033382
1.054500;-0.138680;-0.313030;0.092935
1.055000;-0.153600;-0.327950;0.189590
1.055500;-0.199220;-0.299120;0.272080
1.056000;-0.258000;-0.294180;0.362390
1.056500;-0.264220;-0.306570;0.471920
1.057000;-0.317570;-0.252540;0.523180
1.057500;-0.380670;-0.202720;0.557920
1.058000;-0.387740;-0.191480;0.586640
1.058500;-0.384850;-0.147820;0.584790
1.059000;-0.348490;-0.111570;0.586050
1.059500;-0.254220;-0.090313;0.584850
1.060000;-0.165950;-0.040071;0.556250
1.060500;-0.038539;-0.021337;0.517710
1.061000;0.107400;-0.012174;0.483320
1.061500;0.229880;0.012772;0.447470
1.062000;0.354870;0.024766;0.433660
1.062500;0.450510;0.032672;0.461310
1.063000;0.501600;0.049905;0.500420
1.063500;0.524620;0.071177;0.529090
1.064000;0.528710;0.061310;0.570340
1.064500;0.517230;0.048902;0.613310
1.065000;0.458040;0.059235;0.641010
1.065500;0.383720;0.049907;0.673660
1.066000;0.306800;0.035901;0.734170
1.066500;0.203020;0.038076;0.799790
1.067000;0.089586;0.022586;0.870220
1.067500;-0.036769;0.014350;0.916960
1.068000;-0.156380;0.000786;0.971030
1.068500;-0.251200;-0.012835;1.023200
1.069000;-0.335800;-0.016323;1.044800
1.069500;-0.383920;-0.033235;1.032900
1.070000;-0.396000;-0.043868;0.992750
1.070500;-0.382650;-0.048883;0.921670
1.071000;-0.344300;-0.058484;0.855330
1.071500;-0.313850;-0.062399;0.765460
1.072000;-0.290550;-0.074855;0.658830
1.072500;-0.253990;-0.098094;0.545700
1.073000;-0.206650;-0.087779;0.436910
1.073500;-0.134350;-0.133910;0.326880
1.074000;-0.086008;-0.128220;0.235270
1.074500;-0.046794;-0.149750;0.128420
1.075000;0.039200;-0.203700;0.067886
1.075500;0.079196;-0.197570;0.001073
1.076000;0.120660;-0.214460;-0.057704
1.076500;0.171400;-0.250520;-0.084479
1.077000;0.189440;-0.256750;-0.127010
1.077500;0.193550;-0.255290;-0.137730
1.078000;0.198850;-0.256300;-0.126200
1.078500;0.181830;-0.237640;-0.108480
1.079000;0.171880;-0.221720;-0.108800
1.079500;0.171780;-0.218330;-0.113090
1.080000;0.160280;-0.214930;-0.123780
1.080500;0.144470;-0.212540;-0.122790
1.081000;0.120510;-0.216880;-0.087638
1.081500;0.112590;-0.236080;-0.038365
1.082000;0.081436;-0.227420;0.011175
1.082500;0.045723;-0.229370;0.066681
1.083000;0.057522;-0.249720;0.119630
1.083500;0.069531;-0.239740;0.140600
1.084000;0.099837;-0.261750;0.169600
1.084500;0.147550;-0.263040;0.197490
1.085000;0.212760;-0.247810;0.189140
1.085500;0.289040;-0.231720;0.182710
1.086000;0.363490;-0.207830;0.157320
1.086500;0.417210;-0.173980;0.120500
1.087000;0.481830;-0.149990;0.083592
1.087500;0.556100;-0.129240;0.043065
1.088000;0.590770;-0.097623;0.017947
1.088500;0.603500;-0.077668;0.012295
1.089000;0.619500;-0.062650;0.016210
1.089500;0.591810;-0.049208;0.038046
1.090000;0.533000;-0.043728;0.087756
1.090500;0.430640;-0.018989;0.148060
1.091000;0.304620;-0.007409;0.207900
1.091500;0.154100;0.006138;0.251580
1.092000;-0.006559;0.019224;0.260600
1.092500;-0.171680;0.038621;0.266080
1.093000;-0.335800;0.047307;0.270580
1.093500;-0.464310;0.061590;0.284240
1.094000;-0.578630;0.069183;0.273340
1.094500;-0.642030;0.076801;0.256850
1.095000;-0.649890;0.072492;0.239230
1.095500;-0.615410;0.068367;0.239060
1.096000;-0.564190;0.078966;0.223940
1.096500;-0.476600;0.083021;0.201470
1.097000;-0.374690;0.075697;0.203710
1.097500;-0.275710;0.085517;0.194810
1.098000;-0.174470;0.089384;0.183280
1.098500;-0.085079;0.087274;0.169070
1.099000;-0.013721;0.088651;0.138100
1.099500;0.030861;0.077213;0.096377
1.100000;0.038456;0.069792;0.054387
1.100500;0.037712;0.061899;0.015075
1.101000;0.034491;0.061436;-0.010438
1.101500;-0.004304;0.057586;-0.017212
1.102000;-0.026676;0.038141;-0.014349
1.102500;-0.023254;0.018361;-0.005465
1.103000;-0.020330;0.010008;0.004479
1.103500;-0.007830;0.009726;0.026093
1.104000;0.040597;-0.006597;0.036956
1.104500;0.094035;-0.025148;0.065273
1.105000;0.147670;-0.026267;0.065799
1.105500;0.193170;-0.014641;0.065921
1.106000;0.246180;-0.025324;0.057536
1.106500;0.319290;-0.038017;0.029814
1.107000;0.355820;-0.040142;-0.016646
1.107500;0.384460;-0.037993;-0.068789
1.108000;0.415150;-0.042822;-0.134790
1.108500;0.452620;-0.048413;-0.200680
1.109000;0.496890;-0.057021;-0.265340
1.109500;0.530610;-0.057380;-0.320390
1.110000;0.555020;-0.048979;-0.375420
1.110500;0.582720;-0.049644;-0.432150
1.111000;0.590560;-0.053144;-0.465500
1.111500;0.564500;-0.045875;-0.490770
1.112000;0.539930;-0.042944;-0.491190
1.112500;0.512050;-0.045499;-0.464850
1.113000;0.464180;-0.053321;-0.423660
1.113500;0.382920;-0.001217;-0.373820
1.114000;0.308430;0.050314;-0.334830
1.114500;0.286960;-0.055061;-0.244430
1.115000;0.162020;-0.018764;-0.205230
1.115500;0.050263;0.077031;-0.126130
1.116000;-0.021891;-0.098322;-0.089989
1.116500;-0.191210;-0.043583;0.072071
1.117000;-0.354860;-0.097506;0.133530
1.117500;-0.425100;-0.202840;0.267310
1.118000;-0.574740;-0.110080;0.341960
1.118500;-0.656770;-0.132300;0.380280
1.119000;-0.670810;-0.180890;0.447860
1.119500;-0.706610;-0.196520;0.435800
1.120000;-0.741570;-0.136600;0.460990
1.120500;-0.731210;-0.166280;0.456600
1.121000;-0.667690;-0.194820;0.442710
1.121500;-0.654250;-0.150960;0.398020
1.122000;-0.595170;-0.147220;0.390120
1.122500;-0.541030;-0.129040;0.308730
1.123000;-0.468970;-0.090844;0.216780
1.123500;-0.363150;-0.091447;0.126100
1.124000;-0.250700;-0.085592;0.051214
1.124500;-0.187280;-0.025103;-0.030147
1.125000;-0.084802;-0.032840;-0.091094
1.125500;0.009313;-0.038996;-0.098315
1.126000;-0.011146;0.018321;-0.147950
1.126500;0.002198;-0.002226;-0.117770
1.127000;-0.035602;0.004571;-0.068132
1.127500;-0.089337;0.043215;-0.036492
1.128000;-0.123550;0.033244;0.042979
1.128500;-0.158240;0.021515;0.115770
1.129000;-0.218030;0.054903;0.164090
1.129500;-0.232580;0.031626;0.210610
1.130000;-0.255730;0.044431;0.277850
1.130500;-0.293180;0.066544;0.331770
1.131000;-0.290270;0.069810;0.381710
1.131500;-0.293340;0.094332;0.386280
1.132000;-0.226400;0.094538;0.356250
1.132500;-0.155470;0.097705;0.317750
1.133000;-0.078758;0.093753;0.277070
1.133500;0.015804;0.108010;0.229760
1.134000;0.126080;0.108340;0.159520
1.134500;0.258030;0.091067;0.121560
1.135000;0.367580;0.101750;0.056382
1.135500;0.463020;0.116800;0.019720
1.136000;0.576460;0.116770;0.012313
1.136500;0.673770;0.130410;0.017032
1.137000;0.726290;0.148780;0.029115
1.137500;0.775840;0.148820;0.029409
1.138000;0.794340;0.157770;0.023067
1.138500;0.802790;0.158130;0.011347
1.139000;0.763410;0.179650;0.034697
1.139500;0.683700;0.203160;0.050133
1.140000;0.603100;0.204170;0.090383
1.140500;0.499750;0.216860;0.094367
1.141000;0.368070;0.219030;0.114700
1.141500;0.259470;0.220960;0.142740
1.142000;0.142480;0.188870;0.152730
1.142500;0.004966;0.219420;0.161060
1.143000;-0.055597;0.247060;0.150880
1.143500;-0.018542;0.127930;0.134760
1.144000;-0.040048;0.163850;0.119670
1.144500;0.069424;0.154880;0.044699
1.145000;0.088870;0.214970;-0.091085
1.145500;0.209870;0.127520;-0.164780
1.146000;0.363620;0.100770;-0.185390
1.146500;0.375180;0.183940;-0.313900
1.147000;0.449460;0.105770;-0.329610
1.147500;0.491320;0.057982;-0.342560
1.148000;0.436260;0.087788;-0.380690
1.148500;0.381960;0.067137;-0.340340
1.149000;0.360050;0.029876;-0.299210
1.149500;0.264620;0.041010;-0.254510
1.150000;0.196180;-0.003915;-0.246890
1.150500;0.107950;-0.001787;-0.229760
1.151000;0.030299;-0.005563;-0.230720
1.151500;-0.013898;-0.033898;-0.220470
1.152000;-0.059679;-0.044088;-0.205710
1.152500;-0.098284;-0.008247;-0.192510
1.153000;-0.110830;-0.000984;-0.220730
1.153500;-0.095175;0.002710;-0.225890
1.154000;-0.104190;0.038353;-0.240580
1.154500;-0.083078;0.028317;-0.242380
1.155000;-0.039277;0.008847;-0.196270
1.155500;0.000019;0.028238;-0.182450
1.156000;0.048731;0.013459;-0.125360
1.156500;0.112910;-0.018477;-0.063964
1.157000;0.168870;-0.014445;-0.022997
1.157500;0.217300;-0.016733;0.000349
1.158000;0.279020;-0.032790;0.034002
1.158500;0.309260;-0.033511;0.029634
1.159000;0.330970;-0.050531;0.033048
1.159500;0.360820;-0.062441;0.052289
1.160000;0.339930;-0.025246;0.059355
1.160500;0.322400;-0.031635;0.080533
1.161000;0.300240;-0.055944;0.125130
1.161500;0.239630;-0.041769;0.169340
1.162000;0.165170;-0.020594;0.220130
1.162500;0.101520;-0.017995;0.267280
1.163000;0.032497;-0.014404;0.308450
1.163500;-0.060269;-0.017106;0.332900
1.164000;-0.138940;-0.041939;0.376200
1.164500;-0.231460;-0.049896;0.415520
1.165000;-0.341960;-0.045720;0.440510
1.165500;-0.443540;-0.055417;0.457340
1.166000;-0.551730;-0.054618;0.463610
1.166500;-0.625130;-0.053675;0.472860
1.167000;-0.685540;-0.055350;0.475580
1.167500;-0.725010;-0.053749;0.485670
1.168000;-0.730080;-0.059033;0.497290
1.168500;-0.712860;-0.059446;0.495250
1.169000;-0.695990;-0.048706;0.483630
1.169500;-0.654220;-0.065946;0.459290
1.170000;-0.600320;-0.072079;0.445560
1.170500;-0.557760;-0.064655;0.434270
1.171000;-0.505240;-0.067990;0.425140
1.171500;-0.460980;-0.059475;0.413410
1.172000;-0.425580;-0.060386;0.391680
1.172500;-0.390790;-0.059648;0.382780
1.173000;-0.359920;-0.068206;0.369960
1.173500;-0.342690;-0.061975;0.367980
1.174000;-0.326850;-0.066866;0.355750
1.174500;-0.291850;-0.074792;0.359190
1.175000;-0.270860;-0.065407;0.365410
1.175500;-0.257700;-0.063302;0.369150
1.176000;-0.215500;-0.083377;0.381130
1.176500;-0.163800;-0.090505;0.399900
1.177000;-0.140650;-0.089917;0.422850
1.177500;-0.118130;-0.096385;0.458770
1.178000;-0.089538;-0.100900;0.476270
1.178500;-0.076519;-0.105680;0.487710
1.179000;-0.062091;-0.110020;0.486260
1.179500;-0.062403;-0.110330;0.470950
1.180000;-0.047604;-0.117150;0.436740
1.180500;0.003670;-0.129530;0.363030
1.181000;0.050988;-0.136440;0.276250
1.181500;0.106500;-0.134130;0.183550
1.182000;0.171050;-0.118290;0.069512
1.182500;0.238710;-0.099007;-0.038472
1.183000;0.323490;-0.089397;-0.134030
1.183500;0.408720;-0.057109;-0.239160
1.184000;0.481050;-0.023872;-0.335870
1.184500;0.560110;0.008670;-0.423760
1.185000;0.627430;0.052289;-0.510510
1.185500;0.690350;0.086801;-0.568740
1.186000;0.739780;0.119180;-0.632870
1.186500;0.765100;0.149410;-0.706650
1.187000;0.779830;0.147760;-0.756270
1.187500;0.776710;0.164670;-0.817830
1.188000;0.738030;0.168680;-0.849710
1.188500;0.690820;0.155370;-0.842850
1.189000;0.629810;0.155610;-0.839540
1.189500;0.522520;0.153570;-0.818390
1.190000;0.410940;0.142310;-0.760340
1.190500;0.300190;0.132320;-0.714210
1.191000;0.182990;0.113100;-0.658520
1.191500;0.090405;0.090645;-0.608250
1.192000;0.015736;0.075652;-0.573260
1.192500;-0.048150;0.053744;-0.511760
1.193000;-0.087517;0.041464;-0.444590
1.193500;-0.104160;0.038752;-0.403930
1.194000;-0.098997;0.030400;-0.375010
1.194500;-0.045754;0.006646;-0.352990
1.195000;0.024265;-0.006466;-0.353290
1.195500;0.103480;-0.020450;-0.342420
1.196000;0.186390;-0.032578;-0.334140
1.196500;0.232520;-0.031022;-0.344810
1.197000;0.244840;-0.018634;-0.342160
1.197500;0.242320;-0.015759;-0.354840
1.198000;0.195660;-0.003358;-0.356770
1.198500;0.135880;0.005127;-0.350990
1.199000;0.082967;0.010326;-0.356630
1.199500;0.020766;0.007186;-0.350610
1.200000;-0.041899;0.006041;-0.332440
1.200500;-0.096560;0.014551;-0.313700
1.201000;-0.131830;0.014684;-0.292870
1.201500;-0.168060;0.031654;-0.275440
1.202000;-0.192800;0.050846;-0.265750
1.202500;-0.208410;0.060155;-0.264380
1.203000;-0.211150;0.079626;-0.252010
1.203500;-0.197580;0.097738;-0.242820
1.204000;-0.184680;0.117240;-0.238740
1.204500;-0.204230;0.133530;-0.236170
1.205000;-0.221850;0.144750;-0.223060
1.205500;-0.243410;0.150740;-0.209790
1.206000;-0.270290;0.154830;-0.208380
1.206500;-0.311520;0.155780;-0.205260
1.207000;-0.349290;0.140760;-0.200040
1.207500;-0.377410;0.129420;-0.171050
1.208000;-0.402540;0.109930;-0.132640
1.208500;-0.409990;0.093232;-0.075353
1.209000;-0.404190;0.084278;-0.033792
1.209500;-0.391380;0.074842;0.005629
1.210000;-0.370430;0.059635;0.023622
1.210500;-0.336620;0.053259;0.036221
1.211000;-0.305360;0.050746;0.054824
1.211500;-0.278280;0.048087;0.084964
1.212000;-0.260040;0.055496;0.113870
1.212500;-0.253170;0.067699;0.139050
1.213000;-0.250260;0.076716;0.161710
1.213500;-0.244200;0.079194;0.182380
1.214000;-0.241540;0.072232;0.186610
1.214500;-0.248700;0.075971;0.169160
1.215000;-0.255230;0.070077;0.141780
1.215500;-0.283190;0.068420;0.111940
1.216000;-0.306370;0.064268;0.081540
1.216500;-0.332970;0.064698;0.058070
1.217000;-0.348420;0.062067;0.032467
1.217500;-0.332380;0.046375;0.014555
1.218000;-0.314620;0.053639;-0.009256
1.218500;-0.271370;0.061834;-0.031332
1.219000;-0.201540;0.058155;-0.034954
1.219500;-0.124920;0.065617;-0.036293
1.220000;-0.038168;0.073899;-0.028997
1.220500;0.040473;0.083338;-0.023620
1.221000;0.112480;0.094904;-0.021499
1.221500;0.177350;0.102310;-0.033320
1.222000;0.232870;0.106620;-0.057005
1.222500;0.286590;0.085508;-0.110410
1.223000;0.317870;0.074428;-0.172840
1.223500;0.335590;0.071315;-0.242300
1.224000;0.342520;0.063102;-0.283980
1.224500;0.351790;0.025034;-0.310610
1.225000;0.326990;0.022257;-0.340830
1.225500;0.299830;0.023260;-0.360040
1.226000;0.291810;-0.010073;-0.339410
1.226500;0.281590;-0.014081;-0.286020
1.227000;0.237990;-0.000606;-0.235210
1.227500;0.214890;-0.019808;-0.160410
1.228000;0.196240;-0.010360;-0.059680
1.228500;0.158790;0.013084;0.024972
1.229000;0.153110;0.003021;0.112660
1.229500;0.157830;-0.007831;0.200840
1.230000;0.154940;-0.006648;0.269770
1.230500;0.169820;0.017041;0.317200
1.231000;0.204420;0.022888;0.323370
1.231500;0.247090;0.002859;0.312310
1.232000;0.279520;0.057302;0.265370
1.232500;0.342130;0.053910;0.194050
1.233000;0.361130;0.100440;0.102690
1.233500;0.398850;0.087729;0.014633
1.234000;0.462550;0.068562;-0.027561
1.234500;0.456730;0.123830;-0.107730
1.235000;0.471000;0.107170;-0.141270
1.235500;0.498810;0.088229;-0.137230
1.236000;0.482340;0.103800;-0.158520
1.236500;0.448020;0.112130;-0.145280
1.237000;0.407410;0.099478;-0.129540
1.237500;0.350950;0.103120;-0.116750
1.238000;0.261400;0.096794;-0.091399
1.238500;0.149260;0.108600;-0.044821
1.239000;0.013258;0.118600;-0.020538
1.239500;-0.113060;0.131220;0.007613
1.240000;-0.240230;0.132950;0.037897
1.240500;-0.354940;0.154590;0.072694
1.241000;-0.436250;0.164130;0.101550
1.241500;-0.460950;0.135680;0.161720
1.242000;-0.480680;0.156800;0.216520
1.242500;-0.486840;0.156320;0.254320
1.243000;-0.450180;0.127680;0.344820
1.243500;-0.416610;0.131900;0.417990
1.244000;-0.369730;0.137720;0.478430
1.244500;-0.306320;0.120760;0.518210
1.245000;-0.236420;0.116220;0.525420
1.245500;-0.160550;0.121410;0.510610
1.246000;-0.064590;0.118090;0.480360
1.246500;0.024920;0.124190;0.428540
1.247000;0.099767;0.127000;0.383510
1.247500;0.166270;0.125980;0.345410
1.248000;0.214650;0.138600;0.315200
1.248500;0.266730;0.137700;0.286550
1.249000;0.309190;0.144050;0.276820
1.249500;0.344110;0.147290;0.267270
1.250000;0.378950;0.147490;0.272560
1.250500;0.404640;0.156210;0.272690
1.251000;0.425230;0.164570;0.268750
1.251500;0.436040;0.170230;0.264550
1.252000;0.450750;0.168190;0.254700
1.252500;0.436350;0.181370;0.233020
1.253000;0.398490;0.201650;0.192890
1.253500;0.370280;0.218320;0.132680
1.254000;0.320310;0.224040;0.066161
1.254500;0.262260;0.243630;-0.002097
1.255000;0.199990;0.239270;-0.062983
1.255500;0.143650;0.243770;-0.143810
1.256000;0.126570;0.239740;-0.223980
1.256500;0.123920;0.211650;-0.303310
1.257000;0.135450;0.205740;-0.389010
1.257500;0.173840;0.189150;-0.475480
1.258000;0.235390;0.177230;-0.554170
1.258500;0.282680;0.175370;-0.645400
1.259000;0.308100;0.175310;-0.724620
1.259500;0.337010;0.163670;-0.785970
1.260000;0.362440;0.152720;-0.836010
1.260500;0.358310;0.140080;-0.874770
1.261000;0.339720;0.115930;-0.885710
1.261500;0.279650;0.114220;-0.888570
1.262000;0.192480;0.112680;-0.870710
1.262500;0.106460;0.079824;-0.804510
1.263000;-0.009048;0.080399;-0.726250
1.263500;-0.143600;0.091473;-0.641850
1.264000;-0.282400;0.054954;-0.574140
1.264500;-0.428120;0.061395;-0.522220
1.265000;-0.547490;0.044223;-0.506660
1.265500;-0.626640;0.020941;-0.479990
1.266000;-0.704800;0.035643;-0.481090
1.266500;-0.709490;0.031425;-0.497580
1.267000;-0.664230;0.019987;-0.514530
1.267500;-0.599020;0.029427;-0.538310
1.268000;-0.499370;0.035266;-0.558560
1.268500;-0.366270;0.022912;-0.571010
1.269000;-0.237590;0.014264;-0.554450
1.269500;-0.135920;0.027803;-0.538270
1.270000;-0.066043;0.046993;-0.488040
1.270500;-0.028309;0.058396;-0.452110
1.271000;0.010802;0.061433;-0.407530
1.271500;0.008861;0.066171;-0.361880
1.272000;-0.008997;0.075541;-0.316580
1.272500;-0.032121;0.086330;-0.282950
1.273000;-0.045077;0.069102;-0.250510
1.273500;-0.077691;0.080126;-0.198660
1.274000;-0.122880;0.092949;-0.151630
1.274500;-0.139940;0.088613;-0.051346
1.275000;-0.169270;0.091411;0.054240
1.275500;-0.200700;0.117650;0.151550
1.276000;-0.217860;0.137080;0.226590
1.276500;-0.198930;0.139790;0.306060
1.277000;-0.169680;0.146860;0.352190
1.277500;-0.142680;0.169400;0.384980
1.278000;-0.093310;0.156690;0.388390
1.278500;-0.042868;0.158530;0.392690
1.279000;-0.005516;0.169080;0.365010
1.279500;0.027353;0.174520;0.335800
1.280000;0.069429;0.154920;0.304100
1.280500;0.112170;0.155410;0.267700
1.281000;0.138370;0.165400;0.223180
1.281500;0.179150;0.159760;0.170860
1.282000;0.225860;0.160620;0.104850
1.282500;0.273660;0.155640;0.050739
1.283000;0.316840;0.155650;0.006500
1.283500;0.337160;0.162910;-0.041599
1.284000;0.368170;0.156060;-0.061470
1.284500;0.385320;0.149970;-0.071301
1.285000;0.386280;0.153520;-0.074306
1.285500;0.360270;0.152800;-0.075927
1.286000;0.338760;0.138760;-0.050624
1.286500;0.304200;0.115240;-0.006222
1.287000;0.231640;0.126660;0.043325
1.287500;0.149630;0.120590;0.072052
1.288000;0.055572;0.106380;0.118170
1.288500;-0.043356;0.089440;0.160080
1.289000;-0.129280;0.079701;0.193570
1.289500;-0.176410;0.049563;0.230400
1.290000;-0.203500;0.023015;0.253890
1.290500;-0.222060;0.005125;0.249180
1.291000;-0.204950;-0.034725;0.229950
1.291500;-0.160290;-0.068789;0.222570
1.292000;-0.114670;-0.082609;0.203560
1.292500;-0.051387;-0.107990;0.204140
1.293000;0.001583;-0.128250;0.184120
1.293500;0.046797;-0.136720;0.148880
1.294000;0.101310;-0.136640;0.119390
1.294500;0.141220;-0.133460;0.073112
1.295000;0.195680;-0.129580;0.015171
1.295500;0.258580;-0.127540;-0.075676
1.296000;0.302550;-0.110810;-0.182480
1.296500;0.335960;-0.104730;-0.287650
1.297000;0.358970;-0.096516;-0.362950
1.297500;0.371910;-0.081155;-0.402150
1.298000;0.377590;-0.064242;-0.424690
1.298500;0.365180;-0.043945;-0.413840
1.299000;0.367580;-0.029655;-0.396100
1.299500;0.377840;-0.017635;-0.352920
1.300000;0.373010;-0.002641;-0.308200
1.300500;0.391080;0.018110;-0.259500
1.301000;0.412350;0.027036;-0.218350
1.301500;0.420270;0.030022;-0.178550
1.302000;0.430050;0.033713;-0.166980
1.302500;0.406470;0.035769;-0.143200
1.303000;0.375710;0.027724;-0.111770
1.303500;0.342240;0.034776;-0.081782
1.304000;0.289470;0.039366;-0.055815
1.304500;0.243470;0.034149;-0.035068
1.305000;0.222890;0.020519;-0.046848
1.305500;0.179860;0.031657;-0.070006
1.306000;0.179890;0.013145;-0.088500
1.306500;0.190670;0.009258;-0.108810
1.307000;0.212870;0.010137;-0.146910
1.307500;0.249560;-0.010201;-0.208170
1.308000;0.276210;-0.027619;-0.278250
1.308500;0.305360;-0.048995;-0.339930
1.309000;0.327180;-0.053856;-0.385860
1.309500;0.332120;-0.070850;-0.408670
1.310000;0.299540;-0.062559;-0.405240
1.310500;0.266080;-0.063309;-0.403450
1.311000;0.197450;-0.079532;-0.365400
1.311500;0.104080;-0.081293;-0.313910
1.312000;-0.029545;-0.075049;-0.249130
1.312500;-0.148720;-0.084128;-0.175000
1.313000;-0.287860;-0.073351;-0.121250
1.313500;-0.428880;-0.076532;-0.062588
1.314000;-0.545890;-0.076450;-0.026139
1.314500;-0.645910;-0.076800;-0.007072
1.315000;-0.688200;-0.102890;0.012953
1.315500;-0.717030;-0.100640;0.019107
1.316000;-0.732080;-0.082195;-0.011655
1.316500;-0.707070;-0.090364;-0.032598
1.317000;-0.657220;-0.091351;-0.016710
1.317500;-0.615360;-0.076654;0.004954
1.318000;-0.547090;-0.050262;0.008178
1.318500;-0.461250;-0.042257;-0.011958
1.319000;-0.374880;-0.049628;-0.029940
1.319500;-0.291740;-0.047731;-0.050546
1.320000;-0.204810;-0.055899;-0.054089
1.320500;-0.120950;-0.068794;-0.035492
1.321000;-0.046191;-0.079560;-0.010905
1.321500;0.001642;-0.079274;0.018020
1.322000;0.050533;-0.095239;0.041267
1.322500;0.102110;-0.118050;0.093408
1.323000;0.140880;-0.132580;0.154220
1.323500;0.171540;-0.147860;0.250740
1.324000;0.190420;-0.156500;0.332510
1.324500;0.199770;-0.158950;0.418520
1.325000;0.179990;-0.152010;0.489600
1.325500;0.158970;-0.152570;0.555730
1.326000;0.151040;-0.155540;0.632960
1.326500;0.130540;-0.137520;0.680120
1.327000;0.123650;-0.110880;0.674920
1.327500;0.115970;-0.091981;0.623110
1.328000;0.117260;-0.071649;0.563960
1.328500;0.144280;-0.057783;0.501710
1.329000;0.183090;-0.043718;0.458100
1.329500;0.217980;-0.044978;0.397550
1.330000;0.262570;-0.038771;0.321810
1.330500;0.307480;-0.009134;0.213810
1.331000;0.363510;-0.001142;0.098886
1.331500;0.440280;-0.008851;0.001563
1.332000;0.496780;-0.004970;-0.070937
1.332500;0.561890;0.010282;-0.135230
1.333000;0.620480;-0.006619;-0.191720
1.333500;0.638870;0.010252;-0.225020
1.334000;0.645490;0.035369;-0.247500
1.334500;0.651470;-0.030285;-0.227720
1.335000;0.534500;0.041986;-0.181220
1.335500;0.489160;0.050972;-0.114940
1.336000;0.334540;0.082834;-0.081754
1.336500;0.204400;0.067070;-0.032044
1.337000;0.115570;0.029073;0.037963
1.337500;-0.016085;0.061292;0.023942
1.338000;-0.067821;-0.007031;0.046526
1.338500;-0.117540;-0.021230;0.042817
1.339000;-0.161700;-0.019902;0.012307
1.339500;-0.160020;-0.033828;-0.003364
1.340000;-0.125150;-0.040186;-0.039646
1.340500;-0.094444;-0.022159;-0.081205
1.341000;0.005939;-0.037650;-0.154880
1.341500;0.102100;-0.028407;-0.231820
1.342000;0.212260;-0.028795;-0.343380
1.342500;0.315880;-0.022977;-0.467690
1.343000;0.393550;-0.019538;-0.581770
1.343500;0.452960;0.007667;-0.655050
1.344000;0.501510;0.001253;-0.737960
1.344500;0.531380;-0.008309;-0.753500
1.345000;0.490160;0.022753;-0.793810
1.345500;0.447500;0.024093;-0.791050
1.346000;0.383670;0.011451;-0.732140
1.346500;0.287220;0.048799;-0.690650
1.347000;0.191630;0.065263;-0.615940
1.347500;0.127920;0.054015;-0.534180
1.348000;0.024807;0.097697;-0.482980
1.348500;-0.060775;0.104940;-0.426010
1.349000;-0.111580;0.106380;-0.370420
1.349500;-0.161860;0.133070;-0.354820
1.350000;-0.177220;0.123210;-0.311160
1.350500;-0.168060;0.115950;-0.265580
1.351000;-0.158500;0.136060;-0.246040
1.351500;-0.118380;0.133490;-0.209700
1.352000;-0.067044;0.125460;-0.178860
1.352500;0.004433;0.123100;-0.151950
1.353000;0.085414;0.112990;-0.142510
1.353500;0.169620;0.088545;-0.133830
1.354000;0.255920;0.083696;-0.147820
1.354500;0.333170;0.077897;-0.175780
1.355000;0.397520;0.058968;-0.188220
1.355500;0.445380;0.055885;-0.208270
1.356000;0.480600;0.049453;-0.245530
1.356500;0.495810;0.043757;-0.253960
1.357000;0.501320;0.048210;-0.258030
1.357500;0.498790;0.055012;-0.242560
1.358000;0.484100;0.056069;-0.213590
1.358500;0.457340;0.062421;-0.185050
1.359000;0.417020;0.069043;-0.151970
1.359500;0.354780;0.077596;-0.114170
1.360000;0.267200;0.104670;-0.054649
1.360500;0.187570;0.120020;-0.000513
1.361000;0.091561;0.138260;0.068817
1.361500;0.004616;0.161050;0.116330
1.362000;-0.062744;0.163970;0.155990
1.362500;-0.116910;0.158340;0.178130
1.363000;-0.165090;0.150190;0.184370
1.363500;-0.200030;0.139190;0.174920
1.364000;-0.218050;0.119020;0.176070
1.364500;-0.224820;0.098615;0.164570
1.365000;-0.226810;0.068463;0.162990
1.365500;-0.206740;0.043241;0.147190
1.366000;-0.168640;0.017381;0.128650
1.366500;-0.116320;-0.009834;0.127880
1.367000;-0.058063;-0.020765;0.114840
1.367500;0.011560;-0.033575;0.066138
1.368000;0.115940;-0.053642;0.002640
1.368500;0.212500;-0.061919;-0.075833
1.369000;0.298090;-0.058475;-0.142330
1.369500;0.385190;-0.060025;-0.214260
1.370000;0.449700;-0.057885;-0.267180
1.370500;0.493710;-0.044448;-0.320110
1.371000;0.506740;-0.024755;-0.351640
1.371500;0.493000;-0.026179;-0.358860
1.372000;0.460980;-0.023447;-0.322810
1.372500;0.408280;-0.027421;-0.264160
1.373000;0.320640;-0.032585;-0.160340
1.373500;0.211090;-0.034070;-0.062297
1.374000;0.098438;-0.044184;0.066400
1.374500;-0.024423;-0.050928;0.189820
1.375000;-0.149780;-0.057011;0.307540
1.375500;-0.231660;-0.072993;0.415290
1.376000;-0.297120;-0.084083;0.500400
1.376500;-0.341120;-0.075371;0.556070
1.377000;-0.369270;-0.068187;0.553710
1.377500;-0.348150;-0.068638;0.536190
1.378000;-0.278800;-0.079867;0.484000
1.378500;-0.187560;-0.079092;0.422940
1.379000;-0.076226;-0.074983;0.354180
1.379500;0.075120;-0.071517;0.254580
1.380000;0.223000;-0.057101;0.159170
1.380500;0.349780;-0.055347;0.055216
1.381000;0.478780;-0.047808;-0.040754
1.381500;0.583410;-0.047027;-0.123600
1.382000;0.658420;-0.048942;-0.167150
1.382500;0.677510;-0.026299;-0.186710
1.383000;0.651300;-0.010687;-0.182030
1.383500;0.577320;-0.003892;-0.136960
1.384000;0.446130;0.009038;-0.082774
1.384500;0.259560;0.033089;-0.006840
1.385000;0.070016;0.037432;0.068874
1.385500;-0.146080;0.042678;0.133760
1.386000;-0.358430;0.040811;0.216330
1.386500;-0.540620;0.049107;0.271620
1.387000;-0.705360;0.053578;0.318830
1.387500;-0.816900;0.037255;0.361000
1.388000;-0.874230;0.034256;0.381820
1.388500;-0.901520;0.041637;0.383470
1.389000;-0.834600;0.037782;0.382470
1.389500;-0.704260;0.035536;0.354980
1.390000;-0.547160;0.043700;0.316240
1.390500;-0.353510;0.048687;0.273640
1.391000;-0.122520;0.061294;0.218240
1.391500;0.082801;0.087810;0.158410
1.392000;0.279730;0.079114;0.111800
1.392500;0.454270;0.077995;0.062735
1.393000;0.569740;0.087327;0.015610
1.393500;0.636360;0.081602;-0.006657
1.394000;0.653990;0.072446;-0.004545
1.394500;0.625330;0.068608;0.029674
1.395000;0.562730;0.058664;0.093136
1.395500;0.468570;0.051094;0.162580
1.396000;0.390130;0.044039;0.213660
1.396500;0.324290;0.033792;0.268850
1.397000;0.266340;0.037397;0.304290
1.397500;0.221650;0.051885;0.324140
1.398000;0.208290;0.063012;0.327590
1.398500;0.222780;0.070563;0.351930
1.399000;0.237470;0.104610;0.342110
1.399500;0.243520;0.129820;0.341220
1.400000;0.275540;0.142010;0.328190
1.400500;0.302740;0.155880;0.302270
1.401000;0.335590;0.166440;0.284530
1.401500;0.380920;0.164940;0.261920
1.402000;0.430290;0.164350;0.228470
1.402500;0.479560;0.158810;0.175800
1.403000;0.500130;0.170440;0.094769
1.403500;0.503590;0.184000;0.012023
1.404000;0.523330;0.162500;-0.068243
1.404500;0.540030;0.165630;-0.145400
1.405000;0.551460;0.201440;-0.235820
1.405500;0.588110;0.167440;-0.343280
1.406000;0.604910;0.196980;-0.386270
1.406500;0.620880;0.198580;-0.463190
1.407000;0.655360;0.179710;-0.487170
1.407500;0.664410;0.195300;-0.520810
1.408000;0.648700;0.213180;-0.541710
1.408500;0.619720;0.185520;-0.519550
1.409000;0.533520;0.177010;-0.499590
1.409500;0.413020;0.193860;-0.467180
1.410000;0.316890;0.151230;-0.429610
1.410500;0.190400;0.143780;-0.399250
1.411000;0.036959;0.118110;-0.368120
1.411500;-0.080726;0.084234;-0.328420
1.412000;-0.215360;0.078323;-0.329450
1.412500;-0.315210;0.038909;-0.308760
1.413000;-0.386830;0.007915;-0.284120
1.413500;-0.443280;-0.005947;-0.290770
1.414000;-0.471420;-0.027748;-0.304110
1.414500;-0.467490;-0.064775;-0.312080
1.415000;-0.452250;-0.070152;-0.320100
1.415500;-0.410600;-0.068404;-0.329190
1.416000;-0.314760;-0.094699;-0.339150
1.416500;-0.191070;-0.103470;-0.323020
1.417000;-0.071734;-0.104150;-0.356470
1.417500;0.015876;-0.096800;-0.395440
1.418000;0.093542;-0.093000;-0.461080
1.418500;0.140860;-0.065122;-0.507640
1.419000;0.155990;-0.040906;-0.531350
1.419500;0.160540;-0.013781;-0.525570
1.420000;0.144890;0.012627;-0.525570
1.420500;0.118600;0.017227;-0.490830
1.421000;0.064014;0.033603;-0.432820
1.421500;-0.021166;0.049927;-0.353710
1.422000;-0.115630;0.061574;-0.236580
1.422500;-0.213260;0.083328;-0.144150
1.423000;-0.307060;0.092316;-0.066070
1.423500;-0.363640;0.083698;0.019484
1.424000;-0.394590;0.081778;0.084404
1.424500;-0.404370;0.092505;0.139680
1.425000;-0.407190;0.095770;0.187260
1.425500;-0.372600;0.099573;0.216480
1.426000;-0.333060;0.107330;0.210630
1.426500;-0.288650;0.129990;0.185940
1.427000;-0.221860;0.137900;0.165640
1.427500;-0.139320;0.135940;0.177820
1.428000;-0.066198;0.129570;0.201210
1.428500;-0.015428;0.150850;0.205950
1.429000;0.031798;0.155040;0.189570
1.429500;0.093884;0.138660;0.175320
1.430000;0.143570;0.128740;0.153750
1.430500;0.165870;0.123670;0.136360
1.431000;0.185130;0.117460;0.110470
1.431500;0.206340;0.108810;0.077321
1.432000;0.185270;0.123470;0.042073
1.432500;0.159720;0.109180;0.010313
1.433000;0.105790;0.102060;0.008722
1.433500;0.027429;0.104950;0.019041
1.434000;-0.050512;0.098828;0.052837
1.434500;-0.131830;0.096181;0.060272
1.435000;-0.191350;0.083763;0.073237
1.435500;-0.236200;0.059101;0.072932
1.436000;-0.287840;0.028658;0.086463
1.436500;-0.342340;-0.006061;0.103960
1.437000;-0.400940;-0.033664;0.112460
1.437500;-0.447320;-0.051576;0.112080
1.438000;-0.475470;-0.088816;0.119120
1.438500;-0.501420;-0.109580;0.124610
1.439000;-0.481690;-0.141420;0.137110
1.439500;-0.436470;-0.162790;0.142030
1.440000;-0.382110;-0.175600;0.115440
1.440500;-0.289670;-0.195390;0.060274
1.441000;-0.167270;-0.214620;0.004406
1.441500;-0.049302;-0.233550;-0.058048
1.442000;0.069924;-0.241160;-0.121440
1.442500;0.177780;-0.251670;-0.180550
1.443000;0.282600;-0.250150;-0.212490
1.443500;0.372340;-0.237790;-0.229310
1.444000;0.461390;-0.233440;-0.226570
1.444500;0.537930;-0.230060;-0.196990
1.445000;0.590660;-0.221050;-0.174100
1.445500;0.617700;-0.207580;-0.140180
1.446000;0.627260;-0.218580;-0.101280
1.446500;0.601620;-0.210250;-0.019676
1.447000;0.553620;-0.204060;0.061539
1.447500;0.479690;-0.210310;0.189390
1.448000;0.386800;-0.202710;0.286450
1.448500;0.296590;-0.195510;0.395660
1.449000;0.221840;-0.205380;0.510880
1.449500;0.160800;-0.208040;0.620660
1.450000;0.122900;-0.196560;0.709060
1.450500;0.109600;-0.199630;0.777730
1.451000;0.109680;-0.182910;0.818490
1.451500;0.120150;-0.169780;0.828850
1.452000;0.165970;-0.165690;0.836280
1.452500;0.221490;-0.151570;0.813780
1.453000;0.282320;-0.131950;0.784480
1.453500;0.360890;-0.121120;0.748610
1.454000;0.447580;-0.105810;0.717260
1.454500;0.533230;-0.081543;0.651080
1.455000;0.603520;-0.072477;0.592300
1.455500;0.659640;-0.058798;0.536860
1.456000;0.691320;-0.030223;0.470970
1.456500;0.682600;-0.015126;0.423830
1.457000;0.630200;-0.007131;0.385870
1.457500;0.541520;0.013869;0.354090
1.458000;0.424080;0.033684;0.330930
1.458500;0.285090;0.044111;0.321710
1.459000;0.134730;0.052968;0.322370
1.459500;-0.025319;0.070000;0.336870
1.460000;-0.171000;0.085602;0.350200
1.460500;-0.296980;0.088080;0.366030
1.461000;-0.385550;0.096507;0.380530
1.461500;-0.427660;0.079213;0.383460
1.462000;-0.434700;0.077080;0.386540
1.462500;-0.413850;0.082534;0.360480
1.463000;-0.370850;0.076519;0.322750
1.463500;-0.320680;0.075633;0.283050
1.464000;-0.251900;0.060235;0.234490
1.464500;-0.169390;0.071387;0.188020
1.465000;-0.086031;0.067236;0.112350
1.465500;-0.000117;0.060059;0.042815
1.466000;0.082666;0.044810;-0.035738
1.466500;0.149770;0.040689;-0.093608
1.467000;0.207240;0.029972;-0.155420
1.467500;0.263340;0.019324;-0.207450
1.468000;0.297570;0.006969;-0.255050
1.468500;0.310550;-0.014661;-0.292920
1.469000;0.313880;-0.023959;-0.328820
1.469500;0.303800;-0.032722;-0.344590
1.470000;0.291800;-0.028615;-0.348880
1.470500;0.290510;-0.031360;-0.353580
1.471000;0.322910;-0.032843;-0.354720
1.471500;0.342130;-0.023439;-0.367240
1.472000;0.356840;-0.002852;-0.361860
1.472500;0.371200;0.005004;-0.336870
1.473000;0.352200;0.024989;-0.298750
1.473500;0.327210;0.028214;-0.257280
1.474000;0.292890;0.030091;-0.194160
1.474500;0.241150;0.021735;-0.133030
1.475000;0.184740;0.015895;-0.053763
1.475500;0.102390;0.016810;0.010611
1.476000;0.033944;0.011292;0.050080
1.476500;-0.004274;-0.004189;0.065283
1.477000;-0.034809;-0.001305;0.062999
1.477500;-0.043193;-0.022274;0.044091
1.478000;-0.047471;-0.027849;0.025765
1.478500;-0.027725;-0.009084;0.001432
1.479000;0.038190;-0.040732;-0.021246
1.479500;0.077661;-0.017676;-0.056569
1.480000;0.154310;-0.013590;-0.120440
1.480500;0.212190;-0.006693;-0.188850
1.481000;0.280160;-0.012163;-0.255760
1.481500;0.358300;-0.037156;-0.284960
1.482000;0.378730;-0.004569;-0.307310
1.482500;0.387670;-0.032422;-0.304320
1.483000;0.365900;-0.062160;-0.255610
1.483500;0.289040;-0.070806;-0.213180
1.484000;0.159740;-0.067665;-0.150250
1.484500;0.023528;-0.087228;-0.083416
1.485000;-0.138050;-0.092760;-0.008778
1.485500;-0.285800;-0.092576;0.035078
1.486000;-0.408490;-0.110160;0.078384
1.486500;-0.490550;-0.122030;0.096191
1.487000;-0.549180;-0.132840;0.103780
1.487500;-0.586090;-0.145470;0.126390
1.488000;-0.584410;-0.140940;0.147750
1.488500;-0.559840;-0.133260;0.143480
1.489000;-0.501800;-0.138780;0.149580
1.489500;-0.415830;-0.130030;0.126740
1.490000;-0.329270;-0.122950;0.105160
1.490500;-0.221490;-0.136640;0.111460
1.491000;-0.127470;-0.116180;0.107950
1.491500;-0.066450;-0.100560;0.101270
1.492000;0.016159;-0.112230;0.081121
1.492500;0.082594;-0.099431;0.047612
1.493000;0.132130;-0.097124;0.020588
1.493500;0.173580;-0.089402;-0.005052
1.494000;0.196140;-0.080324;-0.050156
1.494500;0.195380;-0.072841;-0.092813
1.495000;0.185080;-0.063278;-0.122690
1.495500;0.158200;-0.043746;-0.146430
1.496000;0.139380;-0.042578;-0.164410
1.496500;0.140410;-0.045820;-0.152570
1.497000;0.125700;-0.019369;-0.143720
1.497500;0.126800;0.008450;-0.155250
1.498000;0.151430;0.014823;-0.163940
1.498500;0.158690;0.033489;-0.153580
1.499000;0.160060;0.072166;-0.138090
1.499500;0.169100;0.083179;-0.122100
1.500000;0.158630;0.101160;-0.110380
1.500500;0.145310;0.112650;-0.096223
1.501000;0.154510;0.106660;-0.070930
1.501500;0.155630;0.122720;-0.069090
1.502000;0.165870;0.129160;-0.083344
1.502500;0.187410;0.112800;-0.100290
1.503000;0.203700;0.108600;-0.138630
1.503500;0.231610;0.099819;-0.171030
1.504000;0.267450;0.078743;-0.188950
1.504500;0.293500;0.055235;-0.196380
1.505000;0.324610;0.044805;-0.185210
1.505500;0.345750;0.034717;-0.170140
1.506000;0.369020;0.032036;-0.150640
1.506500;0.397700;0.018482;-0.105180
1.507000;0.433760;0.014538;-0.063608
1.507500;0.447760;0.019039;-0.027873
1.508000;0.460280;-0.016035;0.020087
1.508500;0.451790;-0.036114;0.057113
1.509000;0.380060;-0.040305;0.086237
1.509500;0.306690;-0.075861;0.115680
1.510000;0.226130;-0.111440;0.155070
1.510500;0.099935;-0.118850;0.191580
1.511000;-0.013925;-0.140600;0.214930
1.511500;-0.096893;-0.171320;0.235220
1.512000;-0.157770;-0.195360;0.240100
1.512500;-0.176610;-0.222480;0.244590
1.513000;-0.179800;-0.246250;0.252490
1.513500;-0.161600;-0.266680;0.261150
1.514000;-0.128440;-0.285390;0.258460
1.514500;-0.105220;-0.287180;0.242050
1.515000;-0.078608;-0.275940;0.216040
1.515500;-0.019226;-0.287730;0.182800
1.516000;0.029244;-0.271410;0.150550
1.516500;0.092819;-0.266610;0.097866
1.517000;0.180850;-0.271010;0.047181
1.517500;0.247000;-0.272530;-0.022731
1.518000;0.312280;-0.269530;-0.058047
1.518500;0.345600;-0.263640;-0.090617
1.519000;0.352040;-0.247470;-0.086242
1.519500;0.331770;-0.232790;-0.055605
1.520000;0.309570;-0.215480;-0.016343
1.520500;0.263960;-0.198810;0.039714
1.521000;0.218640;-0.189620;0.078616
1.521500;0.189900;-0.187540;0.139700
1.522000;0.148970;-0.194640;0.186820
1.522500;0.109550;-0.188410;0.244710
1.523000;0.066871;-0.182580;0.284110
1.523500;0.029678;-0.178380;0.306990
1.524000;-0.012852;-0.173110;0.311330
1.524500;-0.045112;-0.170240;0.300800
1.525000;-0.050202;-0.167290;0.294320
1.525500;-0.042132;-0.167940;0.274980
1.526000;-0.010803;-0.160230;0.245560
1.526500;0.018689;-0.148120;0.199170
1.527000;0.063783;-0.146340;0.142330
1.527500;0.105820;-0.134190;0.090422
1.528000;0.127410;-0.119160;0.025669
1.528500;0.155350;-0.105930;-0.031682
1.529000;0.158520;-0.095586;-0.085690
1.529500;0.145420;-0.068244;-0.124110
1.530000;0.115150;-0.043251;-0.171070
1.530500;0.068855;-0.028555;-0.203620
1.531000;0.013824;-0.008691;-0.232930
1.531500;-0.036938;0.006734;-0.279390
1.532000;-0.086802;0.010303;-0.314950
1.532500;-0.142330;0.016203;-0.361630
1.533000;-0.203360;0.020207;-0.392450
1.533500;-0.279540;0.024804;-0.416240
1.534000;-0.348320;0.018813;-0.447180
1.534500;-0.411510;0.019319;-0.463210
1.535000;-0.454550;0.006245;-0.480980
1.535500;-0.464030;-0.009378;-0.474130
1.536000;-0.467620;-0.009316;-0.477550
1.536500;-0.411870;-0.024266;-0.471620
1.537000;-0.326330;-0.049105;-0.472840
1.537500;-0.256220;-0.045151;-0.472390
1.538000;-0.177990;-0.050560;-0.465040
1.538500;-0.105860;-0.061105;-0.454080
1.539000;-0.073163;-0.062195;-0.420010
1.539500;-0.047404;-0.074580;-0.386060
1.540000;-0.034218;-0.082701;-0.364420
1.540500;-0.030211;-0.099315;-0.342340
1.541000;-0.027208;-0.116960;-0.311850
1.541500;-0.036659;-0.113110;-0.275490
1.542000;-0.010541;-0.142030;-0.230210
1.542500;0.040347;-0.153180;-0.201040
1.543000;0.077577;-0.151130;-0.185320
1.543500;0.134720;-0.152830;-0.185920
1.544000;0.188250;-0.133050;-0.183050
1.544500;0.261480;-0.130660;-0.173750
1.545000;0.332220;-0.108680;-0.125270
1.545500;0.402690;-0.083366;-0.101450
1.546000;0.464740;-0.049853;-0.096917
1.546500;0.519100;-0.029235;-0.092062
1.547000;0.565850;-0.017072;-0.078872
1.547500;0.565880;-0.003761;-0.066726
1.548000;0.563220;-0.006818;-0.026281
1.548500;0.527210;-0.003693;0.012508
1.549000;0.463590;0.008350;0.049041
1.549500;0.398210;0.015994;0.083198
1.550000;0.334610;0.022538;0.095400
1.550500;0.275470;0.025347;0.126420
1.551000;0.228510;0.037857;0.152040
1.551500;0.184860;0.066894;0.161280
1.552000;0.173910;0.087628;0.145840
1.552500;0.187000;0.104410;0.099047
1.553000;0.208890;0.121320;0.035757
1.553500;0.244100;0.124100;-0.015282
1.554000;0.275770;0.141890;-0.051472
1.554500;0.290740;0.157680;-0.078572
1.555000;0.303980;0.162060;-0.116980
1.555500;0.323810;0.155480;-0.161280
1.556000;0.331670;0.144470;-0.193540
1.556500;0.329710;0.135800;-0.204370
1.557000;0.316790;0.122730;-0.198350
1.557500;0.306300;0.101840;-0.164770
1.558000;0.260960;0.091899;-0.121260
1.558500;0.171450;0.087959;-0.096876
1.559000;0.068127;0.082221;-0.062959
1.559500;-0.043807;0.067043;-0.017063
1.560000;-0.169170;0.063085;0.029422
1.560500;-0.297400;0.057822;0.045394
1.561000;-0.404130;0.049111;0.051454
1.561500;-0.471130;0.028520;0.049108
1.562000;-0.531410;0.026624;0.044365
1.562500;-0.578970;0.026171;0.026892
1.563000;-0.583890;0.028051;-0.001645
1.563500;-0.541710;0.024673;-0.054657
1.564000;-0.509720;0.027025;-0.117000
1.564500;-0.436630;0.030848;-0.189800
1.565000;-0.364360;0.023906;-0.253840
1.565500;-0.289150;0.006557;-0.278780
1.566000;-0.226550;0.014536;-0.300330
1.566500;-0.175480;0.019801;-0.337800
1.567000;-0.113730;0.005369;-0.341500
1.567500;-0.052664;-0.011435;-0.343840
1.568000;-0.021214;-0.015122;-0.317940
1.568500;0.011596;-0.031488;-0.271290
1.569000;0.035941;-0.045408;-0.202670
1.569500;0.043490;-0.048545;-0.124650
1.570000;0.028444;-0.056941;-0.020964
1.570500;0.008626;-0.062640;0.090110
1.571000;-0.018621;-0.052961;0.202660
1.571500;-0.067348;-0.041915;0.314800
1.572000;-0.114620;-0.042497;0.413680
1.572500;-0.158970;-0.035718;0.497680
1.573000;-0.189600;-0.027940;0.549320
1.573500;-0.206900;-0.019322;0.582670
1.574000;-0.222150;-0.002451;0.591940
1.574500;-0.203490;0.002532;0.577860
1.575000;-0.167030;0.016005;0.526280
1.575500;-0.120630;0.033155;0.451860
1.576000;-0.044329;0.040536;0.385730
1.576500;0.036239;0.064048;0.300510
1.577000;0.096967;0.087017;0.248900
1.577500;0.174190;0.093893;0.196920
1.578000;0.245120;0.113030;0.153530
1.578500;0.297720;0.123640;0.133110
1.579000;0.361720;0.113600;0.136490
1.579500;0.381970;0.138940;0.143160
1.580000;0.359420;0.141240;0.149040
1.580500;0.314670;0.141110;0.168900
1.581000;0.240960;0.149890;0.177810
1.581500;0.126140;0.154830;0.205150
1.582000;-0.006325;0.154120;0.246440
1.582500;-0.148640;0.145120;0.274410
1.583000;-0.284550;0.144920;0.298340
1.583500;-0.398180;0.133680;0.299690
1.584000;-0.480310;0.124240;0.295740
1.584500;-0.534120;0.119030;0.267890
1.585000;-0.535720;0.114190;0.241640
1.585500;-0.490690;0.100750;0.194930
1.586000;-0.399210;0.085480;0.132710
1.586500;-0.275890;0.067847;0.071609
1.587000;-0.124030;0.054401;-0.000804
1.587500;0.016484;0.055128;-0.066376
1.588000;0.157210;0.046954;-0.109390
1.588500;0.278650;0.051302;-0.154870
1.589000;0.354070;0.069761;-0.212030
1.589500;0.428820;0.064034;-0.237790
1.590000;0.464560;0.070598;-0.231180
1.590500;0.468990;0.060030;-0.192910
1.591000;0.444800;0.056901;-0.133080
1.591500;0.389070;0.045906;-0.094245
1.592000;0.303260;0.042034;-0.038635
1.592500;0.205020;0.041045;-0.006490
1.593000;0.103670;0.035367;0.048310
1.593500;0.010236;0.032119;0.095353
1.594000;-0.067797;0.033488;0.149730
1.594500;-0.136140;0.047274;0.180150
1.595000;-0.161940;0.057014;0.208020
1.595500;-0.154780;0.059882;0.240630
1.596000;-0.154250;0.091262;0.256050
1.596500;-0.103650;0.098699;0.270740
1.597000;-0.038247;0.104640;0.255710
1.597500;0.017358;0.120510;0.236270
1.598000;0.093025;0.124440;0.208400
1.598500;0.177460;0.119340;0.138360
1.599000;0.225740;0.108380;0.073445
1.599500;0.272760;0.084376;0.010849
1.600000;0.302260;0.081236;-0.048602
1.600500;0.301250;0.065697;-0.099354
1.601000;0.305420;0.045543;-0.152550
1.601500;0.274810;0.046928;-0.207380
1.602000;0.216210;0.049311;-0.246590
1.602500;0.151420;0.050973;-0.268640
1.603000;0.077871;0.053812;-0.266460
1.603500;-0.015064;0.059221;-0.227760
1.604000;-0.092594;0.053585;-0.181390
1.604500;-0.172420;0.057782;-0.107630
1.605000;-0.267610;0.070965;-0.028349
1.605500;-0.352910;0.056678;0.064722
1.606000;-0.436540;0.050724;0.146900
1.606500;-0.516640;0.047562;0.218880
1.607000;-0.551910;0.024743;0.271900
1.607500;-0.583870;0.010177;0.307710
1.608000;-0.607120;-0.000490;0.312210
1.608500;-0.598800;-0.038413;0.329030
1.609000;-0.559810;-0.063688;0.327670
1.609500;-0.508500;-0.080954;0.328290
1.610000;-0.406550;-0.110930;0.327440
1.610500;-0.288210;-0.131360;0.329660
1.611000;-0.157340;-0.150990;0.327920
1.611500;-0.046878;-0.164330;0.319260
1.612000;0.052921;-0.180870;0.320420
1.612500;0.123880;-0.177380;0.322900
1.613000;0.153580;-0.174930;0.324090
1.613500;0.170000;-0.166210;0.303970
1.614000;0.164190;-0.153100;0.266510
1.614500;0.134420;-0.145620;0.212530
1.615000;0.118250;-0.139100;0.174550
1.615500;0.112350;-0.121930;0.133960
1.616000;0.110240;-0.105650;0.096829
1.616500;0.094618;-0.075616;0.073091
1.617000;0.104010;-0.059466;0.053090
1.617500;0.115850;-0.034738;0.053904
1.618000;0.121440;-0.013550;0.079212
1.618500;0.128190;0.024902;0.105010
1.619000;0.140730;0.058409;0.113140
1.619500;0.170300;0.080317;0.105840
1.620000;0.199170;0.098042;0.092517
1.620500;0.228560;0.101920;0.073174
1.621000;0.248710;0.117580;0.049991
1.621500;0.263790;0.132380;-0.002608
1.622000;0.274240;0.123770;-0.044890
1.622500;0.262780;0.128540;-0.093042
1.623000;0.244150;0.127650;-0.139490
1.623500;0.225760;0.134940;-0.176470
1.624000;0.220260;0.129420;-0.244550
1.624500;0.223610;0.125050;-0.277760
1.625000;0.250270;0.118520;-0.344820
1.625500;0.281240;0.127230;-0.396080
1.626000;0.323280;0.114930;-0.456060
1.626500;0.376070;0.108400;-0.509110
1.627000;0.398810;0.117840;-0.569700
1.627500;0.414440;0.116960;-0.600120
1.628000;0.413340;0.119320;-0.621240
1.628500;0.391430;0.116370;-0.634280
1.629000;0.353920;0.107390;-0.633780
1.629500;0.300840;0.102680;-0.622860
1.630000;0.220530;0.091083;-0.609330
1.630500;0.127400;0.075648;-0.584310
1.631000;0.016121;0.061852;-0.569080
1.631500;-0.112040;0.039919;-0.532550
1.632000;-0.229960;0.006874;-0.483090
1.632500;-0.332690;-0.034790;-0.445750
1.633000;-0.455730;-0.048040;-0.413320
1.633500;-0.538850;-0.038879;-0.395110
1.634000;-0.577410;-0.091900;-0.381480
1.634500;-0.643890;-0.096842;-0.372740
1.635000;-0.618810;-0.102300;-0.372130
1.635500;-0.587850;-0.096207;-0.426340
1.636000;-0.490120;-0.120520;-0.441280
1.636500;-0.354990;-0.137850;-0.466790
1.637000;-0.236210;-0.109060;-0.512110
1.637500;-0.091095;-0.143020;-0.516570
1.638000;0.043316;-0.141420;-0.502220
1.638500;0.119790;-0.111430;-0.503520
1.639000;0.172880;-0.102760;-0.495520
1.639500;0.225990;-0.100910;-0.480980
1.640000;0.214460;-0.078746;-0.463860
1.640500;0.184350;-0.084291;-0.402470
1.641000;0.150040;-0.083450;-0.311930
1.641500;0.084174;-0.058180;-0.236890
1.642000;0.016353;-0.054935;-0.128100
1.642500;-0.031538;-0.056522;-0.031282
1.643000;-0.089101;-0.027641;0.054419
1.643500;-0.141620;-0.024009;0.160740
1.644000;-0.175670;-0.029560;0.277570
1.644500;-0.229540;0.010766;0.369740
1.645000;-0.255570;0.007038;0.455700
1.645500;-0.273420;0.017055;0.538780
1.646000;-0.298220;0.047394;0.548610
1.646500;-0.269970;0.051830;0.550450
1.647000;-0.218850;0.047800;0.526380
1.647500;-0.171610;0.081537;0.467940
1.648000;-0.091063;0.104070;0.378300
1.648500;0.035158;0.095548;0.289830
1.649000;0.162770;0.111400;0.198980
1.649500;0.282750;0.128950;0.115560
1.650000;0.395460;0.142500;0.043237
1.650500;0.499930;0.152170;-0.027031
1.651000;0.551230;0.176390;-0.077481
1.651500;0.585160;0.187240;-0.115320
1.652000;0.603930;0.189970;-0.131970
1.652500;0.607380;0.185570;-0.134520
1.653000;0.577510;0.177040;-0.117800
1.653500;0.503680;0.174390;-0.109460
1.654000;0.410810;0.160910;-0.100610
1.654500;0.286950;0.144450;-0.059713
1.655000;0.141880;0.123110;-0.034011
1.655500;-0.026327;0.110530;-0.013093
1.656000;-0.196610;0.092739;-0.011228
1.656500;-0.359170;0.082341;0.012228
1.657000;-0.483650;0.071209;0.028004
1.657500;-0.564790;0.065273;0.022022
1.658000;-0.592310;0.051774;-0.005546
1.658500;-0.579060;0.046533;-0.080913
1.659000;-0.532940;0.050984;-0.167780
1.659500;-0.416660;0.031203;-0.269420
1.660000;-0.273780;0.026411;-0.360820
1.660500;-0.126350;0.015174;-0.458410
1.661000;0.028988;0.001483;-0.555040
1.661500;0.156120;-0.006120;-0.661800
1.662000;0.275150;-0.019048;-0.732970
1.662500;0.369520;-0.020832;-0.776680
1.663000;0.445000;-0.034084;-0.802170
1.663500;0.502400;-0.051558;-0.787080
1.664000;0.529720;-0.054517;-0.762300
1.664500;0.511060;-0.048393;-0.730750
1.665000;0.459730;-0.047568;-0.673050
1.665500;0.394110;-0.051906;-0.602520
1.666000;0.306120;-0.049566;-0.517060
1.666500;0.209450;-0.045333;-0.442230
1.667000;0.112110;-0.030972;-0.365670
1.667500;0.044121;-0.021401;-0.321800
1.668000;0.013077;-0.022764;-0.275570
1.668500;0.000498;-0.020277;-0.228410
1.669000;0.031884;-0.022908;-0.172690
1.669500;0.075887;-0.024477;-0.108960
1.670000;0.119860;-0.022492;-0.052353
1.670500;0.144210;-0.005525;0.007911
1.671000;0.174620;-0.007775;0.069349
1.671500;0.179460;-0.026297;0.146790
1.672000;0.139760;0.016756;0.200920
1.672500;0.130200;-0.002179;0.253240
1.673000;0.107940;-0.035925;0.278690
1.673500;0.085505;-0.017140;0.313680
1.674000;0.054668;-0.019839;0.305900
1.674500;0.045921;-0.061042;0.326520
1.675000;0.017648;-0.043813;0.364930
1.675500;-0.019076;-0.025860;0.370480
1.676000;-0.053162;-0.020015;0.414790
1.676500;-0.093149;-0.017680;0.439170
1.677000;-0.118260;0.006666;0.470290
1.677500;-0.153830;0.039837;0.487810
1.678000;-0.171200;0.047820;0.513190
1.678500;-0.196680;0.097611;0.546260
1.679000;-0.233380;0.131400;0.531290
1.679500;-0.262940;0.160980;0.528700
1.680000;-0.310560;0.187720;0.493830
1.680500;-0.364630;0.203440;0.461840
1.681000;-0.446310;0.220380;0.430850
1.681500;-0.517590;0.221250;0.399170
1.682000;-0.577880;0.164120;0.373480
1.682500;-0.681410;0.225450;0.354120
1.683000;-0.699470;0.183760;0.331490
1.683500;-0.748090;0.162610;0.329400
1.684000;-0.745880;0.136750;0.339380
1.684500;-0.676840;0.104910;0.354420
1.685000;-0.620700;0.132450;0.310280
1.685500;-0.502660;0.086164;0.316220
1.686000;-0.372850;0.068386;0.326320
1.686500;-0.270790;0.080624;0.316650
1.687000;-0.160990;0.078324;0.334840
1.687500;-0.054664;0.071272;0.344660
1.688000;0.018859;0.091061;0.362330
1.688500;0.083119;0.090997;0.363740
1.689000;0.142620;0.091802;0.388920
1.689500;0.170580;0.092076;0.397930
1.690000;0.191240;0.091911;0.411210
1.690500;0.188960;0.097366;0.442830
1.691000;0.191170;0.095027;0.461530
1.691500;0.166810;0.103860;0.463540
1.692000;0.119780;0.110430;0.472280
1.692500;0.090463;0.113610;0.474620
1.693000;0.043125;0.135170;0.449070
1.693500;0.018727;0.143500;0.450450
1.694000;0.014647;0.161210;0.428510
1.694500;0.029712;0.160070;0.383350
1.695000;0.047943;0.224480;0.366390
1.695500;0.099912;0.202800;0.303950
1.696000;0.145560;0.242780;0.288080
1.696500;0.189650;0.241540;0.230140
1.697000;0.246720;0.230200;0.179860
1.697500;0.276060;0.279930;0.097941
1.698000;0.321910;0.281890;0.021311
1.698500;0.341160;0.287740;-0.034505
1.699000;0.362290;0.287720;-0.108540
1.699500;0.369720;0.308840;-0.145920
1.700000;0.376980;0.303670;-0.210330
1.700500;0.375590;0.294500;-0.254440
1.701000;0.332980;0.305660;-0.315360
1.701500;0.285860;0.304450;-0.337000
1.702000;0.216240;0.289410;-0.345860
1.702500;0.142570;0.274310;-0.320940
1.703000;0.037953;0.278720;-0.299930
1.703500;-0.037845;0.256250;-0.277000
1.704000;-0.113920;0.255690;-0.243670
1.704500;-0.155330;0.210860;-0.231800
1.705000;-0.186460;0.180510;-0.198340
1.705500;-0.243420;0.237090;-0.187950
1.706000;-0.203290;0.168700;-0.162660
1.706500;-0.223110;0.140520;-0.157440
1.707000;-0.237960;0.175630;-0.162630
1.707500;-0.266480;0.172570;-0.226720
1.708000;-0.240530;0.106810;-0.233520
1.708500;-0.263480;0.138930;-0.227080
1.709000;-0.290520;0.177740;-0.289490
1.709500;-0.250900;0.125380;-0.306950
1.710000;-0.248810;0.117770;-0.324850
1.710500;-0.220280;0.139760;-0.335550
1.711000;-0.200550;0.154470;-0.358920
1.711500;-0.141190;0.120280;-0.352820
1.712000;-0.123050;0.162800;-0.364720
1.712500;-0.122370;0.198290;-0.394390
1.713000;-0.104880;0.205340;-0.395690
1.713500;-0.091979;0.221430;-0.397080
1.714000;-0.084932;0.238470;-0.389090
1.714500;-0.078114;0.248750;-0.378950
1.715000;-0.061341;0.252350;-0.370120
1.715500;-0.044030;0.238400;-0.356130
1.716000;-0.019748;0.226530;-0.319930
1.716500;-0.008762;0.232380;-0.284630
1.717000;-0.015342;0.210090;-0.229990
1.717500;-0.017080;0.203650;-0.157260
1.718000;-0.035945;0.209150;-0.087519
1.718500;-0.070838;0.220240;-0.019283
1.719000;-0.089154;0.221830;0.032503
1.719500;-0.091805;0.225270;0.080131
1.720000;-0.069519;0.238940;0.103540
1.720500;-0.046461;0.252880;0.108990
1.721000;-0.011738;0.258270;0.090713
1.721500;0.037915;0.262330;0.048662
1.722000;0.089412;0.270990;0.001944
1.722500;0.141930;0.273780;-0.043860
1.723000;0.173390;0.273890;-0.080132
1.723500;0.213410;0.274190;-0.104380
1.724000;0.248740;0.264960;-0.113500
1.724500;0.259330;0.262270;-0.127850
1.725000;0.264040;0.246370;-0.119510
1.725500;0.250950;0.231810;-0.118020
1.726000;0.213140;0.231300;-0.094446
1.726500;0.159780;0.207020;-0.079563
1.727000;0.075087;0.196950;-0.056235
1.727500;-0.018411;0.182130;-0.060313
1.728000;-0.110590;0.149240;-0.049354
1.728500;-0.222360;0.121290;-0.028292
1.729000;-0.308120;0.097099;-0.009916
1.729500;-0.374910;0.059414;0.010949
1.730000;-0.437970;0.021625;0.006595
1.730500;-0.496960;-0.004845;0.007159
1.731000;-0.529610;-0.035937;0.012235
1.731500;-0.534170;-0.063139;0.021408
1.732000;-0.519840;-0.087766;0.060901
1.732500;-0.467440;-0.114850;0.084636
1.733000;-0.401770;-0.125290;0.103220
1.733500;-0.308320;-0.155130;0.112550
1.734000;-0.219170;-0.167950;0.126210
1.734500;-0.135000;-0.173170;0.128860
1.735000;-0.055468;-0.179360;0.143110
1.735500;0.012928;-0.218920;0.153620
1.736000;0.037724;-0.228950;0.142870
1.736500;0.048002;-0.244950;0.148440
1.737000;0.009154;-0.244310;0.141530
1.737500;-0.017752;-0.275570;0.185620
1.738000;-0.050565;-0.298070;0.264330
1.738500;-0.106630;-0.276690;0.314050
1.739000;-0.110530;-0.291000;0.366720
1.739500;-0.107350;-0.298330;0.412300
1.740000;-0.101900;-0.280740;0.440540
1.740500;-0.071573;-0.272510;0.477260
1.741000;-0.030745;-0.257470;0.502350
1.741500;0.005489;-0.238430;0.519810
1.742000;0.050967;-0.226750;0.526020
1.742500;0.094113;-0.201370;0.500280
1.743000;0.141530;-0.189660;0.480280
1.743500;0.188830;-0.176880;0.478260
1.744000;0.221260;-0.172850;0.464240
1.744500;0.247900;-0.159730;0.447730
1.745000;0.266970;-0.176710;0.426730
1.745500;0.266520;-0.180190;0.432790
1.746000;0.242390;-0.173170;0.441580
1.746500;0.214960;-0.181390;0.467470
1.747000;0.183430;-0.176770;0.501450
1.747500;0.162840;-0.168610;0.513260
1.748000;0.150140;-0.154560;0.509240
1.748500;0.144100;-0.146180;0.468730
1.749000;0.154890;-0.130340;0.421920
1.749500;0.186460;-0.128430;0.362200
1.750000;0.211850;-0.109800;0.312400
1.750500;0.240920;-0.089724;0.249110
1.751000;0.258320;-0.085183;0.199580
1.751500;0.253270;-0.058819;0.147990
1.752000;0.230620;-0.038981;0.110070
1.752500;0.200320;-0.042873;0.094928
1.753000;0.131440;-0.034636;0.112610
1.753500;0.060196;-0.038211;0.121660
1.754000;-0.035881;-0.041143;0.135400
1.754500;-0.148040;-0.048580;0.149990
1.755000;-0.244910;-0.069315;0.165870
1.755500;-0.342940;-0.085428;0.187600
1.756000;-0.415670;-0.114980;0.225360
1.756500;-0.458610;-0.139700;0.247230
1.757000;-0.480520;-0.153720;0.253970
1.757500;-0.483580;-0.179470;0.259270
1.758000;-0.435500;-0.208710;0.269600
1.758500;-0.373410;-0.227690;0.272170
1.759000;-0.289680;-0.244680;0.258090
1.759500;-0.191870;-0.251800;0.219430
1.760000;-0.086300;-0.267120;0.184150
1.760500;0.025608;-0.275410;0.143830
1.761000;0.139990;-0.262120;0.075400
1.761500;0.240290;-0.249310;0.009704
1.762000;0.345390;-0.249750;-0.057021
1.762500;0.425700;-0.231470;-0.125740
1.763000;0.459530;-0.213850;-0.195550
1.763500;0.466240;-0.197690;-0.254630
1.764000;0.431010;-0.188770;-0.298030
1.764500;0.363090;-0.185260;-0.305060
1.765000;0.281390;-0.176960;-0.286650
1.765500;0.187920;-0.175620;-0.257450
1.766000;0.091510;-0.180100;-0.204140
1.766500;-0.011926;-0.187100;-0.166600
1.767000;-0.100290;-0.203930;-0.106870
1.767500;-0.168620;-0.220880;-0.038196
1.768000;-0.209490;-0.228420;0.026836
1.768500;-0.229930;-0.241740;0.077100
1.769000;-0.237380;-0.244490;0.140730
1.769500;-0.226580;-0.228110;0.187970
1.770000;-0.167820;-0.214930;0.231610
1.770500;-0.067400;-0.208180;0.239370
1.771000;0.047358;-0.195470;0.205980
1.771500;0.183260;-0.187030;0.154610
1.772000;0.311970;-0.180030;0.095170
1.772500;0.423710;-0.188200;0.041449
1.773000;0.506550;-0.189600;-0.026137
1.773500;0.545430;-0.187830;-0.089865
1.774000;0.556960;-0.195910;-0.129340
1.774500;0.537590;-0.199570;-0.173880
1.775000;0.473000;-0.192770;-0.215800
1.775500;0.415760;-0.206470;-0.253320
1.776000;0.338740;-0.212750;-0.269180
1.776500;0.239780;-0.201960;-0.269250
1.777000;0.143370;-0.195580;-0.256760
1.777500;0.027807;-0.197000;-0.232660
1.778000;-0.077853;-0.197870;-0.179220
1.778500;-0.185100;-0.201570;-0.114830
1.779000;-0.294060;-0.205890;-0.042332
1.779500;-0.392040;-0.207140;0.027775
1.780000;-0.486330;-0.208320;0.081875
1.780500;-0.568080;-0.212950;0.131280
1.781000;-0.620220;-0.222780;0.153710
1.781500;-0.651700;-0.230730;0.170180
1.782000;-0.650240;-0.244490;0.171510
1.782500;-0.636440;-0.246460;0.168290
1.783000;-0.602870;-0.247370;0.139930
1.783500;-0.547880;-0.250250;0.095503
1.784000;-0.490580;-0.245400;0.046112
1.784500;-0.442810;-0.230640;-0.004290
1.785000;-0.391300;-0.219950;-0.047976
1.785500;-0.344880;-0.214430;-0.065800
1.786000;-0.292060;-0.199080;-0.112000
1.786500;-0.229520;-0.204310;-0.147190
1.787000;-0.163720;-0.224260;-0.181430
1.787500;-0.093062;-0.233510;-0.223440
1.788000;-0.031979;-0.228600;-0.240850
1.788500;0.022188;-0.230320;-0.243110
1.789000;0.066206;-0.227580;-0.228450
1.789500;0.097255;-0.229540;-0.203530
1.790000;0.114750;-0.229260;-0.167290
1.790500;0.143020;-0.224530;-0.108180
1.791000;0.142860;-0.219040;-0.034933
1.791500;0.141450;-0.210680;0.042082
1.792000;0.128530;-0.197580;0.126190
1.792500;0.105760;-0.178230;0.200700
1.793000;0.089157;-0.155760;0.268060
1.793500;0.073891;-0.138570;0.316410
1.794000;0.072932;-0.130760;0.348870
1.794500;0.098971;-0.129980;0.372270
1.795000;0.129420;-0.127430;0.380440
1.795500;0.159060;-0.125680;0.388670
1.796000;0.210990;-0.128000;0.385450
1.796500;0.273740;-0.125700;0.363740
1.797000;0.330560;-0.123860;0.326980
1.797500;0.410640;-0.124920;0.264390
1.798000;0.470370;-0.126950;0.202540
1.798500;0.524170;-0.141810;0.162080
1.799000;0.562780;-0.150010;0.139800
1.799500;0.584020;-0.153090;0.122050
1.800000;0.579370;-0.156700;0.109220
1.800500;0.554000;-0.159850;0.090579
1.801000;0.524670;-0.169880;0.091408
1.801500;0.466570;-0.170080;0.089113
1.802000;0.416150;-0.171980;0.065719
1.802500;0.365470;-0.170910;0.036115
1.803000;0.300810;-0.177310;-0.000622
1.803500;0.245390;-0.182230;-0.029919
1.804000;0.176090;-0.187580;-0.066308
1.804500;0.116370;-0.194430;-0.088237
1.805000;0.067799;-0.193990;-0.129170
1.805500;0.023427;-0.193200;-0.162720
1.806000;-0.004931;-0.207350;-0.194820
1.806500;-0.017351;-0.216330;-0.215620
1.807000;-0.023796;-0.228480;-0.224270
1.807500;-0.020303;-0.252910;-0.211200
1.808000;-0.012276;-0.265700;-0.173810
1.808500;-0.012249;-0.277750;-0.121010
1.809000;0.007461;-0.292820;-0.061405
1.809500;0.030397;-0.301410;-0.028787
1.810000;0.036382;-0.302060;0.004648
1.810500;0.060735;-0.327790;0.043966
1.811000;0.091019;-0.332310;0.088386
1.811500;0.105780;-0.322710;0.117470
1.812000;0.123110;-0.329880;0.140470
1.812500;0.134740;-0.332450;0.148010
1.813000;0.130180;-0.329460;0.168070
1.813500;0.125600;-0.328600;0.190910
1.814000;0.126080;-0.316130;0.214900
1.814500;0.118970;-0.303550;0.228030
1.815000;0.105950;-0.299500;0.249530
1.815500;0.092082;-0.291170;0.271800
1.816000;0.063607;-0.281360;0.295330
1.816500;0.032646;-0.270590;0.312160
1.817000;-0.022597;-0.259170;0.325140
1.817500;-0.089381;-0.252270;0.313400
1.818000;-0.147420;-0.246130;0.297590
1.818500;-0.220720;-0.231200;0.273720
1.819000;-0.293360;-0.213450;0.256940
1.819500;-0.351870;-0.196110;0.228470
1.820000;-0.396080;-0.179760;0.192050
1.820500;-0.406740;-0.170530;0.148860
1.821000;-0.398240;-0.160140;0.091875
1.821500;-0.364760;-0.144850;0.038779
1.822000;-0.305660;-0.135580;-0.011324
1.822500;-0.247090;-0.110310;-0.053646
1.823000;-0.200760;-0.077845;-0.104630
1.823500;-0.160590;-0.044381;-0.145480
1.824000;-0.105150;-0.029570;-0.174830
1.824500;-0.057984;-0.017046;-0.182780
1.825000;-0.034020;-0.009551;-0.201150
1.825500;-0.025194;-0.007413;-0.213050
1.826000;-0.033279;-0.018489;-0.206190
1.826500;-0.068610;-0.024847;-0.186250
1.827000;-0.113040;-0.038226;-0.152210
1.827500;-0.192710;-0.050503;-0.112800
1.828000;-0.281490;-0.058507;-0.059669
1.828500;-0.357180;-0.097084;-0.008308
1.829000;-0.444800;-0.122290;0.059353
1.829500;-0.516140;-0.152300;0.106030
1.830000;-0.565410;-0.181920;0.162630
1.830500;-0.599260;-0.207130;0.211220
1.831000;-0.617600;-0.223470;0.257750
1.831500;-0.601110;-0.244020;0.280990
1.832000;-0.578180;-0.251960;0.285700
1.832500;-0.527500;-0.265750;0.264400
1.833000;-0.453290;-0.286340;0.248720
1.833500;-0.388460;-0.288490;0.224750
1.834000;-0.331400;-0.287590;0.209010
1.834500;-0.279810;-0.275250;0.185450
1.835000;-0.246150;-0.245640;0.141410
1.835500;-0.211010;-0.227810;0.104140
1.836000;-0.174730;-0.209480;0.048723
1.836500;-0.150310;-0.186490;-0.004629
1.837000;-0.107500;-0.182740;-0.070091
1.837500;-0.062592;-0.180300;-0.127720
1.838000;-0.037758;-0.162390;-0.190460
1.838500;-0.011392;-0.146290;-0.239860
1.839000;0.009819;-0.123680;-0.278440
1.839500;0.016201;-0.103870;-0.300500
1.840000;0.041910;-0.081432;-0.316080
1.840500;0.066135;-0.057651;-0.339470
1.841000;0.098619;-0.037017;-0.337230
1.841500;0.144980;-0.015250;-0.346180
1.842000;0.178990;-0.000342;-0.322490
1.842500;0.198310;0.013465;-0.293020
1.843000;0.199540;0.036990;-0.269690
1.843500;0.177000;0.060412;-0.243450
1.844000;0.172390;0.059388;-0.223510
1.844500;0.162560;0.069001;-0.224950
1.845000;0.145110;0.066077;-0.221600
1.845500;0.148000;0.066678;-0.207240
1.846000;0.137160;0.070653;-0.226210
1.846500;0.137370;0.070410;-0.245950
1.847000;0.155740;0.065521;-0.287120
1.847500;0.178830;0.080891;-0.336930
1.848000;0.209810;0.073741;-0.379150
1.848500;0.254210;0.077421;-0.409040
1.849000;0.308700;0.083252;-0.436360
1.849500;0.363350;0.097366;-0.466080
1.850000;0.427900;0.113950;-0.504710
1.850500;0.474150;0.120730;-0.555210
1.851000;0.535990;0.129570;-0.595150
1.851500;0.553180;0.144090;-0.632130
1.852000;0.549270;0.164070;-0.655010
1.852500;0.529360;0.173720;-0.672600
1.853000;0.472640;0.193170;-0.670710
1.853500;0.396680;0.214490;-0.687570
1.854000;0.317180;0.223600;-0.681020
1.854500;0.227500;0.221660;-0.672420
1.855000;0.134400;0.234200;-0.649980
1.855500;0.057332;0.244370;-0.664390
1.856000;-0.010496;0.247660;-0.686020
1.856500;-0.050470;0.235260;-0.717890
1.857000;-0.083383;0.228340;-0.715690
1.857500;-0.102990;0.222800;-0.706590
1.858000;-0.104050;0.221720;-0.672580
1.858500;-0.093531;0.224510;-0.644610
1.859000;-0.075352;0.222060;-0.605100
1.859500;-0.067823;0.234730;-0.572770
1.860000;-0.049847;0.237760;-0.534410
1.860500;-0.024055;0.225790;-0.482290
1.861000;-0.014064;0.228310;-0.428410
1.861500;-0.018570;0.228270;-0.380280
1.862000;-0.022218;0.205390;-0.320240
1.862500;-0.038514;0.182490;-0.253610
1.863000;-0.072201;0.170060;-0.178490
1.863500;-0.119260;0.149310;-0.104640
1.864000;-0.179780;0.130970;-0.039296
1.864500;-0.241000;0.108940;0.032536
1.865000;-0.314370;0.094464;0.083843
1.865500;-0.400960;0.100060;0.136390
1.866000;-0.457870;0.095366;0.181550
1.866500;-0.513050;0.086300;0.244320
1.867000;-0.544930;0.088262;0.277410
1.867500;-0.563420;0.126270;0.303190
1.868000;-0.530670;0.107080;0.305920
1.868500;-0.491720;0.135880;0.324570
1.869000;-0.461110;0.157120;0.306240
1.869500;-0.415540;0.144090;0.319450
1.870000;-0.380560;0.177220;0.292450
1.870500;-0.344900;0.188480;0.249580
1.871000;-0.302790;0.166560;0.225740
1.871500;-0.266050;0.166240;0.202000
1.872000;-0.252290;0.189950;0.171000
1.872500;-0.221320;0.175900;0.144270
1.873000;-0.206500;0.167330;0.108820
1.873500;-0.213750;0.179170;0.084202
1.874000;-0.203420;0.169150;0.089225
1.874500;-0.212360;0.169190;0.101560
1.875000;-0.236390;0.161640;0.123200
1.875500;-0.258670;0.161270;0.145600
1.876000;-0.299940;0.164540;0.172870
1.876500;-0.344760;0.182710;0.183400
1.877000;-0.373210;0.165440;0.200300
1.877500;-0.404910;0.153460;0.220660
1.878000;-0.458880;0.174050;0.206920
1.878500;-0.484350;0.153140;0.221660
1.879000;-0.494270;0.120540;0.236940
1.879500;-0.543300;0.129720;0.248810
1.880000;-0.567610;0.108400;0.264300
1.880500;-0.585600;0.105220;0.287790
1.881000;-0.593850;0.093917;0.302000
1.881500;-0.585840;0.082794;0.334760
1.882000;-0.562910;0.085866;0.346810
1.882500;-0.523550;0.088417;0.358060
1.883000;-0.462140;0.079334;0.369740
1.883500;-0.409000;0.098253;0.368880
1.884000;-0.356850;0.115080;0.353800
1.884500;-0.298310;0.121850;0.336390
1.885000;-0.253690;0.143950;0.326140
1.885500;-0.213080;0.167620;0.318990
1.886000;-0.169370;0.179640;0.304420
1.886500;-0.129900;0.198180;0.288110
1.887000;-0.105990;0.213910;0.260750
1.887500;-0.074408;0.221800;0.233600
1.888000;-0.063350;0.229530;0.196940
1.888500;-0.067185;0.249440;0.167920
1.889000;-0.077313;0.268920;0.143110
1.889500;-0.095097;0.285820;0.128970
1.890000;-0.121090;0.297190;0.114180
1.890500;-0.117330;0.300920;0.118690
1.891000;-0.142580;0.321430;0.130770
1.891500;-0.158500;0.337520;0.140490
1.892000;-0.171120;0.339730;0.152260
1.892500;-0.188460;0.356590;0.149370
1.893000;-0.211170;0.366280;0.127110
1.893500;-0.217320;0.364710;0.111840
1.894000;-0.220910;0.367200;0.100410
1.894500;-0.199980;0.366630;0.098778
1.895000;-0.152400;0.363560;0.092771
1.895500;-0.110220;0.371190;0.081756
1.896000;-0.071480;0.379510;0.062511
1.896500;-0.020900;0.384490;0.035471
1.897000;0.019669;0.395690;0.023768
1.897500;0.057213;0.410120;-0.002881
1.898000;0.071343;0.422750;-0.016666
1.898500;0.078709;0.436540;-0.036515
1.899000;0.089181;0.436660;-0.056829
1.899500;0.081214;0.443670;-0.076490
1.900000;0.058588;0.443180;-0.082708
1.900500;0.038091;0.440780;-0.084368
1.901000;-0.002545;0.436690;-0.067297
1.901500;-0.045696;0.418200;-0.040704
1.902000;-0.079848;0.405440;-0.017735
1.902500;-0.119850;0.388810;-0.003963
1.903000;-0.153330;0.378770;0.029853
1.903500;-0.180520;0.353310;0.058267
1.904000;-0.187990;0.344280;0.107410
1.904500;-0.183170;0.341500;0.127830
1.905000;-0.151560;0.333490;0.149730
1.905500;-0.107660;0.317630;0.146860
1.906000;-0.063745;0.314050;0.132410
1.906500;-0.016299;0.322520;0.115260
1.907000;0.018460;0.322660;0.107380
1.907500;0.055986;0.318910;0.100340
1.908000;0.094312;0.320040;0.074152
1.908500;0.116980;0.338800;0.035272
1.909000;0.142210;0.341590;-0.014073
1.909500;0.188390;0.332400;-0.050304
1.910000;0.217040;0.336480;-0.096935
1.910500;0.242620;0.349810;-0.152170
1.911000;0.265880;0.345780;-0.214810
1.911500;0.271260;0.341150;-0.268710
1.912000;0.264750;0.328200;-0.314970
1.912500;0.230200;0.324460;-0.335600
1.913000;0.176460;0.332620;-0.334240
1.913500;0.138670;0.330200;-0.324080
1.914000;0.102240;0.298740;-0.305170
1.914500;0.019689;0.321940;-0.284730
1.915000;-0.018810;0.310910;-0.256670
1.915500;-0.090065;0.327900;-0.199280
1.916000;-0.167600;0.296440;-0.138940
1.916500;-0.224640;0.276930;-0.055013
1.917000;-0.310540;0.305830;-0.042012
1.917500;-0.380860;0.299210;-0.025429
1.918000;-0.436470;0.272500;-0.011210
1.918500;-0.488790;0.262060;-0.026824
1.919000;-0.510900;0.265720;-0.063172
1.919500;-0.472600;0.232840;-0.119970
1.920000;-0.419830;0.226460;-0.205650
1.920500;-0.348530;0.218000;-0.314560
1.921000;-0.250200;0.197930;-0.409460
1.921500;-0.148760;0.186230;-0.495440
1.922000;-0.058669;0.190230;-0.567150
1.922500;0.010587;0.200560;-0.634540
1.923000;0.059029;0.197550;-0.671100
1.923500;0.068567;0.192360;-0.698210
1.924000;0.060357;0.187510;-0.687000
1.924500;0.010495;0.192300;-0.668660
1.925000;-0.076361;0.196480;-0.639290
1.925500;-0.152940;0.171540;-0.597900
1.926000;-0.275840;0.183320;-0.583850
1.926500;-0.429020;0.191190;-0.590980
1.927000;-0.561000;0.171520;-0.568430
1.927500;-0.710000;0.172740;-0.553740
1.928000;-0.838370;0.179840;-0.518710
1.928500;-0.913750;0.152370;-0.493060
1.929000;-0.980990;0.156720;-0.506050
1.929500;-0.999560;0.154370;-0.536160
1.930000;-0.958950;0.136810;-0.536760
1.930500;-0.890230;0.139790;-0.544120
1.931000;-0.776040;0.141040;-0.538400
1.931500;-0.637420;0.139100;-0.553670
1.932000;-0.485840;0.134750;-0.574220
1.932500;-0.338080;0.133530;-0.587210
1.933000;-0.206980;0.127380;-0.571610
1.933500;-0.103500;0.128680;-0.519080
1.934000;-0.018772;0.132810;-0.463110
1.934500;0.025000;0.138360;-0.398860
1.935000;0.032616;0.149750;-0.329770
1.935500;0.033694;0.148340;-0.235230
1.936000;0.016672;0.147710;-0.131500
1.936500;-0.028772;0.161740;-0.027675
1.937000;-0.085696;0.168260;0.065733
1.937500;-0.138700;0.177490;0.154150
1.938000;-0.193530;0.194690;0.227120
1.938500;-0.243970;0.211380;0.298830
1.939000;-0.276170;0.230620;0.356540
1.939500;-0.282290;0.260360;0.411660
1.940000;-0.256330;0.292930;0.429540
1.940500;-0.193260;0.304230;0.439690
1.941000;-0.107890;0.309650;0.432270
1.941500;-0.015033;0.329870;0.416470
1.942000;0.073512;0.338120;0.407510
1.942500;0.149950;0.351400;0.397590
1.943000;0.225830;0.356010;0.378650
1.943500;0.266760;0.361230;0.342180
1.944000;0.294060;0.359500;0.319180
1.944500;0.324800;0.339590;0.296240
1.945000;0.336670;0.326970;0.269350
1.945500;0.334710;0.304680;0.251590
1.946000;0.325970;0.283370;0.236280
1.946500;0.313080;0.257300;0.221530
1.947000;0.286820;0.233650;0.238100
1.947500;0.261610;0.222820;0.252860
1.948000;0.233550;0.217110;0.268290
1.948500;0.194700;0.213440;0.270630
1.949000;0.174000;0.187610;0.261670
1.949500;0.121510;0.200150;0.251990
1.950000;0.075713;0.192810;0.234800
1.950500;0.047784;0.170740;0.214830
1.951000;-0.002183;0.181780;0.182370
1.951500;-0.009344;0.154420;0.149360
1.952000;-0.034242;0.081734;0.098465
1.952500;-0.030496;0.091995;0.126890
1.953000;-0.091049;0.100130;0.081197
1.953500;-0.079632;0.052443;0.109760
1.954000;-0.063911;0.006871;0.168670
1.954500;-0.081897;0.048319;0.170390
1.955000;-0.043929;-0.019324;0.231530
1.955500;-0.020092;-0.075945;0.311110
1.956000;-0.015894;-0.067795;0.378910
1.956500;0.002787;-0.097741;0.443600
1.957000;0.043502;-0.132370;0.500280
1.957500;0.035594;-0.113550;0.521830
1.958000;0.057725;-0.145530;0.556850
1.958500;0.063184;-0.149730;0.594310
1.959000;0.072765;-0.140840;0.620940
1.959500;0.078793;-0.148100;0.630240
1.960000;0.099109;-0.157600;0.639320
1.960500;0.078841;-0.123290;0.641830
1.961000;0.066003;-0.122560;0.641800
1.961500;0.051608;-0.117000;0.660880
1.962000;0.029267;-0.086694;0.662110
1.962500;0.046945;-0.107420;0.662150
1.963000;0.048056;-0.088797;0.656360
1.963500;0.032453;-0.081500;0.589900
1.964000;0.049462;-0.082982;0.573830
1.964500;0.052725;-0.091596;0.523600
1.965000;0.031733;-0.072946;0.500350
1.965500;0.030655;-0.070771;0.446940
1.966000;0.042108;-0.062031;0.408750
1.966500;0.013697;-0.046015;0.358490
1.967000;-0.015229;-0.036550;0.343430
1.967500;-0.005587;-0.046029;0.353770
1.968000;-0.031735;-0.031073;0.359010
1.968500;-0.069804;-0.018404;0.367040
1.969000;-0.093592;-0.018071;0.383700
1.969500;-0.119930;0.000478;0.383640
1.970000;-0.143840;0.017159;0.391940
1.970500;-0.156200;0.021107;0.404050
1.971000;-0.142420;0.034520;0.373580
1.971500;-0.114060;0.045359;0.334440
1.972000;-0.068450;0.048169;0.292310
1.972500;-0.023100;0.060544;0.248370
1.973000;0.028265;0.054174;0.221010
1.973500;0.068576;0.052280;0.236610
1.974000;0.073193;0.052295;0.240930
1.974500;0.070791;0.040835;0.263470
1.975000;0.034060;0.023193;0.295040
1.975500;-0.013502;0.005662;0.348300
1.976000;-0.070600;-0.026468;0.407650
1.976500;-0.138420;-0.043577;0.469080
1.977000;-0.204560;-0.064892;0.515070
1.977500;-0.249770;-0.090511;0.562500
1.978000;-0.281540;-0.107730;0.601040
1.978500;-0.306060;-0.102580;0.613290
1.979000;-0.298920;-0.113170;0.615530
1.979500;-0.272560;-0.117180;0.608750
1.980000;-0.222860;-0.101650;0.570080
1.980500;-0.145640;-0.089814;0.525420
1.981000;-0.049173;-0.075464;0.460220
1.981500;0.052205;-0.054000;0.395290
1.982000;0.180920;-0.038091;0.322370
1.982500;0.300250;-0.025160;0.241790
1.983000;0.406260;-0.007801;0.159060
1.983500;0.464050;0.001334;0.096131
1.984000;0.489790;0.020564;0.046528
1.984500;0.459180;0.037903;0.014295
1.985000;0.384310;0.061480;0.013763
1.985500;0.297930;0.058616;0.017511
1.986000;0.219680;0.017488;0.046685
1.986500;0.094046;0.074865;0.076247
1.987000;0.055670;0.002732;0.109650
1.987500;-0.004784;0.030787;0.167390
1.988000;-0.070413;-0.017498;0.185150
1.988500;-0.029659;-0.081074;0.305460
1.989000;-0.057858;-0.044827;0.310280
1.989500;-0.068336;-0.067157;0.330160
1.990000;-0.042522;-0.113470;0.418270
1.990500;-0.064502;-0.083766;0.412200
1.991000;-0.053718;-0.089694;0.439980
1.991500;-0.007318;-0.115010;0.442960
1.992000;-0.003649;-0.091777;0.405630
1.992500;0.009119;-0.121840;0.369570
1.993000;0.036052;-0.129460;0.364210
1.993500;0.022456;-0.135580;0.318950
1.994000;0.015195;-0.170190;0.301640
1.994500;-0.027740;-0.186810;0.258180
1.995000;-0.075783;-0.194200;0.241630
1.995500;-0.134430;-0.213130;0.219830
1.996000;-0.161170;-0.245490;0.248930
1.996500;-0.228670;-0.219850;0.265700
1.997000;-0.269040;-0.205790;0.256730
1.997500;-0.248990;-0.245120;0.302050
1.998000;-0.267340;-0.200980;0.290490
1.998500;-0.286420;-0.182640;0.287760
1.999000;-0.251730;-0.219760;0.313810
1.999500;-0.266610;-0.189850;0.329040
2.000000;-0.289290;-0.187890;0.347270
2.000500;-0.280480;-0.207250;0.374590
2.001000;-0.303090;-0.184080;0.351400
2.001500;-0.309140;-0.206750;0.358320
2.001999;-0.303390;-0.223210;0.373700
2.002500;-0.308010;-0.200960;0.347030
2.003000;-0.251040;-0.236840;0.342640
2.003499;-0.189800;-0.257130;0.334390
2.004000;-0.144550;-0.246610;0.309040
2.004500;-0.073865;-0.265690;0.306520
2.005000;-0.004067;-0.277110;0.314670
2.005500;0.060890;-0.283890;0.324530
2.005999;0.129760;-0.274220;0.339880
2.006500;0.195000;-0.291740;0.342030
2.007000;0.259870;-0.305060;0.372840
2.007499;0.299960;-0.305780;0.395990
2.008000;0.308440;-0.295600;0.425540
2.008500;0.301090;-0.300510;0.462960
2.009000;0.286130;-0.311810;0.495110
2.009500;0.250440;-0.311980;0.514680
2.009999;0.198440;-0.308610;0.521140
2.010500;0.160630;-0.324500;0.539490
2.011000;0.115720;-0.322490;0.577400
2.011499;0.059024;-0.303550;0.603610
2.012000;0.051442;-0.300550;0.618790
2.012500;0.070617;-0.296790;0.601910
2.013000;0.092115;-0.282960;0.569330
2.013500;0.127740;-0.271530;0.543020
2.013999;0.187960;-0.258820;0.525010
2.014500;0.239450;-0.244580;0.506660
2.015000;0.279510;-0.221330;0.471990
2.015499;0.296610;-0.209930;0.440010
2.016000;0.317490;-0.207010;0.404480
2.016500;0.322110;-0.205870;0.373000
2.017000;0.295240;-0.207430;0.371230
2.017500;0.275780;-0.204640;0.352210
2.017999;0.256420;-0.217340;0.339020
2.018500;0.226720;-0.227580;0.328800
2.019000;0.181600;-0.227470;0.309390
2.019499;0.140310;-0.235620;0.303630
2.020000;0.102220;-0.240420;0.310540
2.020500;0.066738;-0.246420;0.306340
2.021000;0.037244;-0.255370;0.298170
2.021500;0.017863;-0.254830;0.270630
2.021999;-0.001737;-0.236750;0.232980
2.022500;-0.004522;-0.275290;0.222970
2.023000;-0.018114;-0.289400;0.245600
2.023499;-0.023827;-0.276170;0.260130
2.024000;-0.046958;-0.311420;0.257220
2.024500;-0.048143;-0.348610;0.267160
2.025000;-0.097726;-0.346000;0.244900
2.025500;-0.118410;-0.397510;0.265070
2.025999;-0.128420;-0.415270;0.307110
2.026500;-0.165130;-0.403170;0.313250
2.027000;-0.172300;-0.445690;0.318250
2.027499;-0.164910;-0.459240;0.295200
2.028000;-0.170110;-0.457890;0.248990
2.028500;-0.120370;-0.467400;0.252870
2.029000;-0.074244;-0.476260;0.203840
2.029500;-0.009819;-0.470190;0.175960
2.029999;0.059760;-0.465450;0.131640
2.030500;0.113400;-0.478120;0.076145
2.031000;0.176310;-0.477390;0.042402
2.031499;0.250610;-0.469650;0.013902
2.032000;0.302380;-0.479630;0.018100
2.032500;0.341570;-0.475910;0.015455
2.033000;0.373990;-0.474130;0.009322
2.033500;0.381650;-0.480850;0.013501
2.033999;0.371410;-0.466530;0.011336
2.034500;0.321870;-0.456150;0.022947
2.035000;0.292640;-0.461620;0.057303
2.035499;0.242030;-0.443370;0.054301
2.036000;0.215150;-0.454120;0.048190
2.036500;0.188940;-0.450130;0.039539
2.037000;0.180760;-0.460430;0.023406
2.037500;0.180970;-0.467980;0.048849
2.037999;0.187950;-0.484350;0.066311
2.038500;0.176650;-0.485100;0.095785
2.039000;0.177120;-0.490250;0.114440
2.039499;0.192430;-0.493330;0.143820
2.040000;0.187530;-0.478040;0.181440
2.040500;0.191090;-0.461390;0.196930
2.041000;0.210650;-0.451950;0.201200
2.041500;0.233660;-0.458500;0.187170
2.041999;0.238750;-0.431420;0.169560
2.042500;0.222010;-0.418650;0.135050
2.043000;0.209490;-0.412280;0.113430
2.043499;0.163190;-0.395330;0.073829
2.044000;0.113420;-0.388040;0.032952
2.044500;0.090668;-0.379810;-0.004283
2.045000;0.071011;-0.370560;-0.058993
2.045500;0.073068;-0.360170;-0.094153
2.045999;0.105760;-0.360790;-0.147350
2.046500;0.137030;-0.340250;-0.189580
2.047000;0.163130;-0.332690;-0.212580
2.047499;0.178660;-0.323250;-0.192350
2.048000;0.165830;-0.296130;-0.162500
2.048500;0.162390;-0.292020;-0.108440
2.049000;0.150100;-0.292950;-0.026694
2.049500;0.092936;-0.276040;0.058420
2.049999;0.060360;-0.281280;0.158040
2.050500;0.028215;-0.298290;0.238180
2.051000;-0.013834;-0.303890;0.307230
2.051499;-0.053549;-0.318770;0.362880
2.052000;-0.084530;-0.346560;0.400550
2.052500;-0.114060;-0.371980;0.445620
2.053000;-0.145650;-0.382470;0.482610
2.053500;-0.177040;-0.384720;0.515320
2.053999;-0.185140;-0.377930;0.539750
2.054500;-0.148820;-0.370440;0.531300
2.055000;-0.105820;-0.356480;0.499230
2.055499;-0.030542;-0.349950;0.445050
2.056000;0.066865;-0.354350;0.392420
2.056500;0.166620;-0.357670;0.339460
2.057000;0.229630;-0.344020;0.283030
2.057500;0.269990;-0.335610;0.229440
2.057999;0.279030;-0.330890;0.182330
2.058500;0.275370;-0.324220;0.145130
2.059000;0.237650;-0.325070;0.123000
2.059500;0.193830;-0.313850;0.133920
2.060000;0.167790;-0.301780;0.143960
2.060500;0.138090;-0.291560;0.165680
2.061000;0.095502;-0.285750;0.188150
2.061500;0.065772;-0.283050;0.204460
2.061999;0.020238;-0.274790;0.218140
2.062500;-0.034976;-0.268180;0.250820
2.063000;-0.098589;-0.262180;0.277660
2.063500;-0.165820;-0.244940;0.285640
2.064000;-0.211370;-0.236790;0.269510
2.064499;-0.245680;-0.242110;0.262710
2.065000;-0.236820;-0.244330;0.237200
2.065500;-0.200460;-0.258910;0.215030
2.065999;-0.150400;-0.273830;0.197900
2.066500;-0.086284;-0.270460;0.159260
2.067000;0.002241;-0.289510;0.111070
2.067500;0.097109;-0.301960;0.056440
2.068000;0.165370;-0.301520;-0.006119
2.068499;0.214360;-0.300550;-0.050771
2.069000;0.254390;-0.311320;-0.093533
2.069500;0.272380;-0.313740;-0.121510
2.069999;0.268950;-0.313030;-0.138940
2.070500;0.243040;-0.308640;-0.147840
2.071000;0.196740;-0.311800;-0.135360
2.071500;0.152720;-0.320410;-0.101280
2.072000;0.067440;-0.316650;-0.061041
2.072499;-0.026639;-0.311680;-0.012159
2.073000;-0.116910;-0.314790;0.034563
2.073500;-0.211160;-0.307670;0.072765
2.073999;-0.295800;-0.308910;0.104280
2.074500;-0.363560;-0.312450;0.112760
2.075000;-0.390280;-0.311110;0.108710
2.075500;-0.387150;-0.318320;0.088196
2.076000;-0.352170;-0.309770;0.051547
2.076499;-0.289300;-0.299000;-0.005664
2.077000;-0.195140;-0.286540;-0.049036
2.077500;-0.075803;-0.267290;-0.098781
2.077999;0.042446;-0.242880;-0.135930
2.078500;0.185060;-0.227090;-0.167640
2.079000;0.326390;-0.210870;-0.193360
2.079500;0.435890;-0.191780;-0.206840
2.080000;0.543450;-0.191180;-0.203860
2.080499;0.607950;-0.180270;-0.184930
2.081000;0.646010;-0.182350;-0.157530
2.081500;0.660020;-0.181470;-0.114820
2.081999;0.611620;-0.168020;-0.092153
2.082500;0.563250;-0.168980;-0.071201
2.083000;0.487890;-0.165900;-0.036127
2.083500;0.388100;-0.143300;0.002144
2.084000;0.305040;-0.122050;0.043924
2.084499;0.234170;-0.113570;0.080630
2.085000;0.155840;-0.091555;0.109450
2.085500;0.116330;-0.064922;0.122290
2.085999;0.102840;-0.046087;0.137310
2.086500;0.114380;-0.026845;0.164880
2.087000;0.157100;-0.016411;0.181960
2.087500;0.211640;-0.002602;0.194400
2.088000;0.279450;0.002678;0.187890
2.088499;0.357300;0.014283;0.185690
2.089000;0.431760;0.017916;0.171230
2.089500;0.503850;0.012344;0.180270
2.089999;0.550910;0.012278;0.172270
2.090500;0.568760;0.016815;0.170780
2.091000;0.556920;0.022222;0.164590
2.091500;0.518410;0.019543;0.152180
2.092000;0.474790;0.011008;0.146870
2.092499;0.407950;0.007019;0.152330
2.093000;0.339240;0.004035;0.161730
2.093500;0.271260;0.006794;0.163620
2.093999;0.215250;0.006924;0.151610
2.094500;0.186160;0.001328;0.149060
2.095000;0.169410;0.010739;0.132290
2.095500;0.146560;0.007857;0.119650
2.096000;0.127700;0.012299;0.134890
2.096499;0.122560;0.003474;0.140110
2.097000;0.084548;0.003454;0.155330
2.097500;0.033094;0.014983;0.175960
2.098000;-0.016004;0.051800;0.181870
2.098500;-0.035082;-0.006275;0.197470
2.099000;-0.089824;-0.017205;0.252830
2.099500;-0.093484;-0.015836;0.310310
2.100000;-0.165390;-0.001369;0.313790
2.100500;-0.198820;-0.058157;0.336440
2.101000;-0.194650;-0.115000;0.416910
2.101500;-0.252870;-0.062022;0.440150
2.102000;-0.286180;-0.113110;0.491100
2.102500;-0.289320;-0.168700;0.545970
2.103000;-0.312820;-0.173290;0.548120
2.103500;-0.337300;-0.175400;0.541340
2.104000;-0.323150;-0.211190;0.534620
2.104500;-0.290970;-0.226260;0.535950
2.105000;-0.257630;-0.222060;0.519660
2.105500;-0.233720;-0.227760;0.507710
2.106000;-0.179700;-0.259350;0.511390
2.106500;-0.142700;-0.247210;0.483730
2.107000;-0.112250;-0.257280;0.456540
2.107500;-0.082953;-0.257530;0.448770
2.108000;-0.070359;-0.264480;0.417880
2.108500;-0.066003;-0.260400;0.435220
2.109000;-0.136590;-0.236560;0.432330
2.109500;-0.228510;-0.245200;0.425300
2.110000;-0.282240;-0.273810;0.458740
2.110500;-0.359810;-0.259960;0.475410
2.111000;-0.442530;-0.252540;0.516480
2.111500;-0.493170;-0.285140;0.572590
2.112000;-0.561360;-0.260630;0.618530
2.112500;-0.640710;-0.234860;0.661960
2.113000;-0.685000;-0.240170;0.737330
2.113500;-0.732680;-0.227780;0.799880
2.114000;-0.775220;-0.214560;0.862570
2.114500;-0.814390;-0.182030;0.915680
2.115000;-0.808870;-0.159900;0.916970
2.115500;-0.780910;-0.135620;0.890790
2.116000;-0.712630;-0.114450;0.826270
2.116500;-0.626530;-0.093363;0.759780
2.117000;-0.522370;-0.056939;0.673010
2.117500;-0.418710;-0.019934;0.586640
2.118000;-0.291030;0.003367;0.478990
2.118500;-0.178190;0.032307;0.384300
2.119000;-0.064854;0.055990;0.309680
2.119500;0.046513;0.075025;0.275130
2.120000;0.136090;0.100540;0.264190
2.120500;0.199270;0.116320;0.282610
2.121000;0.232320;0.133560;0.295900
2.121500;0.239170;0.141840;0.285930
2.122000;0.229640;0.137540;0.286810
2.122500;0.185260;0.136730;0.285730
2.123000;0.098924;0.147260;0.296560
2.123500;0.025478;0.151760;0.309970
2.124000;-0.046490;0.157910;0.327350
2.124500;-0.108730;0.172300;0.314470
2.125000;-0.124790;0.181960;0.294830
2.125500;-0.092152;0.184790;0.272990
2.126000;-0.033514;0.184830;0.257770
2.126500;0.063860;0.187130;0.217920
2.127000;0.171630;0.184840;0.174500
2.127500;0.301470;0.179740;0.114330
2.128000;0.429040;0.188050;0.040927
2.128500;0.553690;0.188740;-0.021911
2.129000;0.670990;0.192660;-0.108180
2.129500;0.764820;0.201740;-0.210060
2.130000;0.817770;0.215160;-0.291110
2.130500;0.831650;0.223710;-0.391190
2.131000;0.826220;0.230740;-0.471810
2.131500;0.812430;0.228890;-0.547650
2.132000;0.771670;0.241300;-0.618340
2.132500;0.695250;0.241620;-0.668280
2.133000;0.607510;0.224100;-0.684280
2.133500;0.521560;0.217970;-0.677350
2.134000;0.427040;0.213570;-0.674350
2.134500;0.337970;0.196160;-0.663240
2.135000;0.262550;0.176500;-0.650790
2.135500;0.183190;0.163990;-0.618050
2.136000;0.109020;0.147020;-0.579420
2.136500;0.039245;0.136460;-0.553330
2.137000;-0.010234;0.131580;-0.543350
2.137500;-0.045532;0.108600;-0.548940
2.138000;-0.091566;0.107000;-0.578190
2.138500;-0.127840;0.165680;-0.622780
2.139000;-0.099255;0.146650;-0.673760
2.139500;-0.096046;0.072716;-0.735930
2.140000;-0.083394;0.129400;-0.762720
2.140500;-0.093123;0.118250;-0.875420
2.141000;-0.033668;0.028994;-0.907150
2.141500;-0.017047;0.042744;-0.933110
2.142000;-0.043876;0.074073;-0.997210
2.142500;-0.002974;0.024779;-1.002700
2.143000;0.015636;0.013030;-0.989020
2.143500;-0.009154;0.037416;-0.924460
2.144000;-0.001281;0.033053;-0.868340
2.144500;0.001349;0.019162;-0.798680
2.145000;-0.049690;0.018068;-0.695240
2.145500;-0.108260;0.005272;-0.586010
2.146000;-0.218650;0.007205;-0.447440
2.146500;-0.327050;0.007777;-0.314270
2.147000;-0.454980;0.008918;-0.191830
2.147500;-0.607850;-0.002586;-0.087580
2.148000;-0.756050;0.016395;0.009689
2.148500;-0.870840;-0.020711;0.102000
2.149000;-0.935230;-0.047863;0.217200
2.149500;-1.011500;-0.022244;0.261360
2.150000;-1.014100;-0.070108;0.323470
2.150500;-0.970890;-0.086518;0.379200
2.151000;-0.934670;-0.052622;0.379080
2.151500;-0.855050;-0.064791;0.433370
2.152000;-0.736640;-0.068771;0.479350
2.152500;-0.621650;-0.021692;0.495200
2.153000;-0.492430;-0.017116;0.509310
2.153500;-0.356530;-0.018808;0.516240
2.154000;-0.258710;0.019890;0.505660
2.154500;-0.175540;0.028967;0.533040
2.155000;-0.115640;0.043683;0.576630
2.155500;-0.079114;0.081455;0.565490
2.156000;-0.069577;0.098225;0.542170
2.156500;-0.078652;0.099438;0.496430
2.157000;-0.105680;0.124240;0.451610
2.157500;-0.132050;0.140670;0.425030
2.158000;-0.125060;0.112070;0.407870
2.158500;-0.128490;0.132230;0.382440
2.159000;-0.131660;0.151110;0.321310
2.159500;-0.085277;0.147900;0.279940
2.160000;-0.032273;0.161690;0.224350
2.160500;0.008469;0.174690;0.198510
2.161000;0.072833;0.182760;0.172330
2.161500;0.128820;0.198570;0.115830
2.162000;0.164740;0.209270;0.055967
2.162500;0.218770;0.197280;-0.007485
2.163000;0.241810;0.211940;-0.065614
2.163500;0.254370;0.199040;-0.117750
2.164000;0.258850;0.193190;-0.155350
2.164500;0.236430;0.215250;-0.235850
2.165000;0.235090;0.204790;-0.322610
2.165500;0.252820;0.177240;-0.396680
2.166000;0.275160;0.177740;-0.467790
2.166500;0.291260;0.162440;-0.521970
2.167000;0.323480;0.146480;-0.593260
2.167500;0.343070;0.155360;-0.668910
2.168000;0.380730;0.151860;-0.742530
2.168500;0.428370;0.155620;-0.807600
2.169000;0.462910;0.168770;-0.878750
2.169500;0.509080;0.177160;-0.943110
2.170000;0.545780;0.186000;-0.996380
2.170500;0.581440;0.187950;-1.066800
2.171000;0.618730;0.192450;-1.123700
2.171500;0.656090;0.184970;-1.172500
2.172000;0.659020;0.191050;-1.191100
2.172500;0.652430;0.193460;-1.198400
2.173000;0.653010;0.165090;-1.181800
2.173500;0.628920;0.165640;-1.171300
2.174000;0.590670;0.163040;-1.144600
2.174500;0.556430;0.139050;-1.076100
2.175000;0.523260;0.141110;-1.022100
2.175500;0.482610;0.120150;-0.954730
2.176000;0.431370;0.116570;-0.892660
2.176500;0.399750;0.094998;-0.833010
2.177000;0.367590;0.090116;-0.779080
2.177500;0.346370;0.079921;-0.722110
2.178000;0.309110;0.090687;-0.669950
2.178500;0.284270;0.039603;-0.632140
2.179000;0.237680;0.034501;-0.592330
2.179500;0.184690;0.116690;-0.616410
2.180000;0.260620;-0.072129;-0.599500
2.180500;0.178000;-0.038123;-0.574260
2.181000;0.248640;-0.011229;-0.522990
2.181500;0.120900;0.113380;-0.599790
2.182000;0.174630;-0.011691;-0.571310
2.182500;0.220340;-0.036070;-0.462830
2.183000;0.108200;0.151680;-0.528740
2.183500;0.128840;0.037929;-0.458520
2.184000;0.108810;-0.012517;-0.358990
2.184500;0.000398;0.068429;-0.302670
2.185000;-0.096742;0.076397;-0.249360
2.185500;-0.150860;0.046154;-0.174830
2.186000;-0.271430;0.086167;-0.119390
2.186500;-0.347880;0.068393;-0.066594
2.187000;-0.453400;0.098934;-0.003245
2.187500;-0.500610;0.073300;0.011500
2.188000;-0.564210;0.088489;0.041912
2.188500;-0.597410;0.082413;0.054749
2.189000;-0.654770;0.157540;0.066626
2.189500;-0.663080;0.144450;0.044259
2.190000;-0.613860;0.128320;0.092380
2.190500;-0.602050;0.208650;0.038234
2.191000;-0.543240;0.208680;-0.020203
2.191500;-0.410620;0.171670;-0.022693
2.192000;-0.300110;0.215120;-0.074130
2.192500;-0.231830;0.238340;-0.100810
2.193000;-0.119790;0.194810;-0.109480
2.193500;-0.063714;0.238390;-0.150080
2.194000;-0.019375;0.242540;-0.184060
2.194500;0.038162;0.217960;-0.141460
2.195000;0.012985;0.248130;-0.131840
2.195500;-0.006022;0.217460;-0.075039
2.196000;-0.056627;0.189550;0.000860
2.196500;-0.156770;0.187580;0.055923
2.197000;-0.252500;0.165180;0.129400
2.197500;-0.368840;0.143580;0.193630
2.198000;-0.488260;0.136750;0.263780
2.198500;-0.607390;0.142520;0.298500
2.199000;-0.683250;0.122770;0.305790
2.199500;-0.754140;0.131880;0.289580
2.200000;-0.787190;0.137010;0.243760
2.200500;-0.762210;0.126610;0.223340
2.201000;-0.718410;0.151960;0.171220
2.201500;-0.627870;0.159830;0.092278
2.202000;-0.496690;0.160890;-0.001241
2.202500;-0.363670;0.176370;-0.121620
2.203000;-0.232080;0.201920;-0.232610
2.203500;-0.099803;0.211090;-0.334660
2.204000;-0.012340;0.247150;-0.426480
2.204500;0.060880;0.247400;-0.493230
2.205000;0.117380;0.248730;-0.533310
2.205500;0.136130;0.279280;-0.577420
2.206000;0.155700;0.285980;-0.603290
2.206500;0.142630;0.287940;-0.604610
2.207000;0.097736;0.300810;-0.607500
2.207500;0.044007;0.298550;-0.602630
2.208000;-0.021272;0.295110;-0.577390
2.208500;-0.091900;0.295740;-0.544500
2.209000;-0.159830;0.286130;-0.504130
2.209500;-0.217350;0.277720;-0.464900
2.210000;-0.252190;0.273620;-0.443700
2.210500;-0.262710;0.257090;-0.436000
2.211000;-0.257220;0.253970;-0.433110
2.211500;-0.222480;0.256540;-0.454260
2.212000;-0.193090;0.244190;-0.482650
2.212500;-0.143730;0.242550;-0.471640
2.213000;-0.113000;0.243090;-0.494190
2.213500;-0.071014;0.232940;-0.495100
2.214000;-0.021017;0.219040;-0.480010
2.214500;0.012128;0.238550;-0.504750
2.215000;0.043302;0.234350;-0.511620
2.215500;0.069633;0.220940;-0.517840
2.216000;0.066455;0.240750;-0.542000
2.216500;0.063907;0.249540;-0.572280
2.217000;0.095517;0.233810;-0.599800
2.217500;0.098569;0.242330;-0.632520
2.218000;0.093250;0.256050;-0.662450
2.218500;0.092550;0.274300;-0.698230
2.219000;0.094244;0.284170;-0.713290
2.219500;0.080727;0.308490;-0.712430
2.220000;0.067963;0.345240;-0.709660
2.220500;0.065801;0.377060;-0.706050
2.221000;0.074727;0.385010;-0.695930
2.221500;0.082455;0.395590;-0.664270
2.222000;0.065191;0.424080;-0.651950
2.222500;0.058635;0.427270;-0.628420
2.223000;0.048323;0.416500;-0.593940
2.223500;0.010814;0.431770;-0.572640
2.224000;-0.042297;0.433840;-0.566710
2.224500;-0.077417;0.409700;-0.550630
2.225000;-0.120400;0.403100;-0.522040
2.225500;-0.160850;0.397320;-0.496770
2.226000;-0.179530;0.377730;-0.453220
2.226500;-0.179380;0.361910;-0.394330
2.227000;-0.182510;0.349400;-0.310470
2.227500;-0.205540;0.352220;-0.217780
2.228000;-0.221700;0.355060;-0.152650
2.228500;-0.229580;0.347370;-0.083886
2.229000;-0.228870;0.337170;-0.034831
2.229500;-0.240660;0.344220;0.001644
2.230000;-0.253120;0.348580;0.010204
2.230500;-0.244170;0.341330;0.008065
2.231000;-0.238120;0.346200;-0.033078
2.231500;-0.226390;0.347090;-0.072883
2.232000;-0.195160;0.351510;-0.120730
2.232500;-0.146630;0.353950;-0.171380
2.233000;-0.116320;0.373050;-0.226600
2.233500;-0.100510;0.393840;-0.282540
2.234000;-0.075752;0.399300;-0.314600
2.234500;-0.053824;0.405380;-0.335930
2.235000;-0.053852;0.400530;-0.334240
2.235500;-0.070593;0.404980;-0.327000
2.236000;-0.099401;0.396840;-0.318980
2.236500;-0.126240;0.382640;-0.309720
2.237000;-0.166640;0.365980;-0.321900
2.237500;-0.212590;0.352020;-0.337190
2.238000;-0.249120;0.321760;-0.352540
2.238500;-0.287260;0.302470;-0.354390
2.239000;-0.326580;0.293580;-0.374750
2.239500;-0.336620;0.279500;-0.402200
2.240000;-0.320030;0.269150;-0.418480
2.240500;-0.297990;0.265380;-0.451800
2.241000;-0.248170;0.265430;-0.455220
2.241500;-0.183270;0.261390;-0.466120
2.242000;-0.094016;0.267080;-0.466060
2.242500;-0.016022;0.254350;-0.456240
2.243000;0.041144;0.244490;-0.441550
2.243500;0.070454;0.222860;-0.438450
2.244000;0.078571;0.194680;-0.408670
2.244500;0.034998;0.177420;-0.364070
2.245000;-0.022732;0.137580;-0.310890
2.245500;-0.086002;0.100320;-0.247180
2.246000;-0.162880;0.073407;-0.171810
2.246500;-0.237610;0.052358;-0.070120
2.247000;-0.302420;0.026016;0.037284
2.247500;-0.343390;0.003480;0.147500
2.248000;-0.400920;-0.006838;0.253380
2.248500;-0.435770;-0.010350;0.326960
2.249000;-0.454810;0.004633;0.377700
2.249500;-0.432600;-0.001790;0.426370
2.250000;-0.424840;0.004794;0.472160
2.250500;-0.417740;0.010713;0.498810
2.251000;-0.363020;0.005758;0.517140
2.251500;-0.282840;0.005658;0.496150
2.252000;-0.209260;0.006407;0.473860
2.252500;-0.151740;-0.003848;0.435150
2.253000;-0.100120;-0.003449;0.393230
2.253500;-0.054849;-0.013837;0.353700
2.254000;-0.032742;-0.009541;0.328410
2.254500;-0.027925;0.008584;0.297110
2.255000;-0.042781;0.028090;0.281490
2.255500;-0.053796;0.020043;0.287560
2.256000;-0.074018;0.033694;0.280000
2.256500;-0.115890;0.043542;0.263820
2.257000;-0.144260;0.032821;0.260050
2.257500;-0.180560;0.027807;0.271720
2.258000;-0.250070;0.031175;0.289980
2.258500;-0.317990;0.022347;0.341340
2.259000;-0.386010;0.022677;0.391520
2.259500;-0.458680;0.022178;0.447440
2.260000;-0.512080;0.021033;0.496460
2.260500;-0.533850;0.015515;0.518800
2.261000;-0.544230;0.009204;0.533480
2.261500;-0.539960;-0.004336;0.542080
2.262000;-0.546170;-0.009703;0.539760
2.262500;-0.564050;-0.006415;0.524230
2.263000;-0.573370;0.000682;0.501040
2.263500;-0.594320;0.011642;0.461200
2.264000;-0.603930;0.024458;0.413850
2.264500;-0.560430;0.025375;0.342540
2.265000;-0.496140;0.024483;0.273530
2.265500;-0.399470;0.033672;0.196370
2.266000;-0.261230;0.028500;0.108290
2.266500;-0.116880;0.030814;0.032841
2.267000;0.031471;0.039337;-0.051629
2.267500;0.180830;0.047818;-0.113040
2.268000;0.313540;0.054777;-0.164330
2.268500;0.422420;0.058568;-0.212580
2.269000;0.486580;0.075533;-0.245390
2.269500;0.520560;0.096268;-0.272450
2.270000;0.498660;0.105930;-0.287270
2.270500;0.458710;0.124000;-0.298450
2.271000;0.374630;0.127580;-0.297040
2.271500;0.254040;0.138190;-0.302190
2.272000;0.111900;0.136060;-0.297780
2.272500;-0.027387;0.131550;-0.267870
2.273000;-0.157970;0.126170;-0.240730
2.273500;-0.258460;0.122950;-0.203390
2.274000;-0.309360;0.110880;-0.181030
2.274500;-0.307250;0.094352;-0.178760
2.275000;-0.258360;0.080408;-0.191430
2.275500;-0.151190;0.055138;-0.220180
2.276000;-0.012431;0.056795;-0.266000
2.276500;0.132450;0.048576;-0.336650
2.277000;0.282370;0.023237;-0.403190
2.277500;0.395950;0.054060;-0.495540
2.278000;0.508540;0.058692;-0.579750
2.278500;0.591680;0.032943;-0.655820
2.279000;0.665840;0.053471;-0.700320
2.279500;0.656840;0.069336;-0.807080
2.280000;0.679760;0.012620;-0.862580
2.280500;0.646820;0.006281;-0.895670
2.281000;0.540110;0.034270;-0.945920
2.281500;0.445360;-0.008626;-0.971360
2.282000;0.339100;-0.032067;-1.001000
2.282500;0.209780;-0.023395;-1.022300
2.283000;0.111450;-0.032442;-1.044300
2.283500;0.042253;-0.061443;-1.044400
2.284000;-0.010810;-0.066131;-1.046200
2.284500;-0.032789;-0.076382;-1.043000
2.285000;-0.049594;-0.079211;-1.049800
2.285500;-0.065860;-0.072513;-1.061400
2.286000;-0.068756;-0.077867;-1.047700
2.286500;-0.046655;-0.092178;-1.033000
2.287000;-0.033665;-0.080687;-1.026600
2.287500;-0.004190;-0.112530;-1.038300
2.288000;0.026982;-0.136210;-1.055300
2.288500;0.028840;-0.136860;-1.102500
2.289000;0.033009;-0.161580;-1.125800
2.289500;0.047315;-0.194160;-1.127900
2.290000;0.041161;-0.195860;-1.141800
2.290500;0.024712;-0.213070;-1.144900
2.291000;0.013566;-0.226810;-1.134100
2.291500;-0.015708;-0.218740;-1.127400
2.292000;-0.019045;-0.226020;-1.098100
2.292500;-0.038303;-0.233980;-1.045700
2.293000;-0.077194;-0.226520;-1.001000
2.293500;-0.119550;-0.212250;-0.960140
2.294000;-0.150930;-0.215950;-0.920420
2.294500;-0.201390;-0.200680;-0.855980
2.295000;-0.230140;-0.215130;-0.790790
2.295500;-0.285720;-0.198560;-0.711320
2.296000;-0.344310;-0.189620;-0.662410
2.296500;-0.397450;-0.193610;-0.593320
2.297000;-0.464820;-0.176050;-0.533160
2.297500;-0.505510;-0.181330;-0.478070
2.298000;-0.545960;-0.168900;-0.428760
2.298500;-0.567120;-0.179590;-0.393000
2.299000;-0.589450;-0.179350;-0.368670
2.299500;-0.591480;-0.191050;-0.368070
2.300000;-0.595190;-0.190720;-0.343390
2.300500;-0.575280;-0.189380;-0.331240
2.301000;-0.558610;-0.177050;-0.320750
2.301500;-0.514710;-0.192090;-0.317290
2.302000;-0.464920;-0.182910;-0.323350
2.302500;-0.403040;-0.177970;-0.318120
2.303000;-0.329970;-0.172410;-0.317620
2.303500;-0.257230;-0.140830;-0.315640
2.304000;-0.175300;-0.147160;-0.295870
2.304500;-0.108430;-0.136930;-0.275430
2.305000;-0.039506;-0.123280;-0.262320
2.305500;0.035780;-0.125430;-0.244920
2.306000;0.094632;-0.102680;-0.229670
2.306500;0.148630;-0.114640;-0.180830
2.307000;0.188840;-0.112260;-0.125620
2.307500;0.205560;-0.125410;-0.067278
2.308000;0.202240;-0.142920;0.001783
2.308500;0.180600;-0.139660;0.070222
2.309000;0.135470;-0.152710;0.124700
2.309500;0.074095;-0.146910;0.189280
2.310000;-0.001502;-0.154030;0.222890
2.310500;-0.047070;-0.158660;0.238640
2.311000;-0.081096;-0.163490;0.214620
2.311500;-0.108360;-0.166430;0.161340
2.312000;-0.092451;-0.174260;0.073123
2.312500;-0.061260;-0.179810;-0.029074
2.313000;-0.029105;-0.172580;-0.135790
2.313500;0.042292;-0.172640;-0.249450
2.314000;0.133440;-0.166490;-0.357770
2.314500;0.223050;-0.161240;-0.485560
2.315000;0.335040;-0.155390;-0.597870
2.315500;0.456730;-0.162880;-0.689920
2.316000;0.576100;-0.161710;-0.759860
2.316500;0.662760;-0.143180;-0.838840
2.317000;0.737430;-0.154960;-0.895390
2.317500;0.793210;-0.159360;-0.937360
2.318000;0.773660;-0.144120;-0.979280
2.318500;0.698690;-0.134440;-0.980390
2.319000;0.609720;-0.137020;-0.959010
2.319500;0.492490;-0.141630;-0.927610
2.320000;0.361370;-0.139930;-0.889460
2.320500;0.243410;-0.144720;-0.870250
2.321000;0.139920;-0.159880;-0.824960
2.321500;0.042226;-0.153620;-0.781300
2.322000;-0.043384;-0.150750;-0.734750
2.322500;-0.104320;-0.148830;-0.713120
2.323000;-0.140300;-0.155890;-0.707460
2.323500;-0.173150;-0.142090;-0.711530
2.324000;-0.216790;-0.106900;-0.739430
2.324500;-0.200190;-0.139710;-0.755490
2.325000;-0.228020;-0.104920;-0.756670
2.325500;-0.196350;-0.102560;-0.774850
2.326000;-0.199090;-0.061592;-0.825670
2.326500;-0.185460;-0.072390;-0.879100
2.327000;-0.126340;-0.117430;-0.877780
2.327500;-0.151200;-0.051546;-0.916840
2.328000;-0.166340;-0.069831;-0.892100
2.328500;-0.197050;-0.086105;-0.844470
2.329000;-0.242080;-0.051734;-0.839740
2.329500;-0.271590;-0.048102;-0.814600
2.330000;-0.259790;-0.077266;-0.762370
2.330500;-0.256550;-0.046012;-0.737630
2.331000;-0.247410;-0.029722;-0.744280
2.331500;-0.231070;-0.000492;-0.741000
2.332000;-0.211930;0.016332;-0.769410
2.332500;-0.204820;0.069800;-0.781990
2.333000;-0.229670;0.116200;-0.806440
2.333500;-0.256210;0.148180;-0.811640
2.334000;-0.282270;0.166340;-0.805210
2.334500;-0.330600;0.208420;-0.794580
2.335000;-0.368950;0.249540;-0.794490
2.335500;-0.389400;0.249640;-0.790690
2.336000;-0.381690;0.252490;-0.773870
2.336500;-0.414020;0.271540;-0.758360
2.337000;-0.429540;0.276750;-0.745930
2.337500;-0.423330;0.260340;-0.728650
2.338000;-0.467670;0.257800;-0.697310
2.338500;-0.449630;0.248640;-0.694430
2.339000;-0.464490;0.220250;-0.638480
2.339500;-0.446370;0.248860;-0.614540
2.340000;-0.400570;0.225310;-0.602310
2.340500;-0.375780;0.216360;-0.557300
2.341000;-0.339070;0.220990;-0.534170
2.341500;-0.308500;0.240420;-0.517810
2.342000;-0.281690;0.230910;-0.498710
2.342500;-0.248400;0.213310;-0.456040
2.343000;-0.261680;0.254450;-0.425320
2.343500;-0.260200;0.247600;-0.379630
2.344000;-0.284240;0.264450;-0.333730
2.344500;-0.321890;0.291380;-0.310310
2.345000;-0.362430;0.309070;-0.271620
2.345500;-0.368420;0.318410;-0.273930
2.346000;-0.368470;0.323840;-0.260160
2.346500;-0.350250;0.309780;-0.268660
2.347000;-0.323290;0.306050;-0.264550
2.347500;-0.310130;0.300730;-0.280650
2.348000;-0.283670;0.304500;-0.287830
2.348500;-0.281400;0.309790;-0.295680
2.349000;-0.269770;0.330870;-0.316850
2.349500;-0.252780;0.336180;-0.345640
2.350000;-0.220060;0.348770;-0.377980
2.350500;-0.175620;0.371740;-0.421400
2.351000;-0.128950;0.377220;-0.466880
2.351500;-0.074916;0.401890;-0.499370
2.352000;-0.037411;0.414820;-0.535700
2.352500;-0.007303;0.440140;-0.561960
2.353000;0.014270;0.463310;-0.585860
2.353500;0.024679;0.476600;-0.603430
2.354000;0.052594;0.466370;-0.612640
2.354500;0.037738;0.506840;-0.620300
2.355000;0.041222;0.564970;-0.624170
2.355500;0.058343;0.508980;-0.609320
2.356000;0.008265;0.509970;-0.579080
2.356500;-0.059153;0.652350;-0.556110
2.357000;-0.033002;0.471150;-0.574460
2.357500;-0.105740;0.524100;-0.450000
2.358000;-0.177820;0.475080;-0.440970
2.358500;-0.188110;0.423460;-0.353310
2.359000;-0.265750;0.469200;-0.336430
2.359500;-0.309500;0.448630;-0.313550
2.360000;-0.324030;0.435990;-0.236160
2.360500;-0.341880;0.426210;-0.231200
2.361000;-0.359220;0.473840;-0.194800
2.361500;-0.283040;0.463850;-0.205850
2.362000;-0.216120;0.482970;-0.254620
2.362500;-0.173410;0.527550;-0.321420
2.363000;-0.075995;0.531510;-0.354810
2.363500;-0.026551;0.560930;-0.430150
2.364000;0.034795;0.604210;-0.486490
2.364500;0.094456;0.624560;-0.537980
2.365000;0.159430;0.637900;-0.559230
2.365500;0.154050;0.681250;-0.600620
2.366000;0.172850;0.671360;-0.600000
2.366500;0.154680;0.694650;-0.567880
2.367000;0.074028;0.748160;-0.554680
2.367500;0.006817;0.718280;-0.392790
2.368000;-0.030466;0.755870;-0.366050
2.368500;-0.146460;0.779520;-0.288630
2.369000;-0.211820;0.703630;-0.284310
2.369500;-0.286190;0.680860;-0.228590
2.370000;-0.348240;0.674020;-0.196150
2.370500;-0.486840;0.673780;-0.057248
2.371000;-0.611440;0.725200;-0.043287
2.371500;-0.685930;0.722150;-0.024541
2.372000;-0.648510;0.665450;0.011605
2.372500;-0.571660;0.639420;0.063088
2.373000;-0.515790;0.666230;0.142600
2.373500;-0.442340;0.667260;0.172550
2.374000;-0.325970;0.667650;0.163510
2.374500;-0.267480;0.696750;0.135380
2.375000;-0.185830;0.691190;0.106960
2.375500;-0.081971;0.700310;0.106830
2.376000;0.001768;0.703500;0.090636
2.376500;0.071132;0.707860;0.083097
2.377000;0.144730;0.701230;0.007896
2.377500;0.171100;0.711480;-0.068226
2.378000;0.188420;0.721680;-0.166600
2.378500;0.211520;0.725780;-0.240960
2.379000;0.211260;0.750590;-0.321090
2.379500;0.230500;0.749380;-0.388140
2.380000;0.246370;0.757860;-0.433660
2.380500;0.247420;0.765720;-0.489010
2.381000;0.238570;0.754330;-0.495700
2.381500;0.201790;0.762990;-0.485830
2.382000;0.188780;0.769560;-0.473560
2.382500;0.159810;0.784440;-0.434510
2.383000;0.128730;0.772400;-0.410440
2.383500;0.113490;0.777170;-0.385850
2.384000;0.075034;0.758470;-0.363990
2.384500;0.041040;0.725880;-0.322960
2.385000;-0.000223;0.719810;-0.286010
2.385500;-0.064822;0.705230;-0.261690
2.386000;-0.131070;0.703960;-0.251960
2.386500;-0.167010;0.690820;-0.253090
2.387000;-0.185540;0.685000;-0.248370
2.387500;-0.161920;0.666260;-0.248500
2.388000;-0.124520;0.648700;-0.271830
2.388500;-0.061149;0.646950;-0.297090
2.389000;0.005256;0.633470;-0.318410
2.389500;0.071646;0.614820;-0.313530
2.390000;0.138550;0.614040;-0.320470
2.390500;0.212000;0.601820;-0.309620
2.391000;0.260700;0.602940;-0.292750
2.391500;0.296410;0.607270;-0.302160
2.392000;0.312010;0.616810;-0.314310
2.392500;0.300600;0.613490;-0.331840
2.393000;0.280750;0.615100;-0.367630
2.393500;0.233010;0.620040;-0.384390
2.394000;0.170530;0.617640;-0.396010
2.394500;0.078026;0.630150;-0.386880
2.395000;-0.039956;0.650880;-0.375270
2.395500;-0.157600;0.661120;-0.355140
2.396000;-0.272740;0.656580;-0.329570
2.396500;-0.356070;0.665820;-0.299400
2.397000;-0.425480;0.674220;-0.282690
2.397500;-0.449670;0.663320;-0.248670
2.398000;-0.471820;0.645980;-0.215790
2.398500;-0.473650;0.642580;-0.173770
2.399000;-0.450530;0.633580;-0.137190
2.399500;-0.408940;0.621770;-0.103130
2.400000;-0.370950;0.611130;-0.081135
2.400500;-0.323310;0.594240;-0.072349
2.401000;-0.281260;0.573810;-0.074201
2.401500;-0.244840;0.560940;-0.075557
2.402000;-0.225260;0.552490;-0.068031
2.402500;-0.190300;0.528560;-0.059100
2.403000;-0.168030;0.509820;-0.059654
2.403500;-0.175110;0.491160;-0.059414
2.404000;-0.165160;0.461450;-0.049830
2.404500;-0.183980;0.456460;-0.037910
2.405000;-0.214310;0.439190;-0.011626
2.405500;-0.254060;0.430210;0.032736
2.406000;-0.305850;0.432090;0.068392
2.406500;-0.363970;0.429930;0.133110
2.407000;-0.418340;0.431950;0.209570
2.407500;-0.445150;0.422330;0.296850
2.408000;-0.468170;0.414890;0.365090
2.408500;-0.433710;0.427010;0.367410
2.409000;-0.420210;0.401880;0.478760
2.409500;-0.500830;0.353790;0.672940
2.410000;-0.562010;0.357860;0.689540
2.410500;-0.525300;0.422350;0.529260
2.411000;-0.517890;0.485830;0.415520
2.411500;-0.532800;0.464970;0.350550
2.412000;-0.561140;0.422710;0.412430
2.412500;-0.569230;0.383320;0.495350
2.413000;-0.409630;0.378690;0.397510
2.413500;-0.260540;0.415470;0.222250
2.414000;-0.115930;0.431820;0.047775
2.414500;-0.000233;0.413600;0.004332
2.415000;0.109160;0.351940;0.039140
2.415500;0.228800;0.338240;0.051036
2.416000;0.368760;0.354630;-0.022752
2.416500;0.495780;0.399770;-0.100560
2.417000;0.564690;0.410640;-0.137680
2.417500;0.572800;0.397340;-0.100180
2.418000;0.522260;0.394320;-0.067019
2.418500;0.462480;0.401550;-0.029623
2.419000;0.395560;0.393260;-0.032788
2.419500;0.270100;0.396550;-0.053413
2.420000;0.100960;0.386080;-0.075482
2.420500;-0.030783;0.359130;-0.114960
2.421000;-0.161050;0.340260;-0.174450
2.421500;-0.237760;0.313270;-0.233030
2.422000;-0.279030;0.303670;-0.287350
2.422500;-0.310500;0.293650;-0.328960
2.423000;-0.285600;0.283280;-0.381550
2.423500;-0.236010;0.282450;-0.442420
2.424000;-0.166840;0.280870;-0.478540
2.424500;-0.062660;0.270860;-0.531500
2.425000;0.029571;0.281940;-0.524510
2.425500;0.110340;0.293130;-0.495830
2.426000;0.188000;0.295400;-0.470060
2.426500;0.239260;0.310830;-0.467420
2.427000;0.286690;0.300020;-0.476530
2.427500;0.343230;0.293800;-0.478670
2.428000;0.369230;0.296070;-0.480290
2.428500;0.385750;0.284330;-0.507920
2.429000;0.389100;0.261890;-0.554820
2.429500;0.358050;0.254790;-0.615270
2.430000;0.308050;0.260320;-0.663820
2.430500;0.264110;0.247700;-0.705520
2.431000;0.211590;0.253910;-0.715750
2.431500;0.178780;0.243130;-0.733710
2.432000;0.157790;0.234160;-0.744960
2.432500;0.161730;0.218960;-0.756980
2.433000;0.188120;0.215060;-0.762800
2.433500;0.211920;0.204940;-0.767040
2.434000;0.228570;0.195050;-0.761830
2.434500;0.233790;0.181070;-0.762930
2.435000;0.256840;0.167500;-0.764910
2.435500;0.260200;0.161660;-0.766430
2.436000;0.254790;0.155570;-0.759660
2.436500;0.257500;0.132810;-0.730920
2.437000;0.269520;0.117590;-0.701870
2.437500;0.274540;0.108620;-0.679100
2.438000;0.277120;0.095702;-0.653240
2.438500;0.279880;0.071986;-0.619060
2.439000;0.281910;0.057539;-0.575020
2.439500;0.271660;0.040457;-0.523770
2.440000;0.249290;0.040368;-0.473110
2.440500;0.229530;0.031360;-0.411230
2.441000;0.191600;0.028723;-0.357680
2.441500;0.155740;0.033527;-0.307660
2.442000;0.151060;0.037995;-0.279690
2.442500;0.141080;0.039944;-0.265830
2.443000;0.128000;0.045855;-0.276710
2.443500;0.118400;0.039556;-0.289020
2.444000;0.110140;0.035423;-0.290950
2.444500;0.088434;0.029240;-0.289280
2.445000;0.060342;0.022340;-0.271580
2.445500;0.025243;0.012246;-0.261760
2.446000;-0.002840;-0.000345;-0.247400
2.446500;-0.008844;-0.013936;-0.240540
2.447000;-0.010157;-0.027204;-0.216350
2.447500;0.002731;-0.047314;-0.191710
2.448000;0.012851;-0.046822;-0.195450
2.448500;0.013232;-0.036957;-0.210030
2.449000;0.017993;-0.032071;-0.217420
2.449500;0.019804;-0.030253;-0.224160
2.450000;0.009203;-0.015544;-0.244310
2.450500;0.004635;-0.003558;-0.282300
2.451000;0.010149;-0.003287;-0.328760
2.451500;0.011581;0.001654;-0.375010
2.452000;0.007205;0.001732;-0.413720
2.452500;0.019297;-0.019040;-0.434750
2.453000;0.042712;-0.037288;-0.444480
2.453500;0.035469;-0.049483;-0.441280
2.454000;0.036728;-0.074265;-0.423310
2.454500;0.033966;-0.107780;-0.386480
2.455000;0.019430;-0.132120;-0.333750
2.455500;-0.005371;-0.149330;-0.267510
2.456000;-0.043461;-0.169370;-0.193350
2.456500;-0.082465;-0.193950;-0.120590
2.457000;-0.127270;-0.220990;-0.049442
2.457500;-0.178340;-0.253230;0.023911
2.458000;-0.229730;-0.283750;0.107080
2.458500;-0.276600;-0.313930;0.210760
2.459000;-0.334810;-0.345770;0.318920
2.459500;-0.378890;-0.366860;0.422480
2.460000;-0.392430;-0.391830;0.499370
2.460500;-0.390880;-0.414240;0.562740
2.461000;-0.356700;-0.429030;0.622770
2.461500;-0.282150;-0.440840;0.676760
2.462000;-0.185240;-0.449690;0.723430
2.462500;-0.086269;-0.457920;0.742270
2.463000;0.010843;-0.448080;0.752710
2.463500;0.104900;-0.440340;0.745330
2.464000;0.186370;-0.430210;0.753930
2.464500;0.260310;-0.416220;0.770020
2.465000;0.309610;-0.398100;0.790630
2.465500;0.354610;-0.367930;0.795560
2.466000;0.408040;-0.362790;0.781920
2.466500;0.447140;-0.372890;0.781850
2.467000;0.453450;-0.359070;0.781470
2.467500;0.450810;-0.335950;0.799600
2.468000;0.459910;-0.347480;0.856600
2.468500;0.455770;-0.345320;0.914360
2.469000;0.420750;-0.329340;0.946890
2.469500;0.389380;-0.328280;0.971660
2.470000;0.361600;-0.326120;0.985140
2.470500;0.343900;-0.320060;0.996120
2.471000;0.350980;-0.317600;0.972820
2.471500;0.378970;-0.311400;0.907440
2.472000;0.428930;-0.309120;0.825290
2.472500;0.517670;-0.312400;0.713880
2.473000;0.620320;-0.308290;0.588630
2.473500;0.718080;-0.304920;0.465810
2.474000;0.804400;-0.287080;0.352260
2.474500;0.892630;-0.277410;0.244120
2.475000;0.951680;-0.261860;0.149970
2.475500;1.002200;-0.251760;0.089761
2.476000;1.039000;-0.237440;0.052581
2.476500;1.044300;-0.218340;0.030463
2.477000;1.032300;-0.211870;0.011708
2.477500;0.995130;-0.197730;0.007410
2.478000;0.939540;-0.179580;0.011607
2.478500;0.880980;-0.165010;0.035707
2.479000;0.803470;-0.146150;0.060596
2.479500;0.719500;-0.131310;0.096430
2.480000;0.630970;-0.110470;0.136220
2.480500;0.531080;-0.091081;0.191620
2.481000;0.435950;-0.080736;0.254880
2.481500;0.360480;-0.073246;0.310150
2.482000;0.299500;-0.060143;0.359140
2.482500;0.258460;-0.049315;0.402300
2.483000;0.233960;-0.043052;0.432950
2.483500;0.236230;-0.052029;0.444840
2.484000;0.253850;-0.043368;0.439800
2.484500;0.291150;-0.042587;0.399110
2.485000;0.327210;-0.039942;0.342910
2.485500;0.374220;-0.031000;0.267720
2.486000;0.420080;-0.028425;0.192030
2.486500;0.470860;-0.008936;0.114860
2.487000;0.509160;-0.011100;0.034578
2.487500;0.543720;-0.004076;-0.034137
2.488000;0.553430;-0.004613;-0.094977
2.488500;0.560330;-0.009065;-0.137990
2.489000;0.554780;-0.026397;-0.153060
2.489500;0.527680;-0.042886;-0.133120
2.490000;0.476710;-0.042788;-0.105260
2.490500;0.412940;-0.058379;-0.053321
2.491000;0.344630;-0.081844;-0.002125
2.491500;0.254060;-0.102600;0.041514
2.492000;0.171160;-0.123230;0.105730
2.492500;0.067542;-0.127870;0.160450
2.493000;-0.008120;-0.131400;0.196350
2.493500;-0.057587;-0.140250;0.211730
2.494000;-0.112480;-0.137910;0.202320
2.494500;-0.138820;-0.146270;0.189200
2.495000;-0.124180;-0.167050;0.178260
2.495500;-0.085533;-0.183290;0.173220
2.496000;-0.043125;-0.195960;0.165040
2.496500;-0.000864;-0.207850;0.162180
2.497000;0.054179;-0.235770;0.166770
2.497500;0.095314;-0.271020;0.182760
2.498000;0.113950;-0.305050;0.223680
2.498500;0.119490;-0.318180;0.280010
2.499000;0.123390;-0.345490;0.331640
2.499500;0.132230;-0.382250;0.384780
2.500000;0.100580;-0.388310;0.408200
2.500500;0.051324;-0.397070;0.424440
2.501000;0.006497;-0.405910;0.440190
2.501500;-0.050717;-0.406760;0.460840
2.502000;-0.102400;-0.414400;0.481770
2.502500;-0.140740;-0.417850;0.485550
2.503000;-0.177120;-0.414170;0.476710
2.503500;-0.198070;-0.425010;0.477320
2.504000;-0.202100;-0.427310;0.484250
2.504500;-0.208290;-0.407130;0.465460
2.505000;-0.174430;-0.398540;0.431700
2.505500;-0.127850;-0.391290;0.375290
2.506000;-0.105100;-0.358770;0.282540
2.506500;-0.097367;-0.326150;0.214520
2.507000;-0.122320;-0.339910;0.259640
2.507500;-0.127690;-0.367520;0.315770
2.508000;-0.135590;-0.355470;0.300010
2.508500;-0.138040;-0.302420;0.206320
2.509000;-0.107970;-0.248590;0.068335
2.509500;-0.095416;-0.225600;0.018331
2.510000;-0.095615;-0.240860;0.015736
2.510500;-0.092337;-0.255550;0.011371
2.511000;-0.063255;-0.238290;-0.031417
2.511500;-0.019340;-0.209090;-0.086571
2.512000;0.038805;-0.204320;-0.126350
2.512500;0.074809;-0.217380;-0.105070
2.513000;0.091342;-0.239180;-0.025150
2.513500;0.117780;-0.252760;0.030900
2.514000;0.131700;-0.249600;0.088188
2.514500;0.149330;-0.261800;0.146350
2.515000;0.129530;-0.258500;0.208830
2.515500;0.083762;-0.262290;0.257450
2.516000;0.036583;-0.267370;0.304720
2.516500;-0.026645;-0.261040;0.355650
2.517000;-0.090293;-0.261320;0.427390
2.517500;-0.152630;-0.261770;0.487640
2.518000;-0.220720;-0.265090;0.551490
2.518500;-0.272540;-0.261350;0.600700
2.519000;-0.274280;-0.287090;0.621300
2.519500;-0.236070;-0.293470;0.647340
2.520000;-0.159420;-0.307900;0.664720
2.520500;-0.052683;-0.316090;0.685290
2.521000;0.064141;-0.315660;0.693660
2.521500;0.184430;-0.313160;0.694190
2.522000;0.309820;-0.315910;0.670650
2.522500;0.445820;-0.307160;0.634100
2.523000;0.574960;-0.291790;0.613600
2.523500;0.684330;-0.278480;0.592440
2.524000;0.771740;-0.261340;0.561310
2.524500;0.823100;-0.249750;0.535660
2.525000;0.854980;-0.244180;0.516390
2.525500;0.852520;-0.241790;0.505120
2.526000;0.823620;-0.258490;0.513730
2.526500;0.767030;-0.250490;0.526300
2.527000;0.687810;-0.242090;0.530180
2.527500;0.632400;-0.246300;0.523120
2.528000;0.596150;-0.253730;0.504950
2.528500;0.560580;-0.251320;0.474390
2.529000;0.534490;-0.243130;0.440170
2.529500;0.517690;-0.237460;0.413810
2.530000;0.509700;-0.230990;0.407170
2.530500;0.505010;-0.225450;0.413780
2.531000;0.499830;-0.224210;0.425110
2.531500;0.494880;-0.228840;0.458620
2.532000;0.485590;-0.230750;0.495420
2.532500;0.469140;-0.231990;0.535670
2.533000;0.438940;-0.233520;0.582680
2.533500;0.417990;-0.250470;0.632610
2.534000;0.411130;-0.267950;0.676530
2.534500;0.386210;-0.278310;0.700520
2.535000;0.384360;-0.297770;0.711400
2.535500;0.387130;-0.299300;0.709490
2.536000;0.407570;-0.306200;0.704530
2.536500;0.440700;-0.304940;0.678140
2.537000;0.483080;-0.296880;0.633260
2.537500;0.525050;-0.295180;0.587630
2.538000;0.579160;-0.279530;0.542260
2.538500;0.633880;-0.274380;0.509890
2.539000;0.696940;-0.270610;0.498010
2.539500;0.759950;-0.277520;0.491910
2.540000;0.787560;-0.284410;0.495540
2.540500;0.787280;-0.288720;0.494410
2.541000;0.759710;-0.296260;0.499300
2.541500;0.707960;-0.300450;0.496240
2.542000;0.643770;-0.321260;0.480460
2.542500;0.545780;-0.338660;0.449040
2.543000;0.438550;-0.359590;0.421460
2.543500;0.327590;-0.381390;0.394060
2.544000;0.200820;-0.396620;0.378190
2.544500;0.087899;-0.429010;0.369380
2.545000;0.004879;-0.447180;0.355970
2.545500;-0.064638;-0.465860;0.344040
2.546000;-0.110230;-0.477120;0.338050
2.546500;-0.125030;-0.483380;0.325040
2.547000;-0.116310;-0.493910;0.313230
2.547500;-0.103290;-0.497170;0.308530
2.548000;-0.067854;-0.508880;0.291050
2.548500;-0.018941;-0.517100;0.266380
2.549000;0.022991;-0.513650;0.231060
2.549500;0.048517;-0.511740;0.198650
2.550000;0.056808;-0.519440;0.172170
2.550500;0.057884;-0.531670;0.155420
2.551000;0.027416;-0.534530;0.141430
2.551500;-0.023698;-0.540890;0.130920
2.552000;-0.078636;-0.554170;0.148780
2.552500;-0.152080;-0.562960;0.183490
2.553000;-0.232950;-0.570920;0.226320
2.553500;-0.307220;-0.582540;0.282380
2.554000;-0.369330;-0.583040;0.343130
2.554500;-0.421690;-0.586390;0.397450
2.555000;-0.460850;-0.589330;0.472360
2.555500;-0.474610;-0.583860;0.542080
2.556000;-0.471430;-0.572350;0.592240
2.556500;-0.455610;-0.574170;0.626450
2.557000;-0.439550;-0.563050;0.656970
2.557500;-0.419020;-0.550970;0.678560
2.558000;-0.371180;-0.537010;0.709630
2.558500;-0.331850;-0.519790;0.726180
2.559000;-0.285690;-0.490760;0.722720
2.559500;-0.201670;-0.474820;0.711300
2.560000;-0.117020;-0.449510;0.682150
2.560500;-0.030928;-0.421620;0.657730
2.561000;0.074661;-0.405630;0.618460
2.561500;0.170890;-0.386400;0.582940
2.562000;0.267190;-0.356340;0.535220
2.562500;0.367430;-0.347520;0.503750
2.563000;0.450720;-0.341170;0.487330
2.563500;0.513790;-0.319000;0.465580
2.564000;0.577580;-0.317840;0.452050
2.564500;0.614670;-0.319480;0.439480
2.565000;0.626100;-0.301090;0.414200
2.565500;0.618590;-0.291980;0.415900
2.566000;0.608710;-0.291560;0.444380
2.566500;0.564930;-0.276330;0.489170
2.567000;0.511210;-0.269160;0.523540
2.567500;0.451020;-0.243440;0.551680
2.568000;0.364340;-0.238780;0.563190
2.568500;0.367450;-0.265790;0.636160
2.569000;0.296580;-0.268530;0.684070
2.569500;0.234750;-0.216410;0.705550
2.570000;0.234980;-0.277370;0.732510
2.570500;0.229200;-0.282210;0.723580
2.571000;0.203910;-0.275290;0.732080
2.571500;0.222880;-0.327140;0.722180
2.572000;0.246840;-0.336550;0.733600
2.572500;0.257640;-0.364740;0.725400
2.573000;0.291210;-0.378660;0.705960
2.573500;0.312720;-0.389850;0.661710
2.574000;0.355610;-0.411370;0.607320
2.574500;0.385570;-0.421600;0.533330
2.575000;0.404640;-0.424400;0.462970
2.575500;0.424690;-0.421050;0.381760
2.576000;0.470730;-0.449140;0.307740
2.576500;0.515080;-0.443980;0.230580
2.577000;0.560770;-0.439000;0.126790
2.577500;0.639570;-0.448740;0.091329
2.578000;0.681700;-0.441510;0.034214
2.578500;0.704750;-0.421370;-0.009278
2.579000;0.731950;-0.429000;-0.041094
2.579500;0.740320;-0.415850;-0.062171
2.580000;0.722690;-0.405790;-0.056843
2.580500;0.684310;-0.405350;-0.032701
2.581000;0.614310;-0.398880;0.001139
2.581500;0.520130;-0.406040;0.040801
2.582000;0.391660;-0.407490;0.095126
2.582500;0.236370;-0.408410;0.147420
2.583000;0.115720;-0.421350;0.202800
2.583500;-0.005436;-0.423340;0.246410
2.584000;-0.113810;-0.436120;0.272500
2.584500;-0.177250;-0.444430;0.289530
2.585000;-0.214370;-0.457240;0.282970
2.585500;-0.216650;-0.461140;0.274560
2.586000;-0.179360;-0.467710;0.249730
2.586500;-0.103650;-0.468490;0.222360
2.587000;-0.005058;-0.464850;0.183150
2.587500;0.129080;-0.464850;0.155090
2.588000;0.261330;-0.457850;0.141420
2.588500;0.366510;-0.442130;0.139010
2.589000;0.442780;-0.424430;0.150670
2.589500;0.482510;-0.413330;0.164300
2.590000;0.469940;-0.394000;0.204170
2.590500;0.399590;-0.382230;0.254230
2.591000;0.288580;-0.359420;0.320290
2.591500;0.136470;-0.346430;0.383420
2.592000;-0.032680;-0.334030;0.451190
2.592500;-0.209860;-0.318550;0.510280
2.593000;-0.366260;-0.297420;0.563250
2.593500;-0.473340;-0.299010;0.605360
2.594000;-0.533360;-0.301900;0.637040
2.594500;-0.553370;-0.293650;0.641390
2.595000;-0.511060;-0.291060;0.631450
2.595500;-0.414490;-0.289180;0.584640
2.596000;-0.290710;-0.276840;0.542730
2.596500;-0.134000;-0.260400;0.471430
2.597000;0.046225;-0.235630;0.391090
2.597500;0.239840;-0.222140;0.317040
2.598000;0.422150;-0.202600;0.235860
2.598500;0.565260;-0.179080;0.163080
2.599000;0.683180;-0.173360;0.098800
2.599500;0.757160;-0.154900;0.035779
2.600000;0.784790;-0.159500;-0.000352
2.600500;0.750080;-0.152160;-0.002621
2.601000;0.705750;-0.157460;0.002405
2.601500;0.640390;-0.174330;0.012897
2.602000;0.558210;-0.177550;0.034593
2.602500;0.476900;-0.193340;0.051874
2.603000;0.405510;-0.210250;0.085549
2.603500;0.332900;-0.219420;0.111380
2.604000;0.272910;-0.222820;0.125950
2.604500;0.226100;-0.225320;0.141760
2.605000;0.196180;-0.226450;0.168710
2.605500;0.168270;-0.216550;0.209500
2.606000;0.161010;-0.216290;0.233230
2.606500;0.169940;-0.217970;0.261180
2.607000;0.185630;-0.214540;0.260210
2.607500;0.215770;-0.210400;0.264240
2.608000;0.244080;-0.218620;0.261470
2.608500;0.284020;-0.223460;0.253040
2.609000;0.328700;-0.220430;0.219770
2.609500;0.377120;-0.239240;0.197450
2.610000;0.404420;-0.241230;0.191050
2.610500;0.424950;-0.250420;0.177750
2.611000;0.418360;-0.239520;0.195390
2.611500;0.376470;-0.225430;0.193630
2.612000;0.341980;-0.218990;0.228270
2.612500;0.292710;-0.231060;0.277800
2.613000;0.254820;-0.227200;0.334590
2.613500;0.178690;-0.207020;0.384750
2.614000;0.093400;-0.220040;0.444900
2.614500;-0.000858;-0.229470;0.533940
2.615000;-0.126320;-0.209600;0.608240
2.615500;-0.260420;-0.204060;0.689840
2.616000;-0.380820;-0.225010;0.775210
2.616500;-0.503140;-0.222680;0.829750
2.617000;-0.618400;-0.221150;0.877920
2.617500;-0.666450;-0.245550;0.911140
2.618000;-0.695630;-0.243230;0.932360
2.618500;-0.691560;-0.253580;0.945810
2.619000;-0.642340;-0.264720;0.941610
2.619500;-0.584630;-0.263880;0.911580
2.620000;-0.499650;-0.273090;0.903990
2.620500;-0.395610;-0.285070;0.910760
2.621000;-0.295720;-0.272030;0.898780
2.621500;-0.187820;-0.272880;0.874770
2.622000;-0.071481;-0.282110;0.865600
2.622500;0.017503;-0.263390;0.849760
2.623000;0.074028;-0.257950;0.831500
2.623500;0.118010;-0.257100;0.841750
2.624000;0.126000;-0.235660;0.830730
2.624500;0.115650;-0.212100;0.830580
2.625000;0.083477;-0.205410;0.846570
2.625500;0.040551;-0.182500;0.862150
2.626000;-0.020201;-0.153200;0.872270
2.626500;-0.059179;-0.137300;0.889410
2.627000;-0.091391;-0.116210;0.887490
2.627500;-0.103800;-0.095691;0.862560
2.628000;-0.085553;-0.087505;0.842410
2.628500;-0.038954;-0.082545;0.807210
2.629000;0.026465;-0.072376;0.769550
2.629500;0.104800;-0.071779;0.739630
2.630000;0.190350;-0.062350;0.719840
2.630500;0.280850;-0.061527;0.713660
2.631000;0.371670;-0.043109;0.695720
2.631500;0.449200;-0.019372;0.654610
2.632000;0.526690;-0.006456;0.622280
2.632500;0.603690;0.009025;0.579370
2.633000;0.679020;0.015648;0.515540
2.633500;0.735340;0.016479;0.433960
2.634000;0.757430;0.037053;0.355400
2.634500;0.757860;0.047062;0.290270
2.635000;0.747260;0.057365;0.241040
2.635500;0.741480;0.061282;0.190800
2.636000;0.738490;0.066612;0.144270
2.636500;0.736250;0.072594;0.095343
2.637000;0.756070;0.076634;0.058774
2.637500;0.761180;0.085966;0.036599
2.638000;0.761830;0.089978;0.037356
2.638500;0.742950;0.108720;0.049585
2.639000;0.694110;0.126770;0.059046
2.639500;0.641600;0.119540;0.082087
2.640000;0.552410;0.152440;0.090459
2.640500;0.456940;0.160940;0.098451
2.641000;0.342130;0.172490;0.089201
2.641500;0.231710;0.172160;0.077708
2.642000;0.120160;0.152940;0.085967
2.642500;0.008221;0.165220;0.069721
2.643000;-0.091264;0.158040;0.050164
2.643500;-0.175660;0.117790;0.044549
2.644000;-0.242390;0.092237;0.036025
2.644500;-0.310740;0.074882;0.047093
2.645000;-0.354710;0.047535;0.090187
2.645500;-0.375020;0.028817;0.130020
2.646000;-0.390340;0.007567;0.172040
2.646500;-0.396510;-0.002836;0.212290
2.647000;-0.380360;-0.008682;0.223850
2.647500;-0.369920;-0.020291;0.243410
2.648000;-0.350910;-0.036329;0.259370
2.648500;-0.336410;-0.016365;0.250150
2.649000;-0.337620;-0.015233;0.220700
2.649500;-0.317390;-0.031644;0.196670
2.650000;-0.300630;-0.022381;0.167530
2.650500;-0.278590;-0.023889;0.159730
2.651000;-0.239300;-0.033621;0.172040
2.651500;-0.195610;-0.036102;0.192170
2.652000;-0.150920;-0.035267;0.217070
2.652500;-0.099634;-0.054196;0.235590
2.653000;-0.069061;-0.061801;0.261220
2.653500;-0.070359;-0.065782;0.296620
2.654000;-0.084495;-0.077752;0.342800
2.654500;-0.141170;-0.070634;0.383870
2.655000;-0.208230;-0.074188;0.413290
2.655500;-0.264770;-0.085244;0.437430
2.656000;-0.330450;-0.084486;0.455610
2.656500;-0.375910;-0.090362;0.464780
2.657000;-0.372700;-0.101220;0.486240
2.657500;-0.366310;-0.101600;0.498130
2.658000;-0.341250;-0.088004;0.499130
2.658500;-0.278100;-0.092993;0.478630
2.659000;-0.220800;-0.087930;0.475620
2.659500;-0.160580;-0.071766;0.462990
2.660000;-0.088918;-0.060879;0.460950
2.660500;-0.004870;-0.051593;0.452590
2.661000;0.079247;-0.046237;0.442810
2.661500;0.149650;-0.029184;0.439630
2.662000;0.201850;-0.031850;0.445500
2.662500;0.241390;-0.036022;0.467990
2.663000;0.237750;-0.034431;0.501490
2.663500;0.195310;-0.027011;0.542330
2.664000;0.123380;-0.019805;0.581630
2.664500;0.024129;-0.021311;0.631620
2.665000;-0.094439;-0.006314;0.664400
2.665500;-0.210060;0.003546;0.682380
2.666000;-0.318590;0.017940;0.670070
2.666500;-0.406600;0.027503;0.630370
2.667000;-0.444060;0.031099;0.575720
2.667500;-0.450830;0.036399;0.500880
2.668000;-0.419150;0.051633;0.419920
2.668500;-0.363120;0.068804;0.346200
2.669000;-0.265510;0.079670;0.264990
2.669500;-0.144050;0.099380;0.180000
2.670000;-0.017522;0.119180;0.111060
2.670500;0.135780;0.127310;0.057228
2.671000;0.269820;0.143320;0.015409
2.671500;0.393810;0.143870;-0.015735
2.672000;0.492030;0.142260;-0.056133
2.672500;0.544960;0.150520;-0.109700
2.673000;0.573320;0.136710;-0.145040
2.673500;0.567970;0.101250;-0.171400
2.674000;0.506030;0.093539;-0.190310
2.674500;0.430870;0.083096;-0.199460
2.675000;0.358000;0.028952;-0.194870
2.675500;0.243510;0.018883;-0.186570
2.676000;0.166320;0.028719;-0.148090
2.676500;0.121930;-0.057495;-0.111870
2.677000;0.061909;-0.048931;-0.025467
2.677500;0.031128;-0.069157;0.022705
2.678000;0.060943;-0.113800;0.078026
2.678500;0.066040;-0.084120;0.111100
2.679000;0.087371;-0.077902;0.123680
2.679500;0.139590;-0.092603;0.165800
2.680000;0.188410;-0.089281;0.149970
2.680500;0.227360;-0.077643;0.142610
2.681000;0.294940;-0.091641;0.114280
2.681500;0.344270;-0.099402;0.073505
2.682000;0.371520;-0.095874;0.034823
2.682500;0.406110;-0.110620;0.027893
2.683000;0.405300;-0.114500;0.007103
2.683500;0.397180;-0.101850;0.002740
2.684000;0.399300;-0.119450;0.021383
2.684500;0.414790;-0.134800;0.047473
2.685000;0.378310;-0.100900;0.061866
2.685500;0.383000;-0.117610;0.095632
2.686000;0.396360;-0.117500;0.148110
2.686500;0.369000;-0.078573;0.169500
2.687000;0.369750;-0.084907;0.232760
2.687500;0.366330;-0.065208;0.273510
2.688000;0.328860;-0.038716;0.304350
2.688500;0.300980;-0.039722;0.354410
2.689000;0.261900;-0.038362;0.397800
2.689500;0.205040;-0.043183;0.444430
2.690000;0.158110;-0.080883;0.501330
2.690500;0.099596;-0.110160;0.566480
2.691000;0.018620;-0.117470;0.592080
2.691500;-0.053585;-0.166950;0.653050
2.692000;-0.118050;-0.195820;0.715500
2.692500;-0.197130;-0.207350;0.743180
2.693000;-0.234440;-0.240880;0.771760
2.693500;-0.263920;-0.263980;0.787610
2.694000;-0.274310;-0.278310;0.795820
2.694500;-0.254390;-0.286310;0.815260
2.695000;-0.216150;-0.298840;0.809260
2.695500;-0.163160;-0.298330;0.793170
2.696000;-0.097911;-0.304900;0.758380
2.696500;-0.055373;-0.307910;0.725220
2.697000;-0.015893;-0.301760;0.672500
2.697500;0.010047;-0.304040;0.629530
2.698000;0.016256;-0.304700;0.599760
2.698500;-0.004848;-0.287870;0.558830
2.699000;-0.045578;-0.280640;0.511120
2.699500;-0.089989;-0.279220;0.468590
2.700000;-0.158600;-0.265570;0.423570
2.700500;-0.225470;-0.262580;0.389150
2.701000;-0.289440;-0.253730;0.353040
2.701500;-0.344270;-0.240520;0.302240
2.702000;-0.406220;-0.239300;0.263890
2.702500;-0.459640;-0.233670;0.242830
2.703000;-0.502360;-0.224420;0.218460
2.703500;-0.509180;-0.227580;0.214150
2.704000;-0.497980;-0.247290;0.228520
2.704500;-0.482150;-0.249020;0.251590
2.705000;-0.440750;-0.260620;0.276100
2.705500;-0.378350;-0.279890;0.302480
2.706000;-0.325670;-0.277450;0.303170
2.706500;-0.280750;-0.281070;0.311460
2.707000;-0.239370;-0.286280;0.308720
2.707500;-0.195040;-0.278210;0.289400
2.708000;-0.166200;-0.273320;0.251950
2.708500;-0.131430;-0.264320;0.209430
2.709000;-0.097047;-0.258610;0.155940
2.709500;-0.063356;-0.240550;0.106900
2.710000;-0.020953;-0.229650;0.071638
2.710500;0.026458;-0.207460;0.048235
2.711000;0.066840;-0.185890;0.019729
2.711500;0.088781;-0.176510;0.015763
2.712000;0.113360;-0.151740;0.013390
2.712500;0.128560;-0.140570;-0.004710
2.713000;0.119460;-0.123800;-0.005023
2.713500;0.114300;-0.116610;-0.028771
2.714000;0.081975;-0.104260;-0.026844
2.714500;0.044326;-0.090396;-0.037800
2.715000;-0.007250;-0.072135;-0.031913
2.715500;-0.060397;-0.072466;-0.028903
2.716000;-0.117170;-0.072181;-0.008896
2.716500;-0.172290;-0.062277;-0.001370
2.717000;-0.214240;-0.068482;0.007921
2.717500;-0.250300;-0.073885;0.030734
2.718000;-0.246020;-0.080810;0.037617
2.718500;-0.234370;-0.079781;0.030605
2.719000;-0.182480;-0.089672;0.009580
2.719500;-0.107980;-0.096653;-0.017058
2.720000;-0.042606;-0.089586;-0.062370
2.720500;0.029811;-0.095134;-0.110990
2.721000;0.102070;-0.091091;-0.167320
2.721500;0.161220;-0.083931;-0.224400
2.722000;0.219740;-0.090158;-0.260430
2.722500;0.262220;-0.098386;-0.274310
2.723000;0.270980;-0.101530;-0.267660
2.723500;0.280570;-0.114690;-0.252980
2.724000;0.261610;-0.132280;-0.227750
2.724500;0.220580;-0.151320;-0.198560
2.725000;0.168000;-0.178780;-0.151390
2.725500;0.100040;-0.200320;-0.094981
2.726000;0.032425;-0.226900;-0.040976
2.726500;-0.036746;-0.242410;0.013280
2.727000;-0.095710;-0.255450;0.065303
2.727500;-0.148010;-0.275610;0.109660
2.728000;-0.195840;-0.277490;0.157560
2.728500;-0.243650;-0.279280;0.193610
2.729000;-0.264170;-0.284070;0.240580
2.729500;-0.264850;-0.289200;0.286480
2.730000;-0.264510;-0.278520;0.332100
2.730500;-0.252310;-0.281440;0.367620
2.731000;-0.234620;-0.284590;0.401790
2.731500;-0.210420;-0.272340;0.439530
2.732000;-0.176620;-0.257450;0.451200
2.732500;-0.129360;-0.240870;0.437400
2.733000;-0.056508;-0.233200;0.394040
2.733500;0.011410;-0.215510;0.332370
2.734000;0.087280;-0.207140;0.270490
2.734500;0.153840;-0.173380;0.189100
2.735000;0.217370;-0.155820;0.110390
2.735500;0.283140;-0.139680;0.049334
2.736000;0.318060;-0.109520;-0.007192
2.736500;0.358590;-0.100160;-0.045830
2.737000;0.384490;-0.104300;-0.053318
2.737500;0.372330;-0.091244;-0.043095
2.738000;0.329130;-0.076130;-0.006235
2.738500;0.281900;-0.083636;0.031221
2.739000;0.208530;-0.073684;0.077226
2.739500;0.122790;-0.063370;0.092344
2.740000;0.051991;-0.073372;0.126390
2.740500;-0.027591;-0.073420;0.149930
2.741000;-0.100150;-0.059586;0.150170
2.741500;-0.141160;-0.048562;0.130190
2.742000;-0.148120;-0.046286;0.082813
2.742500;-0.132250;-0.053093;0.037098
2.743000;-0.073954;-0.068673;-0.011879
2.743500;-0.005529;-0.056896;-0.050753
2.744000;0.086038;-0.078781;-0.093519
2.744500;0.166140;-0.079368;-0.112440
2.745000;0.217660;-0.080997;-0.136590
2.745500;0.291610;-0.116850;-0.105670
2.746000;0.323090;-0.128150;-0.059821
2.746500;0.325890;-0.139050;-0.009648
2.747000;0.310900;-0.168560;0.043993
2.747500;0.261350;-0.185120;0.085293
2.748000;0.177770;-0.197580;0.116350
2.748500;0.090009;-0.205640;0.135220
2.749000;-0.008508;-0.214530;0.138620
2.749500;-0.106050;-0.222820;0.146050
2.750000;-0.183460;-0.222860;0.139480
2.750500;-0.228970;-0.225420;0.131410
2.751000;-0.235060;-0.234380;0.125660
2.751500;-0.212140;-0.237700;0.139030
2.752000;-0.181300;-0.230080;0.167520
2.752500;-0.117070;-0.222240;0.211320
2.753000;-0.052660;-0.210650;0.266280
2.753500;0.009622;-0.187930;0.333440
2.754000;0.076359;-0.179490;0.392530
2.754500;0.146480;-0.188790;0.454340
2.755000;0.195560;-0.184320;0.499850
2.755500;0.206640;-0.183930;0.524630
2.756000;0.195180;-0.186910;0.528240
2.756500;0.152750;-0.198560;0.533030
2.757000;0.094849;-0.201200;0.527160
2.757500;0.029248;-0.197650;0.499590
2.758000;-0.028821;-0.206390;0.470870
2.758500;-0.072413;-0.208730;0.442770
2.759000;-0.096102;-0.208190;0.419330
2.759500;-0.083462;-0.215370;0.393170
2.760000;-0.051543;-0.208060;0.362610
2.760500;0.005076;-0.205540;0.304340
2.761000;0.077814;-0.209990;0.251540
2.761500;0.136700;-0.193240;0.191760
2.762000;0.196190;-0.205800;0.133390
2.762500;0.222860;-0.202750;0.091618
2.763000;0.235030;-0.210670;0.076047
2.763500;0.219020;-0.203890;0.053611
2.764000;0.178680;-0.213980;0.047936
2.764500;0.134180;-0.231750;0.046587
2.765000;0.082170;-0.243170;0.044350
2.765500;0.013554;-0.249370;0.062014
2.766000;-0.065755;-0.254120;0.064941
2.766500;-0.149670;-0.261060;0.064331
2.767000;-0.239530;-0.272660;0.077328
2.767500;-0.329290;-0.270000;0.101880
2.768000;-0.403500;-0.271990;0.134510
2.768500;-0.470020;-0.276120;0.172640
2.769000;-0.492300;-0.271600;0.199850
2.769500;-0.499840;-0.273720;0.235200
2.770000;-0.483940;-0.278650;0.259020
2.770500;-0.442710;-0.279020;0.278550
2.771000;-0.380320;-0.282910;0.284470
2.771500;-0.312010;-0.271820;0.275910
2.772000;-0.235710;-0.262620;0.235540
2.772500;-0.147240;-0.265400;0.184840
2.773000;-0.056365;-0.274310;0.134170
2.773500;0.011755;-0.257900;0.069050
2.774000;0.085094;-0.249460;0.006439
2.774500;0.147530;-0.241990;-0.055935
2.775000;0.190640;-0.227920;-0.112520
2.775500;0.227300;-0.220770;-0.134840
2.776000;0.239470;-0.208980;-0.128160
2.776500;0.241530;-0.203700;-0.090643
2.777000;0.225810;-0.192340;-0.033201
2.777500;0.183530;-0.170260;0.025839
2.778000;0.142020;-0.165060;0.089008
2.778500;0.104940;-0.158110;0.158040
2.779000;0.076315;-0.147960;0.225010
2.779500;0.043926;-0.140920;0.281110
2.780000;0.021685;-0.139100;0.307380
2.780500;0.019729;-0.144970;0.306270
2.781000;0.029519;-0.135640;0.278050
2.781500;0.032913;-0.113290;0.239310
2.782000;0.054402;-0.099716;0.191050
2.782500;0.112430;-0.085112;0.116010
2.783000;0.187190;-0.061147;0.023900
2.783500;0.291290;-0.042235;-0.066759
2.784000;0.413720;-0.027705;-0.149870
2.784500;0.536120;-0.023924;-0.212820
2.785000;0.654300;-0.020866;-0.247510
2.785500;0.742720;-0.011397;-0.262260
2.786000;0.805720;-0.024486;-0.259020
2.786500;0.835940;-0.041108;-0.241050
2.787000;0.804040;-0.053878;-0.201430
2.787500;0.725570;-0.075666;-0.125490
2.788000;0.613370;-0.093163;-0.041115
2.788500;0.451830;-0.108080;0.040944
2.789000;0.257020;-0.131310;0.130340
2.789500;0.032198;-0.139090;0.207260
2.790000;-0.187980;-0.149660;0.279240
2.790500;-0.374730;-0.167630;0.349650
2.791000;-0.553110;-0.166790;0.393750
2.791500;-0.686730;-0.164780;0.407690
2.792000;-0.747930;-0.171560;0.390550
2.792500;-0.767240;-0.168330;0.357800
2.793000;-0.727300;-0.162620;0.323590
2.793500;-0.627700;-0.165500;0.265740
2.794000;-0.491280;-0.184260;0.179050
2.794500;-0.339790;-0.187720;0.050279
2.795000;-0.151950;-0.178310;-0.088409
2.795500;0.024463;-0.233550;-0.180130
2.796000;0.132920;-0.272610;-0.267210
2.796500;0.166400;-0.169250;-0.314850
2.797000;0.232960;-0.243330;-0.427910
2.797500;0.192720;-0.204620;-0.468420
2.798000;0.147240;-0.249000;-0.481520
2.798500;0.093725;-0.273140;-0.445780
2.799000;-0.020643;-0.213060;-0.434350
2.799500;-0.107790;-0.237030;-0.395210
2.800000;-0.211090;-0.246540;-0.356740
2.800500;-0.315460;-0.234040;-0.322860
2.801000;-0.417220;-0.190640;-0.274720
2.801500;-0.444020;-0.211430;-0.222610
2.802000;-0.436300;-0.221110;-0.165240
2.802500;-0.462480;-0.180650;-0.151540
2.803000;-0.403690;-0.198620;-0.100630
2.803500;-0.316950;-0.219030;-0.087500
2.804000;-0.243750;-0.197920;-0.077280
2.804500;-0.178330;-0.191010;-0.066434
2.805000;-0.100090;-0.199890;-0.042663
2.805500;-0.065675;-0.198460;-0.045274
2.806000;-0.030548;-0.204580;-0.044302
2.806500;-0.026031;-0.203470;-0.039773
2.807000;-0.051435;-0.200060;-0.044811
2.807500;-0.070072;-0.220240;-0.005522
2.808000;-0.119690;-0.203600;0.018568
2.808500;-0.179300;-0.190520;0.034491
2.809000;-0.194140;-0.198610;0.038969
2.809500;-0.192550;-0.192850;0.036045
2.810000;-0.195450;-0.176050;0.027059
2.810500;-0.154210;-0.181750;0.003502
2.811000;-0.112610;-0.166640;-0.017023
2.811500;-0.092708;-0.129900;-0.059406
2.812000;-0.050400;-0.108100;-0.079973
2.812500;-0.029792;-0.071648;-0.086370
2.813000;-0.019482;-0.032504;-0.079805
2.813500;-0.015842;0.006776;-0.079698
2.814000;-0.029013;0.037354;-0.105270
2.814500;-0.058167;0.065174;-0.133050
2.815000;-0.077289;0.069791;-0.190130
2.815500;-0.117760;0.078237;-0.243830
2.816000;-0.162810;0.073086;-0.321420
2.816500;-0.186930;0.048150;-0.391330
2.817000;-0.223950;0.032583;-0.476700
2.817500;-0.252880;0.020967;-0.549490
2.818000;-0.245990;-0.009209;-0.610320
2.818500;-0.202930;-0.090771;-0.647100
2.819000;-0.204570;-0.029374;-0.663190
2.819500;-0.128780;-0.086023;-0.703120
2.820000;-0.124740;-0.062753;-0.712360
2.820500;-0.084901;-0.089796;-0.739870
2.821000;-0.012429;-0.135160;-0.706520
2.821500;-0.029278;-0.062627;-0.736370
2.822000;0.007346;-0.087114;-0.719690
2.822500;0.059553;-0.118030;-0.678710
2.823000;0.056444;-0.095418;-0.703290
2.823500;0.073107;-0.080437;-0.699840
2.824000;0.131670;-0.115520;-0.677690
2.824500;0.176980;-0.103090;-0.648320
2.825000;0.191860;-0.092173;-0.639050
2.825500;0.206120;-0.099895;-0.599520
2.826000;0.219910;-0.112270;-0.556620
2.826500;0.211030;-0.095486;-0.510310
2.827000;0.200510;-0.106930;-0.431770
2.827500;0.196170;-0.115070;-0.342210
2.828000;0.177710;-0.107650;-0.288160
2.828500;0.162460;-0.131420;-0.216960
2.829000;0.137720;-0.124970;-0.170560
2.829500;0.115300;-0.125610;-0.139090
2.830000;0.119590;-0.152010;-0.074664
2.830500;0.103040;-0.134510;-0.055863
2.831000;0.075631;-0.123220;-0.045170
2.831500;0.058625;-0.134320;-0.023733
2.832000;0.033736;-0.118700;-0.002132
2.832500;0.013061;-0.086719;0.038581
2.833000;-0.002187;-0.081102;0.066736
2.833500;-0.003591;-0.071299;0.082307
2.834000;-0.020630;-0.055033;0.084000
2.834500;-0.028322;-0.054458;0.092730
2.835000;-0.034635;-0.052114;0.095749
2.835500;-0.050901;-0.037992;0.090419
2.836000;-0.083560;-0.030412;0.077996
2.836500;-0.125480;-0.032514;0.063647
2.837000;-0.174530;-0.025361;0.036104
2.837500;-0.208280;-0.029709;0.012672
2.838000;-0.234850;-0.024835;0.003233
2.838500;-0.270860;-0.010308;-0.008449
2.839000;-0.302270;-0.007015;-0.023251
2.839500;-0.344090;0.003489;-0.049606
2.840000;-0.399490;0.016267;-0.085568
2.840500;-0.456090;0.020730;-0.109390
2.841000;-0.511320;0.017159;-0.136890
2.841500;-0.555270;0.003030;-0.161540
2.842000;-0.606540;-0.001033;-0.195650
2.842500;-0.642490;-0.003144;-0.238620
2.843000;-0.652700;-0.015846;-0.269400
2.843500;-0.652120;-0.026412;-0.293500
2.844000;-0.625310;-0.024479;-0.310150
2.844500;-0.572970;-0.032389;-0.328620
2.845000;-0.523220;-0.036982;-0.330430
2.845500;-0.468810;-0.031532;-0.347260
2.846000;-0.426300;-0.018970;-0.350060
2.846500;-0.391500;-0.011370;-0.337140
2.847000;-0.361610;0.000040;-0.325050
2.847500;-0.347500;0.023238;-0.305010
2.848000;-0.329510;0.035692;-0.285030
2.848500;-0.296490;0.048783;-0.272180
2.849000;-0.257650;0.063836;-0.269070
2.849500;-0.218180;0.073421;-0.277720
2.850000;-0.174840;0.084955;-0.296040
2.850500;-0.126910;0.093077;-0.306440
2.851000;-0.082469;0.101100;-0.290830
2.851500;-0.060235;0.118580;-0.280480
2.852000;-0.042029;0.134550;-0.258010
2.852500;-0.039761;0.153180;-0.230260
2.853000;-0.050263;0.163440;-0.217950
2.853500;-0.058866;0.161790;-0.203070
2.854000;-0.047503;0.171520;-0.216620
2.854500;-0.045652;0.196380;-0.241900
2.855000;-0.035353;0.220680;-0.249270
2.855500;-0.040031;0.257010;-0.265660
2.856000;-0.028273;0.299240;-0.303740
2.856500;-0.006770;0.335590;-0.342600
2.857000;0.026678;0.368210;-0.398170
2.857500;0.074070;0.402220;-0.437530
2.858000;0.137100;0.419620;-0.480300
2.858500;0.205690;0.433660;-0.511870
2.859000;0.251260;0.462600;-0.544080
2.859500;0.273770;0.478030;-0.549980
2.860000;0.277270;0.480120;-0.521020
2.860500;0.255780;0.484910;-0.485300
2.861000;0.203980;0.484240;-0.429210
2.861500;0.132850;0.463970;-0.367550
2.862000;0.055898;0.444950;-0.304040
2.862500;-0.032066;0.442450;-0.226340
2.863000;-0.129490;0.370270;-0.176920
2.863500;-0.262050;0.366730;-0.129050
2.864000;-0.391690;0.440370;-0.141510
2.864500;-0.400360;0.284520;-0.143840
2.865000;-0.492660;0.322960;-0.164020
2.865500;-0.419180;0.369210;-0.201410
2.866000;-0.412140;0.397010;-0.318800
2.866500;-0.299240;0.360380;-0.365400
2.867000;-0.143940;0.352500;-0.371630
2.867500;-0.070443;0.475530;-0.502680
2.868000;0.075566;0.424070;-0.536540
2.868500;0.205450;0.384320;-0.546000
2.869000;0.273990;0.410590;-0.594910
2.869500;0.287160;0.418130;-0.624550
2.870000;0.328320;0.402600;-0.647360
2.870500;0.288560;0.400400;-0.662340
2.871000;0.221330;0.302780;-0.672800
2.871500;0.067322;0.447850;-0.649650
2.872000;0.031521;0.351140;-0.681580
2.872500;-0.111670;0.412890;-0.675280
2.873000;-0.203640;0.379730;-0.708170
2.873500;-0.233410;0.358400;-0.680730
2.874000;-0.293410;0.388740;-0.744060
2.874500;-0.283740;0.369520;-0.702020
2.875000;-0.266990;0.393150;-0.676020
2.875500;-0.242100;0.397130;-0.678080
2.876000;-0.160350;0.399910;-0.625050
2.876500;-0.071732;0.428660;-0.630140
2.877000;0.021686;0.437900;-0.626620
2.877500;0.135160;0.398790;-0.636150
2.878000;0.188860;0.428490;-0.646990
2.878500;0.205250;0.436500;-0.670470
2.879000;0.214110;0.422170;-0.646120
2.879500;0.170140;0.422380;-0.604790
2.880000;0.121820;0.414690;-0.521910
2.880500;0.031207;0.436450;-0.476920
2.881000;-0.040203;0.429700;-0.431000
2.881500;-0.093641;0.425150;-0.363700
2.882000;-0.173250;0.442290;-0.289820
2.882500;-0.229560;0.445350;-0.209390
2.883000;-0.272230;0.469940;-0.175100
2.883500;-0.293360;0.471040;-0.150150
2.884000;-0.290320;0.476530;-0.141360
2.884500;-0.294650;0.513140;-0.157560
2.885000;-0.253130;0.497060;-0.163630
2.885500;-0.201380;0.508970;-0.156140
2.886000;-0.179160;0.552460;-0.188520
2.886500;-0.128320;0.559620;-0.214700
2.887000;-0.093311;0.569020;-0.239210
2.887500;-0.087470;0.586400;-0.261290
2.888000;-0.083989;0.590490;-0.246540
2.888500;-0.109580;0.585450;-0.255840
2.889000;-0.161930;0.580700;-0.249300
2.889500;-0.211000;0.567280;-0.237650
2.890000;-0.283370;0.563420;-0.226010
2.890500;-0.352350;0.544370;-0.197580
2.891000;-0.410120;0.513820;-0.168580
2.891500;-0.461530;0.494750;-0.146880
2.892000;-0.487690;0.463500;-0.129660
2.892500;-0.497510;0.438590;-0.125180
2.893000;-0.494430;0.421500;-0.140190
2.893500;-0.462390;0.389970;-0.151560
2.894000;-0.431530;0.372910;-0.158360
2.894500;-0.386120;0.362310;-0.175670
2.895000;-0.355090;0.368220;-0.184080
2.895500;-0.306590;0.352000;-0.210150
2.896000;-0.244470;0.343720;-0.225500
2.896500;-0.215600;0.345250;-0.241620
2.897000;-0.163830;0.332770;-0.228650
2.897500;-0.111310;0.330540;-0.211310
2.898000;-0.092803;0.338760;-0.188610
2.898500;-0.076936;0.343850;-0.167480
2.899000;-0.060978;0.343370;-0.152590
2.899500;-0.076820;0.339940;-0.118310
2.900000;-0.074838;0.322680;-0.075891
2.900500;-0.107110;0.320210;-0.039955
2.901000;-0.143920;0.308030;0.006176
2.901500;-0.179280;0.307180;0.059356
2.902000;-0.247540;0.317960;0.109660
2.902500;-0.297880;0.308840;0.170510
2.903000;-0.354070;0.331150;0.214690
2.903500;-0.381940;0.340400;0.242220
2.904000;-0.388040;0.351330;0.263090
2.904500;-0.396190;0.379850;0.249920
2.905000;-0.361290;0.392340;0.243710
2.905500;-0.316150;0.403850;0.214690
2.906000;-0.270300;0.426630;0.175770
2.906500;-0.209110;0.442700;0.134540
2.907000;-0.134430;0.454790;0.087106
2.907500;-0.070471;0.461600;0.049282
2.908000;0.000123;0.457860;0.003061
2.908500;0.056796;0.442690;-0.031083
2.909000;0.084176;0.416830;-0.053852
2.909500;0.077332;0.408290;-0.050367
2.910000;0.009221;0.409910;-0.044119
2.910500;-0.079530;0.404030;-0.027334
2.911000;-0.190960;0.400090;-0.008565
2.911500;-0.315110;0.398900;-0.000051
2.912000;-0.426120;0.399200;0.012502
2.912500;-0.521330;0.384550;0.002089
2.913000;-0.599280;0.370610;-0.002558
2.913500;-0.661700;0.368490;-0.019511
2.914000;-0.704440;0.369600;-0.041293
2.914500;-0.733100;0.364790;-0.059997
2.915000;-0.736000;0.375140;-0.085568
2.915500;-0.724920;0.380420;-0.127490
2.916000;-0.683000;0.374060;-0.158890
2.916500;-0.621940;0.381160;-0.203410
2.917000;-0.535450;0.375070;-0.244910
2.917500;-0.448480;0.368040;-0.271800
2.918000;-0.389480;0.354130;-0.302860
2.918500;-0.328560;0.325460;-0.322070
2.919000;-0.290800;0.315900;-0.332980
2.919500;-0.288480;0.307820;-0.348330
2.920000;-0.289090;0.275690;-0.339240
2.920500;-0.303290;0.245420;-0.326390
2.921000;-0.319930;0.238380;-0.319010
2.921500;-0.331700;0.216520;-0.301720
2.922000;-0.328190;0.190020;-0.294860
2.922500;-0.321550;0.185390;-0.311150
2.923000;-0.308240;0.169440;-0.329330
2.923500;-0.279360;0.162340;-0.342620
2.924000;-0.232320;0.171010;-0.353320
2.924500;-0.196520;0.178640;-0.348680
2.925000;-0.147160;0.200430;-0.353470
2.925500;-0.085880;0.219370;-0.356410
2.926000;0.004197;0.217430;-0.340620
2.926500;0.080479;0.240100;-0.318970
2.927000;0.138080;0.257150;-0.318800
2.927500;0.192100;0.256890;-0.279550
2.928000;0.235980;0.264100;-0.253930
2.928500;0.225640;0.299780;-0.253540
2.929000;0.208150;0.303330;-0.248630
2.929500;0.219400;0.306040;-0.235130
2.930000;0.205770;0.330520;-0.240160
2.930500;0.187560;0.353030;-0.248900
2.931000;0.206990;0.357470;-0.293070
2.931500;0.249850;0.358260;-0.340510
2.932000;0.302850;0.365340;-0.395230
2.932500;0.345710;0.368910;-0.452600
2.933000;0.393950;0.375360;-0.505940
2.933500;0.434600;0.373360;-0.550430
2.934000;0.448360;0.392410;-0.585440
2.934500;0.450030;0.404640;-0.637380
2.935000;0.452250;0.414120;-0.664950
2.935500;0.457510;0.406260;-0.673520
2.936000;0.430230;0.422010;-0.663720
2.936500;0.373500;0.426160;-0.652470
2.937000;0.325670;0.416170;-0.632710
2.937500;0.246230;0.380920;-0.630010
2.938000;0.123320;0.379630;-0.620300
2.938500;-0.017891;0.426430;-0.629410
2.939000;-0.110850;0.341180;-0.616840
2.939500;-0.269910;0.308130;-0.589470
2.940000;-0.373880;0.330040;-0.573110
2.940500;-0.475480;0.316990;-0.581260
2.941000;-0.498770;0.254110;-0.544900
2.941500;-0.498320;0.229810;-0.520870
2.942000;-0.521800;0.248280;-0.546200
2.942500;-0.461310;0.194930;-0.549960
2.943000;-0.409760;0.176450;-0.563760
2.943500;-0.379360;0.198100;-0.598290
2.944000;-0.324590;0.189870;-0.647850
2.944500;-0.260560;0.161460;-0.703100
2.945000;-0.225830;0.161480;-0.756110
2.945500;-0.198490;0.139430;-0.797220
2.946000;-0.174240;0.123930;-0.818400
2.946500;-0.160360;0.128150;-0.823430
2.947000;-0.156860;0.106560;-0.805820
2.947500;-0.155350;0.093465;-0.760200
2.948000;-0.177210;0.106570;-0.702070
2.948500;-0.191100;0.084549;-0.625240
2.949000;-0.180160;0.062910;-0.518690
2.949500;-0.187300;0.082778;-0.426440
2.950000;-0.191100;0.069098;-0.313850
2.950500;-0.176350;0.053548;-0.202410
2.951000;-0.179350;0.065828;-0.109930
2.951500;-0.179010;0.059955;-0.023034
2.952000;-0.163280;0.051396;0.066172
2.952500;-0.176260;0.057560;0.145050
2.953000;-0.177650;0.054601;0.222300
2.953500;-0.169750;0.043931;0.284200
2.954000;-0.181450;0.050036;0.314950
2.954500;-0.164350;0.042713;0.348100
2.955000;-0.151350;0.045531;0.373930
2.955500;-0.144710;0.061358;0.371510
2.956000;-0.120490;0.075072;0.342340
2.956500;-0.095196;0.083192;0.279850
2.957000;-0.071323;0.108830;0.208420
2.957500;-0.022488;0.110190;0.129730
2.958000;0.023761;0.114710;0.045869
2.958500;0.072752;0.129590;-0.027100
2.959000;0.125950;0.131830;-0.058990
2.959500;0.151860;0.140390;-0.053067
2.960000;0.134540;0.158490;-0.023083
2.960500;0.090840;0.165770;0.034107
2.961000;0.026933;0.169470;0.110900
2.961500;-0.061873;0.175800;0.182180
2.962000;-0.165740;0.165150;0.242330
2.962500;-0.251100;0.146830;0.284180
2.963000;-0.331320;0.134060;0.277870
2.963500;-0.397780;0.119070;0.252130
2.964000;-0.439170;0.095588;0.216010
2.964500;-0.449350;0.069545;0.155280
2.965000;-0.427940;0.043562;0.108390
2.965500;-0.398450;0.029093;0.055571
2.966000;-0.363800;0.029654;0.019496
2.966500;-0.317120;0.016790;0.006739
2.967000;-0.262940;0.012494;0.002856
2.967500;-0.214110;0.018515;0.000866
2.968000;-0.142710;0.021420;-0.015207
2.968500;-0.056409;0.017244;-0.044778
2.969000;0.023845;0.001882;-0.091150
2.969500;0.098645;-0.005766;-0.144780
2.970000;0.156090;-0.018934;-0.217390
2.970500;0.189350;-0.031113;-0.262810
2.971000;0.206510;-0.046719;-0.290050
2.971500;0.205370;-0.058057;-0.294590
2.972000;0.187050;-0.063838;-0.291890
2.972500;0.179850;-0.076404;-0.284880
2.973000;0.169000;-0.082013;-0.273560
2.973500;0.161910;-0.091448;-0.243750
2.974000;0.173180;-0.099029;-0.196140
2.974500;0.196270;-0.093702;-0.156000
2.975000;0.222540;-0.099170;-0.116100
2.975500;0.233400;-0.095943;-0.069993
2.976000;0.260530;-0.093935;-0.033983
2.976500;0.292880;-0.095543;0.003324
2.977000;0.298240;-0.082172;0.011101
2.977500;0.318090;-0.067680;-0.000237
2.978000;0.350790;-0.066978;-0.013043
2.978500;0.362130;-0.056240;-0.030503
2.979000;0.365340;-0.042068;-0.066092
2.979500;0.381720;-0.055053;-0.087510
2.980000;0.395580;-0.063650;-0.082370
2.980500;0.400840;-0.059107;-0.058169
2.981000;0.413500;-0.069529;-0.021057
2.981500;0.408770;-0.077766;0.019630
2.982000;0.411810;-0.087972;0.072278
2.982500;0.400370;-0.093221;0.144750
2.983000;0.373920;-0.091141;0.206000
2.983500;0.347970;-0.091575;0.277780
2.984000;0.304900;-0.086633;0.331560
2.984500;0.241230;-0.076170;0.376590
2.985000;0.193460;-0.067618;0.410050
2.985500;0.143640;-0.062210;0.425790
2.986000;0.088404;-0.042890;0.440950
2.986500;0.055863;-0.032142;0.430150
2.987000;0.022991;-0.020623;0.423290
2.987500;-0.002511;-0.011423;0.415200
2.988000;-0.018307;0.003951;0.392640
2.988500;-0.034453;0.023350;0.360480
2.989000;-0.065596;0.038065;0.329420
2.989500;-0.083883;0.051661;0.304190
2.990000;-0.098336;0.046948;0.290260
2.990500;-0.116710;0.051755;0.255260
2.991000;-0.137960;0.045415;0.207380
2.991500;-0.161870;0.041837;0.144370
2.992000;-0.171050;0.032946;0.061167
2.992500;-0.179890;0.006765;-0.014152
2.993000;-0.183240;-0.013572;-0.084772
2.993500;-0.189520;-0.032715;-0.154070
2.994000;-0.177670;-0.043958;-0.210780
2.994500;-0.153290;-0.064759;-0.245440
2.995000;-0.129390;-0.067362;-0.252840
2.995500;-0.088560;-0.056195;-0.251900
2.996000;-0.038555;-0.046646;-0.245490
2.996500;0.008494;-0.039759;-0.228950
2.997000;0.065007;-0.025360;-0.232620
2.997500;0.114910;-0.005981;-0.242320
2.998000;0.162460;0.007755;-0.249410
2.998500;0.202550;0.007958;-0.263650
2.999000;0.212860;0.010979;-0.276980
2.999500;0.215910;0.003213;-0.303280
3.000000;0.188490;0.004904;-0.323160
3.000500;0.134410;-0.006300;-0.340700
3.001000;0.073170;-0.007372;-0.340850
3.001500;0.021131;-0.015544;-0.332050
3.002000;-0.037901;-0.018653;-0.298400
3.002500;-0.083301;-0.016219;-0.274850
3.003000;-0.109430;-0.015958;-0.250380
3.003500;-0.109550;-0.029603;-0.230990
3.004000;-0.081555;-0.027266;-0.204650
3.004500;-0.047791;-0.020133;-0.201060
3.005000;0.008897;-0.008534;-0.226330
3.005500;0.081338;-0.011784;-0.264220
3.006000;0.146630;-0.012486;-0.302170
3.006500;0.182690;0.006298;-0.339330
3.007000;0.231810;0.008626;-0.369060
3.007500;0.293090;0.002027;-0.384210
3.008000;0.326350;0.002631;-0.400050
3.008500;0.337830;0.010424;-0.418540
3.009000;0.333380;0.008166;-0.436820
3.009500;0.282900;0.010412;-0.444540
3.010000;0.222230;-0.003444;-0.426420
3.010500;0.122530;-0.008185;-0.370700
3.011000;0.004095;0.000086;-0.322600
3.011500;-0.123490;-0.015274;-0.275660
3.012000;-0.244150;-0.033473;-0.217490
3.012500;-0.353700;-0.051009;-0.166480
3.013000;-0.439380;-0.063960;-0.097118
3.013500;-0.490700;-0.077554;-0.040554
3.014000;-0.514820;-0.092959;0.002883
3.014500;-0.525110;-0.099370;0.011200
3.015000;-0.501710;-0.127370;0.034438
3.015500;-0.460300;-0.156720;0.068154
3.016000;-0.445590;-0.159280;0.103940
3.016500;-0.408730;-0.182570;0.136930
3.017000;-0.381970;-0.196010;0.167780
3.017500;-0.361640;-0.207350;0.192800
3.018000;-0.345210;-0.214080;0.226810
3.018500;-0.304450;-0.217780;0.251990
3.019000;-0.268050;-0.219650;0.286500
3.019500;-0.238290;-0.221970;0.314880
3.020000;-0.196640;-0.223340;0.323580
3.020500;-0.156630;-0.223480;0.322280
3.021000;-0.116520;-0.225790;0.323890
3.021500;-0.091187;-0.219140;0.342090
3.022000;-0.060770;-0.212220;0.344890
3.022500;-0.014208;-0.205350;0.359790
3.023000;0.048838;-0.196560;0.364550
3.023500;0.106370;-0.181360;0.371170
3.024000;0.172250;-0.172100;0.364620
3.024500;0.240540;-0.161630;0.383370
3.025000;0.280200;-0.140510;0.396030
3.025500;0.295370;-0.118170;0.425190
3.026000;0.301660;-0.090490;0.446980
3.026500;0.293730;-0.059589;0.458670
3.027000;0.281400;-0.037590;0.454070
3.027500;0.260690;-0.009046;0.430570
3.028000;0.240130;0.016856;0.382370
3.028500;0.253430;0.034551;0.314060
3.029000;0.266240;0.056268;0.236560
3.029500;0.298090;0.072105;0.155360
3.030000;0.347770;0.082853;0.067586
3.030500;0.405240;0.095252;-0.011880
3.031000;0.468650;0.106410;-0.084825
3.031500;0.544420;0.124800;-0.181790
3.032000;0.607200;0.133960;-0.258970
3.032500;0.673120;0.134930;-0.328170
3.033000;0.715200;0.155620;-0.401780
3.033500;0.743560;0.161820;-0.471960
3.034000;0.764830;0.163070;-0.528920
3.034500;0.745390;0.162420;-0.580170
3.035000;0.712630;0.156930;-0.603050
3.035500;0.671180;0.145610;-0.616480
3.036000;0.595590;0.142180;-0.619940
3.036500;0.495830;0.135330;-0.610180
3.037000;0.396480;0.121160;-0.589750
3.037500;0.300990;0.098909;-0.544440
3.038000;0.217330;0.078812;-0.493130
3.038500;0.119440;0.058766;-0.431140
3.039000;0.034441;0.026883;-0.382420
3.039500;-0.034519;0.006626;-0.350740
3.040000;-0.084343;-0.021223;-0.336250
3.040500;-0.117770;-0.047839;-0.318200
3.041000;-0.141800;-0.061117;-0.289100
3.041500;-0.126650;-0.089223;-0.272730
3.042000;-0.112910;-0.112470;-0.261820
3.042500;-0.103630;-0.126840;-0.259400
3.043000;-0.083639;-0.139850;-0.254490
3.043500;-0.046634;-0.164220;-0.243880
3.044000;-0.028159;-0.190330;-0.205270
3.044500;-0.004990;-0.207290;-0.160970
3.045000;0.036126;-0.227230;-0.114280
3.045500;0.054230;-0.236770;-0.073250
3.046000;0.065220;-0.247730;-0.034198
3.046500;0.081591;-0.269810;0.006973
3.047000;0.081862;-0.283240;0.060290
3.047500;0.062895;-0.286640;0.116380
3.048000;0.043812;-0.289960;0.177780
3.048500;0.016217;-0.285000;0.251620
3.049000;-0.024612;-0.272690;0.318780
3.049500;-0.069151;-0.257570;0.375880
3.050000;-0.118310;-0.233060;0.407110
3.050500;-0.161890;-0.212310;0.431180
3.051000;-0.185810;-0.210440;0.442320
3.051500;-0.220400;-0.198350;0.439430
3.052000;-0.234910;-0.188590;0.405930
3.052500;-0.213350;-0.202960;0.386400
3.053000;-0.194160;-0.194360;0.353700
3.053500;-0.179390;-0.186000;0.331210
3.054000;-0.127990;-0.192100;0.307660
3.054500;-0.038491;-0.195870;0.280010
3.055000;0.058618;-0.200320;0.256920
3.055500;0.156310;-0.202470;0.244530
3.056000;0.256250;-0.204210;0.240610
3.056500;0.346440;-0.212040;0.243850
3.057000;0.389050;-0.217500;0.288470
3.057500;0.393330;-0.211890;0.350060
3.058000;0.376370;-0.208820;0.437800
3.058500;0.325330;-0.203690;0.536250
3.059000;0.236830;-0.196700;0.615590
3.059500;0.124410;-0.193910;0.688000
3.060000;-0.000426;-0.200010;0.758150
3.060500;-0.134360;-0.190470;0.817830
3.061000;-0.269960;-0.197550;0.857100
3.061500;-0.373910;-0.197930;0.880490
3.062000;-0.453940;-0.199760;0.857830
3.062500;-0.507030;-0.198950;0.806660
3.063000;-0.520930;-0.197820;0.737240
3.063500;-0.484760;-0.194800;0.666390
3.064000;-0.417660;-0.193390;0.584060
3.064500;-0.340030;-0.182810;0.509530
3.065000;-0.228340;-0.170590;0.410750
3.065500;-0.093113;-0.171460;0.306960
3.066000;0.027607;-0.167150;0.224180
3.066500;0.145900;-0.178390;0.160420
3.067000;0.240710;-0.175690;0.121930
3.067500;0.317290;-0.171180;0.074271
3.068000;0.359370;-0.168420;0.032522
3.068500;0.354590;-0.161330;-0.009799
3.069000;0.337350;-0.175630;-0.012325
3.069500;0.302910;-0.184620;0.007281
3.070000;0.241730;-0.160960;0.041871
3.070500;0.175590;-0.175090;0.069145
3.071000;0.108140;-0.155320;0.110910
3.071500;0.027202;-0.146930;0.130890
3.072000;-0.027766;-0.147820;0.178940
3.072500;-0.063718;-0.122620;0.213320
3.073000;-0.096278;-0.095073;0.231820
3.073500;-0.065907;-0.101090;0.243760
3.074000;-0.012934;-0.092114;0.224320
3.074500;0.019182;-0.069483;0.198240
3.075000;0.098691;-0.078718;0.171270
3.075500;0.163310;-0.064891;0.163850
3.076000;0.206630;-0.049590;0.154050
3.076500;0.264470;-0.043934;0.139630
3.077000;0.320120;-0.034988;0.102970
3.077500;0.359260;-0.040360;0.080429
3.078000;0.403520;-0.052366;0.062668
3.078500;0.446450;-0.071432;0.047246
3.079000;0.464490;-0.075287;0.032896
3.079500;0.464530;-0.084756;0.007868
3.080000;0.469270;-0.091542;0.001057
3.080500;0.458100;-0.085318;0.002263
3.081000;0.465410;-0.081552;0.037300
3.081500;0.483970;-0.075835;0.086119
3.082000;0.495440;-0.053950;0.129110
3.082500;0.519380;-0.037249;0.162380
3.083000;0.542530;-0.023631;0.226800
3.083500;0.521610;0.018084;0.280090
3.084000;0.490700;0.040329;0.326300
3.084500;0.447440;0.050463;0.379460
3.085000;0.361800;0.070761;0.411460
3.085500;0.272660;0.071085;0.437000
3.086000;0.185260;0.061917;0.458430
3.086500;0.111900;0.045387;0.455510
3.087000;0.038060;0.024249;0.431650
3.087500;-0.034962;-0.001897;0.405150
3.088000;-0.078611;-0.023729;0.377620
3.088500;-0.112520;-0.033042;0.345200
3.089000;-0.122760;-0.051731;0.308870
3.089500;-0.104670;-0.066132;0.271830
3.090000;-0.074222;-0.072952;0.212660
3.090500;-0.050390;-0.074620;0.158680
3.091000;-0.006665;-0.083145;0.098626
3.091500;0.049616;-0.078390;0.049412
3.092000;0.099855;-0.074708;-0.005890
3.092500;0.146130;-0.075022;-0.053241
3.093000;0.179820;-0.076809;-0.099916
3.093500;0.218690;-0.085415;-0.112690
3.094000;0.230760;-0.090937;-0.098061
3.094500;0.214480;-0.093742;-0.069923
3.095000;0.188390;-0.093097;-0.028161
3.095500;0.147110;-0.094479;0.000300
3.096000;0.061162;-0.080559;0.041146
3.096500;-0.017641;-0.083020;0.081829
3.097000;-0.090828;-0.078717;0.140930
3.097500;-0.167010;-0.081246;0.185270
3.098000;-0.229700;-0.083398;0.229050
3.098500;-0.275590;-0.093227;0.264000
3.099000;-0.300120;-0.098663;0.307500
3.099500;-0.291040;-0.109360;0.329330
3.100000;-0.260980;-0.121050;0.339260
3.100500;-0.217610;-0.122340;0.326530
3.101000;-0.142630;-0.127610;0.297820
3.101500;-0.051558;-0.132370;0.247900
3.102000;0.043164;-0.132990;0.207790
3.102500;0.153420;-0.148270;0.163840
3.103000;0.230690;-0.143740;0.127020
3.103500;0.294680;-0.130850;0.109560
3.104000;0.353990;-0.123110;0.106960
3.104500;0.388550;-0.096400;0.120210
3.105000;0.410340;-0.090914;0.115070
3.105500;0.407860;-0.074739;0.112760
3.106000;0.385960;-0.044627;0.096808
3.106500;0.379500;-0.079965;0.114140
3.107000;0.311190;-0.056104;0.121240
3.107500;0.261220;-0.035394;0.136400
3.108000;0.174370;-0.013790;0.143580
3.108500;0.100640;-0.032694;0.171110
3.109000;0.021916;-0.031514;0.209810
3.109500;-0.083266;-0.005924;0.223220
3.110000;-0.137960;-0.034470;0.267370
3.110500;-0.196000;-0.053179;0.293560
3.111000;-0.255430;-0.057306;0.284460
3.111500;-0.301580;-0.067438;0.286720
3.112000;-0.306640;-0.084394;0.260590
3.112500;-0.295890;-0.098765;0.254970
3.113000;-0.256980;-0.108810;0.213240
3.113500;-0.193080;-0.109810;0.147940
3.114000;-0.089804;-0.113270;0.057510
3.114500;0.030979;-0.125320;-0.015163
3.115000;0.170400;-0.132880;-0.072820
3.115500;0.293130;-0.120760;-0.101270
3.116000;0.421130;-0.135070;-0.110630
3.116500;0.542240;-0.141880;-0.082142
3.117000;0.602860;-0.115900;-0.033847
3.117500;0.646900;-0.121390;0.055390
3.118000;0.670730;-0.120150;0.174650
3.118500;0.636980;-0.104170;0.284060
3.119000;0.593980;-0.106560;0.410610
3.119500;0.534700;-0.113370;0.500630
3.120000;0.459560;-0.111750;0.574230
3.120500;0.370870;-0.109720;0.652150
3.121000;0.270480;-0.115730;0.708430
3.121500;0.171500;-0.113280;0.748870
3.122000;0.088309;-0.120360;0.771440
3.122500;0.025223;-0.123670;0.774670
3.123000;-0.020949;-0.125460;0.752780
3.123500;-0.031398;-0.141910;0.737560
3.124000;-0.025551;-0.138550;0.715300
3.124500;0.007234;-0.141480;0.684790
3.125000;0.079159;-0.151230;0.647310
3.125500;0.157700;-0.143410;0.583880
3.126000;0.245390;-0.138590;0.519390
3.126500;0.332680;-0.145110;0.473340
3.127000;0.411560;-0.141810;0.435410
3.127500;0.454730;-0.132990;0.389870
3.128000;0.485500;-0.133530;0.346780
3.128500;0.485920;-0.132630;0.286510
3.129000;0.447580;-0.129450;0.220120
3.129500;0.389940;-0.132180;0.172900
3.130000;0.295730;-0.126680;0.142330
3.130500;0.188870;-0.129140;0.144410
3.131000;0.095446;-0.139850;0.166680
3.131500;-0.024910;-0.141020;0.174930
3.132000;-0.136080;-0.150180;0.194760
3.132500;-0.225980;-0.170460;0.231780
3.133000;-0.311050;-0.187320;0.272410
3.133500;-0.378820;-0.196220;0.310010
3.134000;-0.424110;-0.204890;0.329550
3.134500;-0.466630;-0.208650;0.337900
3.135000;-0.481070;-0.225600;0.333110
3.135500;-0.485930;-0.245500;0.322950
3.136000;-0.475630;-0.263220;0.310900
3.136500;-0.442480;-0.275130;0.289640
3.137000;-0.413910;-0.302640;0.282010
3.137500;-0.384670;-0.327120;0.273690
3.138000;-0.347000;-0.347410;0.267710
3.138500;-0.323750;-0.370920;0.286920
3.139000;-0.318740;-0.387230;0.333240
3.139500;-0.286440;-0.412690;0.366710
3.140000;-0.246370;-0.434100;0.416710
3.140500;-0.228380;-0.442020;0.465390
3.141000;-0.193840;-0.448620;0.487210
3.141500;-0.166370;-0.458910;0.521370
3.142000;-0.157120;-0.453500;0.535910
3.142500;-0.166180;-0.427910;0.543650
3.143000;-0.178650;-0.410090;0.543600
3.143500;-0.184500;-0.397960;0.535080
3.144000;-0.193240;-0.368270;0.524090
3.144500;-0.203070;-0.336270;0.523290
3.145000;-0.182890;-0.307870;0.517710
3.145500;-0.131640;-0.287180;0.489330
3.146000;-0.093743;-0.266340;0.460140
3.146500;-0.045180;-0.233870;0.405860
3.147000;0.008918;-0.186700;0.336570
3.147500;0.062033;-0.173280;0.270830
3.148000;0.121720;-0.155390;0.223420
3.148500;0.170760;-0.131630;0.155780
3.149000;0.226930;-0.118070;0.100460
3.149500;0.303110;-0.120570;0.052662
3.150000;0.376610;-0.123530;0.021862
3.150500;0.424980;-0.103010;-0.002710
3.151000;0.491290;-0.102830;-0.023234
3.151500;0.570750;-0.110440;-0.018781
3.152000;0.609270;-0.091068;-0.008521
3.152500;0.655770;-0.070591;0.002700
3.153000;0.696950;-0.064234;0.024124
3.153500;0.740260;-0.054106;0.041372
3.154000;0.758720;-0.019975;0.031053
3.154500;0.775730;-0.019893;0.008600
3.155000;0.771040;-0.017704;-0.032405
3.155500;0.719090;0.023835;-0.086816
3.156000;0.674370;0.013046;-0.131290
3.156500;0.594170;-0.031097;-0.187010
3.157000;0.488910;0.005091;-0.186870
3.157500;0.356500;-0.001694;-0.229660
3.158000;0.252230;-0.033807;-0.230540
3.158500;0.161990;-0.049379;-0.237590
3.159000;0.068822;-0.045488;-0.276470
3.159500;0.025458;-0.094699;-0.269630
3.160000;-0.004604;-0.134200;-0.297050
3.160500;-0.031060;-0.114400;-0.334030
3.161000;-0.027460;-0.154740;-0.364250
3.161500;-0.012310;-0.189010;-0.407600
3.162000;-0.045913;-0.182580;-0.445890
3.162500;-0.049098;-0.200150;-0.470410
3.163000;-0.047051;-0.195370;-0.495890
3.163500;-0.020394;-0.219720;-0.516330
3.164000;0.011058;-0.237780;-0.534300
3.164500;0.031029;-0.202910;-0.560140
3.165000;0.084351;-0.247830;-0.575090
3.165500;0.073760;-0.214930;-0.549880
3.166000;0.073976;-0.226160;-0.507210
3.166500;0.072049;-0.233950;-0.441170
3.167000;0.021495;-0.194300;-0.413490
3.167500;-0.015287;-0.193370;-0.357570
3.168000;-0.036665;-0.220130;-0.296740
3.168500;-0.095985;-0.215890;-0.219240
3.169000;-0.149120;-0.225150;-0.115300
3.169500;-0.195770;-0.228300;-0.039429
3.170000;-0.246100;-0.236600;0.038083
3.170500;-0.276700;-0.263820;0.119050
3.171000;-0.320690;-0.276460;0.222800
3.171500;-0.334920;-0.311650;0.344000
3.172000;-0.344360;-0.310780;0.451740
3.172500;-0.328690;-0.335160;0.554740
3.173000;-0.306040;-0.344070;0.640470
3.173500;-0.298810;-0.338490;0.696770
3.174000;-0.246330;-0.367150;0.781360
3.174500;-0.220600;-0.348900;0.853990
3.175000;-0.213720;-0.320280;0.897590
3.175500;-0.159930;-0.329010;0.951220
3.176000;-0.122590;-0.301350;0.972030
3.176500;-0.090364;-0.271470;0.967800
3.177000;-0.018184;-0.254130;0.966120
3.177500;0.042183;-0.221620;0.930850
3.178000;0.105600;-0.198810;0.884360
3.178500;0.184090;-0.187110;0.816670
3.179000;0.242870;-0.154850;0.721580
3.179500;0.291760;-0.131390;0.629280
3.180000;0.314100;-0.120580;0.560030
3.180500;0.298860;-0.085386;0.502870
3.181000;0.273160;-0.053981;0.456740
3.181500;0.234790;-0.038995;0.433430
3.182000;0.186570;-0.042592;0.417380
3.182500;0.116770;-0.020555;0.403400
3.183000;0.022361;-0.014276;0.393860
3.183500;-0.059639;-0.023436;0.394680
3.184000;-0.144810;-0.023157;0.402940
3.184500;-0.230720;-0.031989;0.402970
3.185000;-0.292470;-0.052284;0.399150
3.185500;-0.326200;-0.074738;0.381130
3.186000;-0.326210;-0.095408;0.364920
3.186500;-0.290080;-0.114250;0.337900
3.187000;-0.232330;-0.139900;0.293910
3.187500;-0.159940;-0.159810;0.256800
3.188000;-0.068863;-0.164890;0.199870
3.188500;0.018926;-0.164710;0.167220
3.189000;0.113100;-0.181390;0.147580
3.189500;0.184580;-0.179860;0.121510
3.190000;0.245540;-0.193140;0.095441
3.190500;0.292460;-0.193460;0.068280
3.191000;0.322160;-0.209120;0.030130
3.191500;0.330440;-0.223520;-0.011732
3.192000;0.319590;-0.233080;-0.056705
3.192500;0.305340;-0.252550;-0.110720
3.193000;0.272540;-0.261230;-0.143920
3.193500;0.236210;-0.284370;-0.167300
3.194000;0.206570;-0.273620;-0.168590
3.194500;0.177950;-0.256230;-0.185330
3.195000;0.182650;-0.255090;-0.209380
3.195500;0.201540;-0.235590;-0.230230
3.196000;0.219010;-0.203080;-0.261340
3.196500;0.251880;-0.178760;-0.283310
3.197000;0.295290;-0.171320;-0.308620
3.197500;0.321020;-0.149960;-0.334050
3.198000;0.326210;-0.138480;-0.350850
3.198500;0.308830;-0.137820;-0.342370
3.199000;0.259630;-0.134460;-0.307550
3.199500;0.206910;-0.149400;-0.255230
3.200000;0.131390;-0.151820;-0.205430
3.200500;0.045414;-0.172160;-0.148050
3.201000;-0.033762;-0.200360;-0.088207
3.201500;-0.130340;-0.215760;-0.042949
3.202000;-0.206320;-0.244120;0.009820
3.202500;-0.285780;-0.257650;0.059305
3.203000;-0.348890;-0.266350;0.111180
3.203500;-0.381860;-0.273480;0.154970
3.204000;-0.392320;-0.266480;0.183430
3.204500;-0.398250;-0.259510;0.219020
3.205000;-0.386190;-0.250410;0.245640
3.205500;-0.367230;-0.252380;0.273410
3.206000;-0.372230;-0.250280;0.288830
3.206500;-0.372750;-0.238990;0.309060
3.207000;-0.364290;-0.240430;0.333140
3.207500;-0.373030;-0.237010;0.368300
3.208000;-0.409060;-0.234520;0.421060
3.208500;-0.441790;-0.236710;0.468700
3.209000;-0.469110;-0.241170;0.511780
3.209500;-0.499050;-0.239180;0.549980
3.210000;-0.536250;-0.239220;0.598290
3.210500;-0.582560;-0.232070;0.629280
3.211000;-0.620090;-0.227120;0.648000
3.211500;-0.642630;-0.223120;0.660300
3.212000;-0.671350;-0.200100;0.654850
3.212500;-0.634430;-0.193640;0.631680
3.213000;-0.551720;-0.195180;0.608500
3.213500;-0.467150;-0.180420;0.579300
3.214000;-0.352220;-0.170740;0.551500
3.214500;-0.224340;-0.170850;0.521030
3.215000;-0.103570;-0.170080;0.486360
3.215500;-0.002874;-0.157610;0.470270
3.216000;0.068900;-0.142980;0.449750
3.216500;0.102560;-0.125890;0.441010
3.217000;0.125110;-0.122910;0.427590
3.217500;0.111900;-0.107750;0.418980
3.218000;0.084786;-0.073642;0.401440
3.218500;0.075705;-0.065003;0.378110
3.219000;0.066082;-0.064142;0.362590
3.219500;0.051134;-0.056641;0.334750
3.220000;0.049071;-0.053305;0.300920
3.220500;0.065211;-0.043645;0.275760
3.221000;0.079634;-0.029394;0.245370
3.221500;0.086612;-0.009920;0.228830
3.222000;0.120020;-0.010204;0.216490
3.222500;0.161650;0.002830;0.197070
3.223000;0.201630;0.017758;0.149460
3.223500;0.255470;0.020095;0.102910
3.224000;0.307590;0.025673;0.051269
3.224500;0.335230;0.034472;0.001481
3.225000;0.338270;0.045157;-0.037292
3.225500;0.330640;0.047544;-0.081092
3.226000;0.311080;0.060466;-0.133800
3.226500;0.289630;0.064387;-0.182210
3.227000;0.276650;0.063640;-0.246340
3.227500;0.281740;0.050614;-0.322500
3.228000;0.288360;0.038749;-0.381230
3.228500;0.278810;0.034578;-0.432520
3.229000;0.286550;0.036074;-0.477890
3.229500;0.279040;0.041243;-0.519820
3.230000;0.271880;0.045660;-0.566740
3.230500;0.259150;0.044591;-0.612070
3.231000;0.241150;0.029430;-0.644890
3.231500;0.196800;0.060930;-0.670630
3.232000;0.148370;0.080312;-0.720280
3.232500;0.106610;0.024401;-0.741400
3.233000;-0.005026;0.075126;-0.779850
3.233500;-0.076360;0.111300;-0.817560
3.234000;-0.148470;-0.077422;-0.873350
3.234500;-0.267060;-0.026730;-0.802620
3.235000;-0.378110;-0.064511;-0.817840
3.235500;-0.405950;-0.146100;-0.747760
3.236000;-0.479490;-0.124540;-0.713620
3.236500;-0.527970;-0.139890;-0.695490
3.237000;-0.488780;-0.206280;-0.628440
3.237500;-0.485150;-0.221720;-0.600290
3.238000;-0.484870;-0.198540;-0.503800
3.238500;-0.434160;-0.234760;-0.456750
3.239000;-0.375840;-0.250660;-0.384310
3.239500;-0.370980;-0.228950;-0.335730
3.240000;-0.332150;-0.242950;-0.252330
3.240500;-0.281650;-0.262590;-0.162670
3.241000;-0.247410;-0.223790;-0.086025
3.241500;-0.227560;-0.230260;-0.002384
3.242000;-0.183280;-0.243630;0.085738
3.242500;-0.181450;-0.192370;0.133920
3.243000;-0.161070;-0.208230;0.235360
3.243500;-0.154900;-0.198620;0.371100
3.244000;-0.198500;-0.154900;0.428610
3.244500;-0.190860;-0.175390;0.532680
3.245000;-0.204090;-0.149910;0.606900
3.245500;-0.241560;-0.099322;0.633340
3.246000;-0.246040;-0.112340;0.682840
3.246500;-0.237950;-0.114120;0.727010
3.247000;-0.280700;-0.064712;0.743290
3.247500;-0.296820;-0.068010;0.765760
3.248000;-0.305880;-0.064378;0.800610
3.248500;-0.325920;-0.045474;0.837270
3.249000;-0.335030;-0.022982;0.891770
3.249500;-0.336070;-0.008452;0.919640
3.250000;-0.330770;0.007478;0.946900
3.250500;-0.308300;0.044840;0.941310
3.251000;-0.261600;0.053234;0.917310
3.251500;-0.214260;0.070313;0.855570
3.252000;-0.143160;0.082571;0.777030
3.252500;-0.093520;0.093531;0.685290
3.253000;-0.039068;0.106350;0.574800
3.253500;0.030663;0.096669;0.472590
3.254000;0.072295;0.107120;0.362450
3.254500;0.084538;0.126590;0.264090
3.255000;0.091753;0.117790;0.198210
3.255500;0.087147;0.119010;0.147870
3.256000;0.051230;0.105630;0.121500
3.256500;0.006737;0.086908;0.115010
3.257000;-0.075648;0.079641;0.103400
3.257500;-0.180090;0.068742;0.106080
3.258000;-0.291660;0.058147;0.103560
3.258500;-0.399250;0.049381;0.073723
3.259000;-0.484040;0.037238;0.033218
3.259500;-0.534260;0.010549;-0.028415
3.260000;-0.534760;-0.014573;-0.087059
3.260500;-0.484810;-0.047503;-0.145500
3.261000;-0.376600;-0.077379;-0.208180
3.261500;-0.238280;-0.098478;-0.283700
3.262000;-0.075559;-0.142780;-0.349410
3.262500;0.070333;-0.156840;-0.402700
3.263000;0.200050;-0.160750;-0.434400
3.263500;0.317310;-0.165960;-0.449940
3.264000;0.419130;-0.185060;-0.477070
3.264500;0.481630;-0.175090;-0.497710
3.265000;0.526590;-0.192300;-0.519050
3.265500;0.533620;-0.184320;-0.503080
3.266000;0.529880;-0.197510;-0.485510
3.266500;0.495680;-0.183140;-0.465350
3.267000;0.450240;-0.183640;-0.471190
3.267500;0.376710;-0.168820;-0.475910
3.268000;0.307160;-0.181510;-0.480360
3.268500;0.229160;-0.183450;-0.450540
3.269000;0.152080;-0.187730;-0.423370
3.269500;0.092545;-0.180640;-0.415310
3.270000;0.054017;-0.183120;-0.420760
3.270500;0.034247;-0.187660;-0.429690
3.271000;0.020422;-0.168840;-0.450740
3.271500;0.019949;-0.171430;-0.447860
3.272000;0.048241;-0.177990;-0.427340
3.272500;0.061498;-0.157480;-0.426920
3.273000;0.075941;-0.154690;-0.416740
3.273500;0.093605;-0.137610;-0.404570
3.274000;0.096889;-0.114170;-0.362970
3.274500;0.100120;-0.105190;-0.328260
3.275000;0.096733;-0.080006;-0.314670
3.275500;0.097708;-0.060916;-0.323140
3.276000;0.127360;-0.056309;-0.323520
3.276500;0.145710;-0.039557;-0.359230
3.277000;0.148770;-0.048213;-0.382340
3.277500;0.157870;-0.054122;-0.360480
3.278000;0.123380;-0.031160;-0.343760
3.278500;0.072073;-0.007734;-0.309240
3.279000;0.037851;-0.001160;-0.267000
3.279500;-0.023170;0.019884;-0.216930
3.280000;-0.097749;0.045092;-0.169000
3.280500;-0.185810;0.059041;-0.110160
3.281000;-0.265280;0.062441;-0.065185
3.281500;-0.335340;0.056189;-0.011640
3.282000;-0.406910;0.043443;0.033259
3.282500;-0.494840;0.029686;0.069283
3.283000;-0.571880;0.009478;0.088438
3.283500;-0.646790;-0.024488;0.104310
3.284000;-0.719500;-0.043846;0.122080
3.284500;-0.761990;-0.066461;0.127210
3.285000;-0.761290;-0.098640;0.145190
3.285500;-0.716650;-0.125880;0.142420
3.286000;-0.665820;-0.140730;0.131300
3.286500;-0.596120;-0.155810;0.135410
3.287000;-0.506520;-0.158100;0.138780
3.287500;-0.408880;-0.146870;0.144540
3.288000;-0.326040;-0.145770;0.151500
3.288500;-0.264640;-0.125240;0.132170
3.289000;-0.222420;-0.100920;0.092110
3.289500;-0.193470;-0.096232;0.060893
3.290000;-0.182090;-0.087162;0.047499
3.290500;-0.206800;-0.068831;0.024755
3.291000;-0.241040;-0.056452;-0.006611
3.291500;-0.309470;-0.041530;-0.053861
3.292000;-0.365110;-0.032050;-0.116230
3.292500;-0.423060;-0.006850;-0.178760
3.293000;-0.455550;0.003119;-0.232130
3.293500;-0.481750;0.013301;-0.268480
3.294000;-0.483650;0.024482;-0.311790
3.294500;-0.462190;0.021903;-0.366990
3.295000;-0.419310;0.023417;-0.423830
3.295500;-0.355200;0.003629;-0.462220
3.296000;-0.269950;0.001315;-0.473370
3.296500;-0.170860;-0.007180;-0.488980
3.297000;-0.098400;0.004610;-0.489860
3.297500;-0.020138;0.006016;-0.499820
3.298000;0.046112;-0.002715;-0.503970
3.298500;0.073636;0.008485;-0.493220
3.299000;0.092818;0.004386;-0.463140
3.299500;0.078442;0.005189;-0.436150
3.300000;0.038018;0.017387;-0.429580
3.300500;-0.001714;0.014090;-0.441380
3.301000;-0.036069;0.018037;-0.452720
3.301500;-0.065214;0.029237;-0.468380
3.302000;-0.075614;0.033248;-0.486640
3.302500;-0.049059;0.033152;-0.492860
3.303000;-0.009486;0.033816;-0.512050
3.303500;0.031217;0.040773;-0.542220
3.304000;0.087530;0.048793;-0.579350
3.304500;0.133810;0.061295;-0.615990
3.305000;0.170560;0.079569;-0.627390
3.305500;0.190420;0.096630;-0.656260
3.306000;0.200440;0.109820;-0.671610
3.306500;0.192320;0.110880;-0.708710
3.307000;0.170560;0.117360;-0.722150
3.307500;0.136050;0.126380;-0.747250
3.308000;0.084348;0.123830;-0.748800
3.308500;0.018898;0.119140;-0.742370
3.309000;-0.061988;0.125810;-0.743990
3.309500;-0.148640;0.132070;-0.738330
3.310000;-0.218450;0.127000;-0.717260
3.310500;-0.269710;0.130860;-0.689490
3.311000;-0.291290;0.129580;-0.660610
3.311500;-0.300520;0.132000;-0.620290
3.312000;-0.287550;0.144860;-0.586130
3.312500;-0.254340;0.161830;-0.555900
3.313000;-0.213830;0.167880;-0.523790
3.313500;-0.174740;0.176470;-0.488520
3.314000;-0.121240;0.187490;-0.460170
3.314500;-0.068461;0.192400;-0.442750
3.315000;-0.029063;0.201640;-0.432300
3.315500;0.003136;0.208320;-0.428680
3.316000;0.020594;0.205920;-0.425160
3.316500;0.015151;0.210230;-0.418250
3.317000;0.005347;0.213420;-0.419680
3.317500;-0.006583;0.218100;-0.395850
3.318000;-0.020632;0.219630;-0.369200
3.318500;-0.033542;0.213510;-0.324800
3.319000;-0.045794;0.208880;-0.279460
3.319500;-0.055335;0.219570;-0.221060
3.320000;-0.051194;0.225250;-0.162110
3.320500;-0.056512;0.234340;-0.113310
3.321000;-0.053574;0.242770;-0.079882
3.321500;-0.029140;0.242410;-0.047870
3.322000;-0.027094;0.279430;-0.041897
3.322500;-0.035605;0.280240;-0.045407
3.323000;-0.046355;0.287110;-0.050153
3.323500;-0.061414;0.364860;-0.092649
3.324000;-0.036700;0.332800;-0.146780
3.324500;-0.074805;0.367000;-0.184270
3.325000;-0.062718;0.406760;-0.233380
3.325500;-0.091341;0.432780;-0.316690
3.326000;-0.085464;0.412810;-0.334590
3.326500;-0.058080;0.400090;-0.349850
3.327000;-0.082878;0.455920;-0.415680
3.327500;-0.064787;0.404110;-0.445950
3.328000;-0.043026;0.378450;-0.455130
3.328500;-0.050226;0.408680;-0.493190
3.329000;-0.056112;0.418150;-0.519960
3.329500;-0.052944;0.401310;-0.541700
3.330000;-0.078448;0.415220;-0.561330
3.330500;-0.116040;0.412230;-0.585050
3.331000;-0.181220;0.396410;-0.573390
3.331500;-0.237470;0.373280;-0.569630
3.332000;-0.313940;0.353190;-0.545600
3.332500;-0.400110;0.324870;-0.497580
3.333000;-0.466490;0.296610;-0.440080
3.333500;-0.514420;0.259560;-0.375540
3.334000;-0.533690;0.232140;-0.295800
3.334500;-0.551640;0.230240;-0.243800
3.335000;-0.510820;0.175320;-0.184770
3.335500;-0.455590;0.149320;-0.113350
3.336000;-0.387500;0.161350;-0.060679
3.336500;-0.289700;0.111530;-0.014475
3.337000;-0.199330;0.120390;0.040063
3.337500;-0.140430;0.137660;0.045168
3.338000;-0.052409;0.102950;0.077760
3.338500;0.021402;0.123130;0.097223
3.339000;0.065812;0.147670;0.089759
3.339500;0.141890;0.118870;0.110020
3.340000;0.197520;0.120690;0.130130
3.340500;0.195060;0.146550;0.132650
3.341000;0.187630;0.143980;0.140690
3.341500;0.147130;0.153760;0.146090
3.342000;0.048522;0.196550;0.152650
3.342500;-0.047036;0.221890;0.185070
3.343000;-0.145910;0.237250;0.202110
3.343500;-0.240680;0.268190;0.204200
3.344000;-0.311070;0.280660;0.190170
3.344500;-0.349590;0.275000;0.190720
3.345000;-0.369920;0.292490;0.170770
3.345500;-0.353620;0.282220;0.161050
3.346000;-0.330030;0.289610;0.171570
3.346500;-0.316580;0.315550;0.145160
3.347000;-0.274920;0.320930;0.150350
3.347500;-0.242700;0.325930;0.154230
3.348000;-0.219230;0.349120;0.147110
3.348500;-0.204800;0.376310;0.143180
3.349000;-0.192280;0.391360;0.129980
3.349500;-0.202780;0.424420;0.113710
3.350000;-0.183350;0.421030;0.076293
3.350500;-0.173890;0.434530;0.032806
3.351000;-0.179600;0.452480;-0.038523
3.351500;-0.163660;0.440180;-0.088513
3.352000;-0.167670;0.440760;-0.131270
3.352500;-0.177970;0.443060;-0.177290
3.353000;-0.206010;0.450280;-0.221120
3.353500;-0.238950;0.449390;-0.269730
3.354000;-0.266770;0.468560;-0.297670
3.354500;-0.288640;0.481240;-0.321590
3.355000;-0.302810;0.490350;-0.332050
3.355500;-0.306680;0.487170;-0.356080
3.356000;-0.294770;0.500680;-0.387840
3.356500;-0.292050;0.512000;-0.421800
3.357000;-0.269520;0.506720;-0.435190
3.357500;-0.242460;0.499660;-0.435410
3.358000;-0.228050;0.478180;-0.431640
3.358500;-0.193620;0.447770;-0.423410
3.359000;-0.178640;0.422550;-0.443790
3.359500;-0.163850;0.408370;-0.457100
3.360000;-0.155430;0.388230;-0.457010
3.360500;-0.152020;0.384050;-0.429640
3.361000;-0.146290;0.302210;-0.401810
3.361500;-0.155460;0.279590;-0.367670
3.362000;-0.192740;0.366860;-0.359960
3.362500;-0.116030;0.233780;-0.328360
3.363000;-0.162010;0.230310;-0.288550
3.363500;-0.128430;0.277660;-0.246660
3.364000;-0.194480;0.321850;-0.293830
3.364500;-0.160870;0.269530;-0.290240
3.365000;-0.098980;0.254090;-0.237160
3.365500;-0.122240;0.391630;-0.335510
3.366000;-0.033437;0.331690;-0.365090
3.366500;0.024650;0.304430;-0.387500
3.367000;0.057758;0.354740;-0.439620
3.367500;0.107350;0.361720;-0.466030
3.368000;0.203770;0.335330;-0.461420
3.368500;0.220800;0.406870;-0.455880
3.369000;0.229980;0.394860;-0.436480
3.369500;0.229040;0.398770;-0.368700
3.370000;0.170740;0.438740;-0.350000
3.370500;0.117150;0.426090;-0.304790
3.371000;0.068838;0.410480;-0.283820
3.371500;-0.005898;0.451640;-0.271230
3.372000;-0.043730;0.424430;-0.277470
3.372500;-0.060270;0.404200;-0.263890
3.373000;-0.098881;0.447760;-0.313820
3.373500;-0.107920;0.436010;-0.355940
3.374000;-0.066693;0.421030;-0.376350
3.374500;-0.032956;0.408160;-0.457320
3.375000;-0.025622;0.454490;-0.509090
3.375500;0.050465;0.433730;-0.569270
3.376000;0.041902;0.464940;-0.649310
3.376500;0.070742;0.441760;-0.668280
3.377000;0.123800;0.421550;-0.677640
3.377500;0.100610;0.464740;-0.742180
3.378000;0.131330;0.383700;-0.742050
3.378500;0.126690;0.337350;-0.709770
3.379000;0.025246;0.366750;-0.707760
3.379500;-0.058261;0.328360;-0.654970
3.380000;-0.178440;0.299010;-0.592800
3.380500;-0.338450;0.302650;-0.537170
3.381000;-0.500570;0.283700;-0.487270
3.381500;-0.656990;0.264370;-0.428690
3.382000;-0.769830;0.247110;-0.387850
3.382500;-0.858270;0.233300;-0.340490
3.383000;-0.901380;0.209660;-0.304320
3.383500;-0.938480;0.213540;-0.296400
3.384000;-0.932820;0.201620;-0.303730
3.384500;-0.886760;0.185040;-0.292020
3.385000;-0.828760;0.196410;-0.293590
3.385500;-0.750770;0.193440;-0.295350
3.386000;-0.647440;0.183460;-0.290180
3.386500;-0.566120;0.207040;-0.308110
3.387000;-0.475610;0.210650;-0.311800
3.387500;-0.394560;0.206390;-0.297080
3.388000;-0.327350;0.213390;-0.274290
3.388500;-0.269000;0.217750;-0.236140
3.389000;-0.241580;0.220660;-0.165870
3.389500;-0.239430;0.228290;-0.099795
3.390000;-0.260930;0.235340;-0.017780
3.390500;-0.291320;0.231690;0.083292
3.391000;-0.325730;0.233610;0.193420
3.391500;-0.373820;0.237790;0.282540
3.392000;-0.407070;0.235600;0.366130
3.392500;-0.410560;0.231100;0.423570
3.393000;-0.404770;0.249350;0.449370
3.393500;-0.371560;0.241500;0.459640
3.394000;-0.309120;0.235090;0.465850
3.394500;-0.235630;0.240990;0.464430
3.395000;-0.163540;0.245290;0.475060
3.395500;-0.082739;0.248560;0.480850
3.396000;-0.005694;0.261700;0.491110
3.396500;0.077060;0.269260;0.505750
3.397000;0.147910;0.278110;0.510530
3.397500;0.194980;0.297940;0.494400
3.398000;0.246640;0.306890;0.471430
3.398500;0.288570;0.316140;0.437040
3.399000;0.318840;0.336290;0.384040
3.399500;0.339150;0.344640;0.325820
3.400000;0.370610;0.343490;0.253490
3.400500;0.401100;0.342770;0.176540
3.401000;0.419670;0.344720;0.112780
3.401500;0.419210;0.357900;0.069068
3.402000;0.405450;0.357350;0.040479
3.402500;0.381710;0.357050;0.038865
3.403000;0.323140;0.380630;0.021908
3.403500;0.245320;0.409760;-0.005303
3.404000;0.169500;0.428690;-0.040418
3.404500;0.100860;0.432150;-0.082609
3.405000;0.034397;0.449390;-0.122610
3.405500;-0.013705;0.448000;-0.195250
3.406000;-0.028578;0.439030;-0.265440
3.406500;-0.035285;0.420110;-0.362840
3.407000;-0.021924;0.400090;-0.450730
3.407500;-0.000206;0.386300;-0.531420
3.408000;0.047301;0.329410;-0.603300
3.408500;0.079967;0.299190;-0.644470
3.409000;0.112090;0.259570;-0.683650
3.409500;0.141400;0.218670;-0.692870
3.410000;0.167940;0.198090;-0.670660
3.410500;0.168140;0.190920;-0.635100
3.411000;0.186130;0.189090;-0.589000
3.411500;0.212470;0.166960;-0.583170
3.412000;0.225420;0.182290;-0.562760
3.412500;0.241680;0.162970;-0.550650
3.413000;0.234160;0.180990;-0.527080
3.413500;0.227850;0.190570;-0.523920
3.414000;0.208930;0.197170;-0.541430
3.414500;0.168890;0.212960;-0.574730
3.415000;0.151930;0.204970;-0.625670
3.415500;0.126360;0.213110;-0.688570
3.416000;0.123820;0.207290;-0.757360
3.416500;0.118520;0.208120;-0.832620
3.417000;0.127990;0.204550;-0.915070
3.417500;0.149300;0.196660;-0.980920
3.418000;0.154380;0.196890;-1.028000
3.418500;0.161950;0.186670;-1.053400
3.419000;0.139540;0.192190;-1.068800
3.419500;0.130380;0.184310;-1.058600
3.420000;0.116050;0.186740;-1.043100
3.420500;0.093318;0.199420;-1.047800
3.421000;0.082402;0.196430;-1.042000
3.421500;0.081452;0.173790;-1.028300
3.422000;0.069596;0.170030;-1.011900
3.422500;0.068886;0.156020;-1.006800
3.423000;0.074418;0.129340;-0.990380
3.423500;0.058140;0.113830;-0.978310
3.424000;0.053035;0.077800;-0.949790
3.424500;0.035707;0.052116;-0.888570
3.425000;-0.002602;0.037207;-0.806620
3.425500;-0.040642;0.020834;-0.727130
3.426000;-0.083532;0.013660;-0.675650
3.426500;-0.132110;-0.001005;-0.610460
3.427000;-0.160650;-0.013455;-0.547180
3.427500;-0.208590;-0.015826;-0.483580
3.428000;-0.265880;-0.023555;-0.422730
3.428500;-0.300710;-0.034357;-0.373490
3.429000;-0.341380;-0.039439;-0.320130
3.429500;-0.379590;-0.045886;-0.280280
3.430000;-0.404980;-0.066385;-0.240710
3.430500;-0.441140;-0.096495;-0.198320
3.431000;-0.470430;-0.120890;-0.149060
3.431500;-0.485910;-0.138020;-0.089044
3.432000;-0.505450;-0.171430;-0.018117
3.432500;-0.510930;-0.191520;0.057603
3.433000;-0.502900;-0.233520;0.123830
3.433500;-0.524340;-0.228380;0.198980
3.434000;-0.538590;-0.221750;0.274070
3.434500;-0.519510;-0.232260;0.360340
3.435000;-0.509980;-0.201720;0.418190
3.435500;-0.470480;-0.193290;0.435480
3.436000;-0.418450;-0.159590;0.419780
3.436500;-0.376340;-0.129480;0.392150
3.437000;-0.319940;-0.108890;0.351860
3.437500;-0.253920;-0.081147;0.301580
3.438000;-0.198720;-0.056386;0.265230
3.438500;-0.120830;-0.048528;0.214930
3.439000;-0.046165;-0.025604;0.181220
3.439500;0.017015;-0.024283;0.175520
3.440000;0.060515;-0.011233;0.206950
3.440500;0.093513;0.003140;0.254290
3.441000;0.101890;-0.003140;0.313570
3.441500;0.084784;-0.004082;0.363940
3.442000;0.047410;-0.005865;0.422680
3.442500;-0.018613;-0.000925;0.484590
3.443000;-0.085721;-0.007167;0.560120
3.443500;-0.161550;-0.013874;0.642380
3.444000;-0.259060;-0.006389;0.700220
3.444500;-0.331360;-0.007356;0.743940
3.445000;-0.368720;-0.004746;0.759790
3.445500;-0.386570;0.011692;0.758780
3.446000;-0.359590;0.008401;0.743440
3.446500;-0.318780;0.034786;0.716410
3.447000;-0.245970;0.063668;0.662360
3.447500;-0.129490;0.075455;0.588710
3.448000;-0.008872;0.095058;0.477860
3.448500;0.091291;0.132600;0.364550
3.449000;0.211560;0.134360;0.269040
3.449500;0.319870;0.150620;0.170200
3.450000;0.391710;0.167660;0.064474
3.450500;0.453310;0.174730;-0.038091
3.451000;0.474920;0.177670;-0.154610
3.451500;0.464060;0.164800;-0.250200
3.452000;0.418310;0.149400;-0.336680
3.452500;0.342580;0.144390;-0.394860
3.453000;0.255410;0.116160;-0.436320
3.453500;0.158160;0.101560;-0.472970
3.454000;0.046815;0.099304;-0.488190
3.454500;-0.050615;0.097884;-0.500430
3.455000;-0.126540;0.095828;-0.490970
3.455500;-0.183010;0.076179;-0.457260
3.456000;-0.200120;0.074294;-0.429850
3.456500;-0.189460;0.056940;-0.421480
3.457000;-0.159650;0.036733;-0.391170
3.457500;-0.116010;0.021960;-0.358150
3.458000;-0.061828;0.010845;-0.336640
3.458500;-0.000023;-0.009503;-0.298220
3.459000;0.051934;-0.042475;-0.259750
3.459500;0.114050;-0.059397;-0.227000
3.460000;0.151430;-0.085303;-0.191800
3.460500;0.196150;-0.110500;-0.153340
3.461000;0.223350;-0.135190;-0.125720
3.461500;0.217800;-0.142010;-0.078726
3.462000;0.212440;-0.157490;-0.059415
3.462500;0.205850;-0.178850;-0.032926
3.463000;0.188140;-0.195730;0.020432
3.463500;0.142570;-0.167620;0.062132
3.464000;0.126580;-0.181600;0.122120
3.464500;0.118270;-0.186840;0.195580
3.465000;0.094773;-0.167620;0.241770
3.465500;0.080512;-0.132880;0.275020
3.466000;0.112340;-0.136390;0.333160
3.466500;0.144860;-0.109170;0.386340
3.467000;0.160220;-0.032132;0.436790
3.467500;0.202630;-0.032522;0.480440
3.468000;0.228510;0.011190;0.526680
3.468500;0.250320;0.063975;0.555000
3.469000;0.264820;0.086608;0.598740
3.469500;0.253490;0.129980;0.625850
3.470000;0.238800;0.165220;0.660680
3.470500;0.208720;0.176080;0.673990
3.471000;0.177700;0.200940;0.667000
3.471500;0.127750;0.246270;0.628880
3.472000;0.127830;0.226890;0.594430
3.472500;0.115630;0.232160;0.536160
3.473000;0.147770;0.246110;0.478050
3.473500;0.155990;0.276430;0.372930
3.474000;0.236570;0.258620;0.279780
3.474500;0.314300;0.264400;0.185180
3.475000;0.387050;0.281750;0.053649
3.475500;0.468830;0.283300;-0.029303
3.476000;0.514540;0.286740;-0.132120
3.476500;0.549980;0.303990;-0.211010
3.477000;0.561270;0.314480;-0.279310
3.477500;0.552740;0.329570;-0.339490
3.478000;0.525060;0.340770;-0.363320
3.478500;0.483980;0.327110;-0.370430
3.479000;0.414510;0.345070;-0.381190
3.479500;0.355930;0.316410;-0.386120
3.480000;0.271890;0.304310;-0.376000
3.480500;0.181420;0.286210;-0.359940
3.481000;0.108270;0.246760;-0.322620
3.481500;0.027438;0.197230;-0.265750
3.482000;-0.048305;0.167380;-0.202440
3.482500;-0.137620;0.150610;-0.142130
3.483000;-0.178020;0.086549;-0.070348
3.483500;-0.216970;0.066971;0.007014
3.484000;-0.223340;0.047037;0.052916
3.484500;-0.185460;0.009864;0.108260
3.485000;-0.143800;-0.008990;0.145690
3.485500;-0.089230;-0.009794;0.169840
3.486000;-0.025839;-0.052980;0.174590
3.486500;0.022472;-0.053641;0.208280
3.487000;0.045515;-0.062525;0.201920
3.487500;0.053737;-0.074716;0.236010
3.488000;0.054240;-0.099448;0.269780
3.488500;0.027378;-0.121110;0.312550
3.489000;0.002215;-0.154390;0.372330
3.489500;-0.046293;-0.178600;0.435520
3.490000;-0.102230;-0.199140;0.507940
3.490500;-0.154990;-0.237210;0.582270
3.491000;-0.231660;-0.245820;0.644490
3.491500;-0.318710;-0.243440;0.696730
3.492000;-0.408260;-0.246480;0.758910
3.492500;-0.494490;-0.253740;0.818290
3.493000;-0.556690;-0.235910;0.868670
3.493500;-0.605620;-0.237660;0.891230
3.494000;-0.605510;-0.241900;0.892720
3.494500;-0.591450;-0.231390;0.877610
3.495000;-0.556660;-0.238180;0.849450
3.495500;-0.486940;-0.251210;0.838090
3.496000;-0.420350;-0.238730;0.793290
3.496500;-0.361880;-0.240100;0.765910
3.497000;-0.311900;-0.245880;0.760190
3.497500;-0.267740;-0.230250;0.751130
3.498000;-0.227060;-0.235020;0.753020
3.498500;-0.169640;-0.247060;0.756220
3.499000;-0.137780;-0.245160;0.751000
3.499500;-0.098516;-0.252990;0.752660
3.500000;-0.065762;-0.260100;0.746880
3.500500;-0.065848;-0.268060;0.747010
3.501000;-0.067358;-0.274830;0.770790
3.501500;-0.077167;-0.282710;0.786600
3.502000;-0.095017;-0.296240;0.823820
3.502500;-0.113810;-0.300230;0.865090
3.503000;-0.146630;-0.299630;0.895340
3.503500;-0.167760;-0.305960;0.918570
3.504000;-0.182100;-0.312680;0.928120
3.504500;-0.200410;-0.305750;0.929820
3.505000;-0.200140;-0.306840;0.910790
3.505500;-0.195830;-0.296310;0.865530
3.506000;-0.186210;-0.305600;0.820410
3.506500;-0.172910;-0.303050;0.764370
3.507000;-0.172360;-0.295830;0.704570
3.507500;-0.180590;-0.281480;0.646920
3.508000;-0.170050;-0.257700;0.576960
3.508500;-0.144870;-0.232750;0.502710
3.509000;-0.091405;-0.235070;0.410590
3.509500;-0.014864;-0.208970;0.326710
3.510000;0.055687;-0.188490;0.203680
3.510500;0.159150;-0.188870;0.115130
3.511000;0.263040;-0.175320;0.017536
3.511500;0.350840;-0.136470;-0.093358
3.512000;0.444350;-0.129520;-0.199640
3.512500;0.546390;-0.122040;-0.311060
3.513000;0.632380;-0.091804;-0.404130
3.513500;0.709910;-0.073403;-0.495890
3.514000;0.787860;-0.060094;-0.586680
3.514500;0.843310;-0.044393;-0.683640
3.515000;0.889440;-0.038264;-0.754910
3.515500;0.889650;-0.019214;-0.803770
3.516000;0.857800;-0.003624;-0.852260
3.516500;0.810570;0.001137;-0.892320
3.517000;0.743040;-0.000953;-0.922740
3.517500;0.655970;0.012505;-0.941580
3.518000;0.578300;-0.004829;-0.952510
3.518500;0.530140;-0.028997;-0.942910
3.519000;0.472810;-0.041080;-0.947570
3.519500;0.426700;-0.075697;-0.954590
3.520000;0.400100;-0.099471;-0.957790
3.520500;0.373690;-0.132310;-0.968450
3.521000;0.354010;-0.162750;-0.950690
3.521500;0.324690;-0.184390;-0.956150
3.522000;0.299980;-0.193170;-0.972490
3.522500;0.291440;-0.216390;-1.007900
3.523000;0.306220;-0.246280;-1.039800
3.523500;0.301160;-0.255130;-1.077000
3.524000;0.329650;-0.275240;-1.112200
3.524500;0.380840;-0.297970;-1.139800
3.525000;0.427770;-0.308570;-1.173200
3.525500;0.480010;-0.329140;-1.198300
3.526000;0.519340;-0.342450;-1.198800
3.526500;0.550840;-0.352050;-1.185600
3.527000;0.542510;-0.359510;-1.141300
3.527500;0.496350;-0.371110;-1.067300
3.528000;0.423500;-0.356860;-0.986870
3.528500;0.336110;-0.373270;-0.893360
3.529000;0.211490;-0.375370;-0.778970
3.529500;0.083114;-0.381820;-0.659590
3.530000;-0.065294;-0.388970;-0.539690
3.530500;-0.216820;-0.398080;-0.421250
3.531000;-0.340460;-0.410660;-0.313430
3.531500;-0.451260;-0.408770;-0.237130
3.532000;-0.538470;-0.426710;-0.152450
3.532500;-0.582940;-0.463010;-0.044016
3.533000;-0.618010;-0.468380;0.047137
3.533500;-0.603970;-0.486200;0.149860
3.534000;-0.557210;-0.507960;0.216730
3.534500;-0.502040;-0.492780;0.300860
3.535000;-0.426990;-0.492410;0.352480
3.535500;-0.345830;-0.497760;0.429720
3.536000;-0.283440;-0.490880;0.501580
3.536500;-0.245690;-0.451910;0.573190
3.537000;-0.202230;-0.451460;0.622520
3.537500;-0.169630;-0.451520;0.653780
3.538000;-0.169560;-0.426310;0.667120
3.538500;-0.190300;-0.411790;0.692130
3.539000;-0.215160;-0.378930;0.716660
3.539500;-0.237230;-0.356090;0.730670
3.540000;-0.232770;-0.338290;0.743070
3.540500;-0.252110;-0.304410;0.712900
3.541000;-0.257190;-0.281800;0.683090
3.541500;-0.226660;-0.259890;0.672310
3.542000;-0.212080;-0.220020;0.673850
3.542500;-0.206160;-0.187040;0.689630
3.543000;-0.188610;-0.152010;0.671690
3.543500;-0.167120;-0.126150;0.623160
3.544000;-0.150730;-0.103610;0.562370
3.544500;-0.140370;-0.075807;0.528380
3.545000;-0.135490;-0.056997;0.493710
3.545500;-0.110330;-0.050860;0.447860
3.546000;-0.083461;-0.046740;0.377550
3.546500;-0.048578;-0.039307;0.279990
3.547000;0.033992;-0.055374;0.196990
3.547500;0.110440;-0.067211;0.117250
3.548000;0.163730;-0.070896;0.049135
3.548500;0.240920;-0.076905;-0.023785
3.549000;0.310770;-0.081058;-0.074122
3.549500;0.360330;-0.078672;-0.124650
3.550000;0.425930;-0.090093;-0.161620
3.550500;0.487150;-0.107460;-0.187640
3.551000;0.524290;-0.114020;-0.186370
3.551500;0.555240;-0.120040;-0.172830
3.552000;0.579070;-0.130730;-0.143730
3.552500;0.579020;-0.149570;-0.122200
3.553000;0.559430;-0.171160;-0.107480
3.553500;0.495460;-0.190390;-0.085113
3.554000;0.420390;-0.211740;-0.060459
3.554500;0.340740;-0.236210;-0.045701
3.555000;0.252870;-0.255780;-0.034089
3.555500;0.192100;-0.280110;-0.047516
3.556000;0.126000;-0.292660;-0.066568
3.556500;0.067129;-0.292890;-0.084165
3.557000;0.053312;-0.306120;-0.101320
3.557500;0.055356;-0.314900;-0.112800
3.558000;0.078825;-0.318870;-0.134020
3.558500;0.131900;-0.326520;-0.155120
3.559000;0.170740;-0.284280;-0.174500
3.559500;0.255620;-0.354440;-0.186150
3.560000;0.349230;-0.395290;-0.160600
3.560500;0.385750;-0.206580;-0.207780
3.561000;0.569520;-0.323310;-0.221540
3.561500;0.620220;-0.418120;-0.245970
3.562000;0.696430;-0.255100;-0.172040
3.562500;0.662010;-0.228970;-0.266890
3.563000;0.710600;-0.269930;-0.166410
3.563500;0.688280;-0.201600;-0.082956
3.564000;0.573020;-0.094276;-0.054916
3.564500;0.517270;-0.138420;0.050479
3.565000;0.375360;-0.134180;0.151200
3.565500;0.201800;-0.074370;0.251340
3.566000;0.082078;-0.083644;0.315540
3.566500;-0.025286;-0.075375;0.345470
3.567000;-0.123920;-0.058903;0.366860
3.567500;-0.162230;-0.070051;0.377940
3.568000;-0.212340;-0.040719;0.340780
3.568500;-0.176730;-0.039886;0.327950
3.569000;-0.132740;-0.030912;0.284690
3.569500;-0.081732;-0.010096;0.258560
3.570000;-0.054208;0.062275;0.215270
3.570500;0.004550;0.058545;0.185540
3.571000;0.033450;0.095612;0.192930
3.571500;0.014830;0.164930;0.139630
3.572000;0.010488;0.156530;0.113200
3.572500;-0.000676;0.158030;0.093077
3.573000;-0.046492;0.186490;0.012739
3.573500;-0.081739;0.176260;-0.052780
3.574000;-0.105720;0.143920;-0.102160
3.574500;-0.161690;0.149300;-0.186460
3.575000;-0.164860;0.127450;-0.247240
3.575500;-0.177050;0.127920;-0.303110
3.576000;-0.201700;0.144090;-0.376600
3.576500;-0.176820;0.131280;-0.393790
3.577000;-0.178130;0.162820;-0.407440
3.577500;-0.188480;0.202320;-0.439690
3.578000;-0.186910;0.210000;-0.449290
3.578500;-0.208660;0.232150;-0.463260
3.579000;-0.232650;0.235780;-0.474370
3.579500;-0.260720;0.215500;-0.446430
3.580000;-0.312460;0.200750;-0.412810
3.580500;-0.364790;0.178800;-0.377920
3.581000;-0.418480;0.148470;-0.344230
3.581500;-0.466400;0.103150;-0.314480
3.582000;-0.506130;0.075999;-0.284510
3.582500;-0.543910;0.057040;-0.240250
3.583000;-0.547680;0.035709;-0.194040
3.583500;-0.520390;0.019485;-0.159110
3.584000;-0.472420;0.001351;-0.124820
3.584500;-0.402290;0.005278;-0.102490
3.585000;-0.333700;0.014065;-0.098108
3.585500;-0.252530;-0.000249;-0.097202
3.586000;-0.178050;0.005039;-0.102410
3.586500;-0.095046;0.012072;-0.108780
3.587000;0.006470;-0.001386;-0.090056
3.587500;0.094972;-0.009797;-0.088852
3.588000;0.138320;-0.007387;-0.068375
3.588500;0.188350;-0.025046;-0.022996
3.589000;0.198130;-0.009461;0.038462
3.589500;0.178930;-0.007395;0.103030
3.590000;0.155290;0.002150;0.170740
3.590500;0.111640;0.020622;0.219060
3.591000;0.053740;0.032643;0.280310
3.591500;-0.002048;0.056951;0.319200
3.592000;-0.069869;0.063962;0.329870
3.592500;-0.134570;0.064752;0.344110
3.593000;-0.213370;0.066970;0.334000
3.593500;-0.268110;0.059327;0.325620
3.594000;-0.332150;0.072114;0.319420
3.594500;-0.359880;0.056747;0.312040
3.595000;-0.363950;0.058003;0.309170
3.595500;-0.341320;0.059958;0.291910
3.596000;-0.285890;0.071160;0.273240
3.596500;-0.199890;0.070841;0.245990
3.597000;-0.094826;0.084111;0.222130
3.597500;-0.009018;0.107860;0.180280
3.598000;0.101120;0.105790;0.143170
3.598500;0.179310;0.117330;0.128760
3.599000;0.214140;0.149120;0.098394
3.599500;0.217840;0.187260;0.093275
3.600000;0.208090;0.188640;0.114710
3.600500;0.156500;0.207780;0.171260
3.601000;0.046977;0.225430;0.220750
3.601500;-0.053940;0.225980;0.280510
3.602000;-0.172990;0.234350;0.347910
3.602500;-0.278240;0.211050;0.419880
3.603000;-0.412220;0.228760;0.490020
3.603500;-0.525640;0.212070;0.555050
3.604000;-0.620840;0.207330;0.629930
3.604500;-0.707190;0.211200;0.699900
3.605000;-0.750160;0.210110;0.779050
3.605500;-0.751720;0.231770;0.825920
3.606000;-0.716050;0.243100;0.839200
3.606500;-0.629020;0.248500;0.820480
3.607000;-0.528110;0.251910;0.783820
3.607500;-0.400400;0.262300;0.735180
3.608000;-0.254210;0.271340;0.676520
3.608500;-0.115820;0.279750;0.612240
3.609000;0.003910;0.286620;0.542520
3.609500;0.124870;0.274050;0.487580
3.610000;0.224120;0.277840;0.447410
3.610500;0.286030;0.278040;0.406570
3.611000;0.337760;0.274370;0.372060
3.611500;0.365590;0.282080;0.341070
3.612000;0.367500;0.284920;0.303130
3.612500;0.322970;0.302100;0.276430
3.613000;0.267170;0.314700;0.231330
3.613500;0.187660;0.335130;0.195990
3.614000;0.101780;0.345780;0.163810
3.614500;0.030628;0.360510;0.140900
3.615000;-0.020825;0.369260;0.101630
3.615500;-0.053399;0.363540;0.064228
3.616000;-0.062691;0.362270;0.026196
3.616500;-0.054165;0.363250;-0.013752
3.617000;-0.015854;0.342570;-0.024549
3.617500;0.049320;0.321980;-0.033558
3.618000;0.097517;0.314880;-0.047815
3.618500;0.165030;0.291370;-0.065304
3.619000;0.225120;0.275480;-0.090241
3.619500;0.256850;0.272200;-0.120950
3.620000;0.272530;0.259270;-0.138980
3.620500;0.297580;0.250250;-0.166760
3.621000;0.306270;0.244770;-0.184340
3.621500;0.317970;0.223080;-0.210760
3.622000;0.345120;0.191220;-0.222490
3.622500;0.377090;0.164410;-0.249880
3.623000;0.418090;0.129080;-0.259530
3.623500;0.435910;0.112670;-0.271250
3.624000;0.444480;0.107620;-0.292140
3.624500;0.448360;0.087597;-0.292480
3.625000;0.447430;0.085448;-0.280940
3.625500;0.440000;0.095122;-0.256670
3.626000;0.438230;0.069237;-0.239660
3.626500;0.390030;0.124060;-0.201850
3.627000;0.382340;0.091865;-0.166740
3.627500;0.294900;0.125820;-0.117790
3.628000;0.190880;0.145250;-0.065349
3.628500;0.095721;0.108120;0.015018
3.629000;-0.028210;0.146450;0.070954
3.629500;-0.147760;0.129340;0.144440
3.630000;-0.241300;0.101030;0.230550
3.630500;-0.326510;0.097702;0.264000
3.631000;-0.368380;0.084339;0.300910
3.631500;-0.364610;0.059031;0.303270
3.632000;-0.357680;0.057580;0.290040
3.632500;-0.327050;0.059506;0.278010
3.633000;-0.285610;0.076712;0.257050
3.633500;-0.226460;0.088878;0.227690
3.634000;-0.171140;0.102550;0.194630
3.634500;-0.116990;0.121190;0.155980
3.635000;-0.074084;0.142500;0.110270
3.635500;-0.036259;0.154420;0.049638
3.636000;0.000265;0.168120;-0.001497
3.636500;0.030616;0.176970;-0.057358
3.637000;0.051540;0.187630;-0.122900
3.637500;0.079740;0.171240;-0.175360
3.638000;0.084383;0.169240;-0.234280
3.638500;0.065390;0.164360;-0.262900
3.639000;0.039743;0.141720;-0.260070
3.639500;-0.025287;0.147920;-0.241150
3.640000;-0.109400;0.139100;-0.212620
3.640500;-0.195940;0.134660;-0.185840
3.641000;-0.311900;0.145150;-0.165330
3.641500;-0.402780;0.138600;-0.131070
3.642000;-0.470190;0.110180;-0.087083
3.642500;-0.552710;0.117090;-0.049043
3.643000;-0.601580;0.099423;-0.024877
3.643500;-0.628030;0.064579;0.008322
3.644000;-0.654680;0.057001;0.038211
3.644500;-0.650610;0.038505;0.052028
3.645000;-0.610040;-0.002731;0.041739
3.645500;-0.553380;-0.022618;0.012163
3.646000;-0.469360;-0.040558;-0.028959
3.646500;-0.354300;-0.071665;-0.064420
3.647000;-0.227340;-0.115530;-0.085475
3.647500;-0.103260;-0.124540;-0.102650
3.648000;0.004321;-0.126360;-0.132390
3.648500;0.110300;-0.149590;-0.123850
3.649000;0.173830;-0.139150;-0.092724
3.649500;0.201940;-0.166780;-0.043763
3.650000;0.181460;-0.177790;0.045053
3.650500;0.115990;-0.144900;0.124670
3.651000;0.055127;-0.202240;0.203850
3.651500;-0.098970;-0.222260;0.281400
3.652000;-0.217520;-0.216860;0.359630
3.652500;-0.397730;-0.199550;0.388610
3.653000;-0.533940;-0.234990;0.437550
3.653500;-0.616790;-0.257140;0.484160
3.654000;-0.715860;-0.188230;0.435420
3.654500;-0.724540;-0.227950;0.418680
3.655000;-0.686850;-0.252300;0.412120
3.655500;-0.636940;-0.211760;0.392030
3.656000;-0.532430;-0.189120;0.372080
3.656500;-0.374420;-0.199790;0.351690
3.657000;-0.231780;-0.164250;0.318740
3.657500;-0.082126;-0.153360;0.269810
3.658000;0.063649;-0.148060;0.223630
3.658500;0.186220;-0.143160;0.174750
3.659000;0.274620;-0.129670;0.146860
3.659500;0.364490;-0.141640;0.126060
3.660000;0.408010;-0.140530;0.130150
3.660500;0.430900;-0.165460;0.125530
3.661000;0.443570;-0.181090;0.134760
3.661500;0.404450;-0.167850;0.136910
3.662000;0.352730;-0.178330;0.172170
3.662500;0.316330;-0.194590;0.224730
3.663000;0.241620;-0.165450;0.249150
3.663500;0.201950;-0.165980;0.257410
3.664000;0.183430;-0.180320;0.285880
3.664500;0.152130;-0.149510;0.274410
3.665000;0.154310;-0.135940;0.273420
3.665500;0.185700;-0.133140;0.254260
3.666000;0.227920;-0.099215;0.183360
3.666500;0.271530;-0.096355;0.108280
3.667000;0.320000;-0.102140;0.044305
3.667500;0.345150;-0.079774;-0.010640
3.668000;0.353180;-0.055444;-0.062962
3.668500;0.355670;-0.047829;-0.121860
3.669000;0.364450;-0.034102;-0.198240
3.669500;0.375680;-0.022449;-0.283870
3.670000;0.391900;-0.028417;-0.382810
3.670500;0.417870;-0.032009;-0.476230
3.671000;0.463610;-0.031388;-0.576910
3.671500;0.503270;-0.018759;-0.646250
3.672000;0.532290;-0.008792;-0.743180
3.672500;0.557940;-0.003761;-0.812900
3.673000;0.569590;0.017201;-0.877100
3.673500;0.572450;0.035291;-0.916760
3.674000;0.570590;0.066464;-0.949940
3.674500;0.569260;0.091624;-0.982430
3.675000;0.560030;0.137630;-1.017500
3.675500;0.548970;0.154380;-1.059300
3.676000;0.524920;0.169000;-1.080800
3.676500;0.492160;0.167290;-1.093400
3.677000;0.446940;0.162460;-1.081200
3.677500;0.355450;0.162350;-1.059300
3.678000;0.240720;0.154480;-1.040900
3.678500;0.126870;0.127760;-0.982270
3.679000;0.025853;0.090918;-0.906140
3.679500;-0.085454;0.073436;-0.839720
3.680000;-0.176720;0.035138;-0.785310
3.680500;-0.239190;0.025049;-0.750920
3.681000;-0.248400;-0.034571;-0.719950
3.681500;-0.256540;-0.085762;-0.651460
3.682000;-0.280330;-0.005839;-0.602990
3.682500;-0.209410;-0.056246;-0.544550
3.683000;-0.160610;-0.160920;-0.488560
3.683500;-0.128020;-0.068123;-0.398330
3.684000;-0.112920;-0.067450;-0.421070
3.684500;-0.028864;-0.107540;-0.342340
3.685000;0.018113;-0.116330;-0.275590
3.685500;0.006728;-0.067716;-0.265900
3.686000;0.027527;-0.106940;-0.225680
3.686500;0.012284;-0.126200;-0.191220
3.687000;-0.055156;-0.103200;-0.152160
3.687500;-0.131870;-0.123510;-0.109370
3.688000;-0.212060;-0.120240;-0.067234
3.688500;-0.300880;-0.102760;-0.035003
3.689000;-0.356600;-0.112940;0.002217
3.689500;-0.413010;-0.119690;0.001155
3.690000;-0.427560;-0.106930;0.018706
3.690500;-0.437730;-0.116650;0.030507
3.691000;-0.418300;-0.134060;0.080448
3.691500;-0.407950;-0.117680;0.119500
3.692000;-0.356160;-0.140270;0.164910
3.692500;-0.311780;-0.156050;0.238740
3.693000;-0.315230;-0.137510;0.289680
3.693500;-0.296860;-0.150340;0.383650
3.694000;-0.288090;-0.143560;0.453360
3.694500;-0.310080;-0.122840;0.474050
3.695000;-0.325270;-0.130900;0.483250
3.695500;-0.322300;-0.135730;0.480780
3.696000;-0.341470;-0.127000;0.461640
3.696500;-0.345140;-0.128780;0.465270
3.697000;-0.326310;-0.126490;0.441620
3.697500;-0.306270;-0.124040;0.412900
3.698000;-0.279980;-0.123480;0.392740
3.698500;-0.242780;-0.104640;0.381740
3.699000;-0.194810;-0.096204;0.398520
3.699500;-0.159580;-0.100570;0.435980
3.700000;-0.123600;-0.088475;0.475750
3.700500;-0.118130;-0.073310;0.514970
3.701000;-0.103110;-0.078074;0.562290
3.701500;-0.102990;-0.079385;0.604960
3.702000;-0.132690;-0.065745;0.637380
3.702500;-0.169610;-0.059135;0.663620
3.703000;-0.193600;-0.052739;0.662040
3.703500;-0.216700;-0.044467;0.645820
3.704000;-0.223210;-0.060615;0.628220
3.704500;-0.213080;-0.064720;0.610840
3.705000;-0.214250;-0.056425;0.596200
3.705500;-0.190080;-0.059377;0.603370
3.706000;-0.169770;-0.045182;0.622790
3.706500;-0.159450;-0.021191;0.633160
3.707000;-0.129910;-0.014313;0.639470
3.707500;-0.093320;0.003960;0.613770
3.708000;-0.069381;0.021805;0.591290
3.708500;-0.030116;0.024629;0.568490
3.709000;0.012209;0.027478;0.534550
3.709500;0.046583;0.023765;0.492510
3.710000;0.065672;0.017528;0.438730
3.710500;0.051923;0.022049;0.371890
3.711000;0.010414;0.032635;0.314090
3.711500;-0.045023;0.024856;0.255380
3.712000;-0.107570;0.031663;0.198600
3.712500;-0.168760;0.022273;0.139780
3.713000;-0.213460;0.014035;0.109880
3.713500;-0.251680;0.003215;0.079267
3.714000;-0.279240;-0.019498;0.077411
3.714500;-0.290130;-0.044486;0.079026
3.715000;-0.311780;-0.039661;0.082628
3.715500;-0.334760;-0.045140;0.094011
3.716000;-0.327180;-0.070480;0.127490
3.716500;-0.341910;-0.071386;0.154490
3.717000;-0.345510;-0.072468;0.177250
3.717500;-0.325310;-0.083499;0.210740
3.718000;-0.317690;-0.087768;0.227630
3.718500;-0.313410;-0.077986;0.241970
3.719000;-0.279960;-0.079724;0.247670
3.719500;-0.258110;-0.072561;0.247550
3.720000;-0.242650;-0.059722;0.245260
3.720500;-0.191990;-0.060098;0.249250
3.721000;-0.151140;-0.055690;0.256570
3.721500;-0.112800;-0.042686;0.275450
3.722000;-0.064003;-0.032337;0.281920
3.722500;-0.004684;-0.029463;0.282070
3.723000;0.063685;-0.021261;0.282760
3.723500;0.132770;-0.007255;0.268870
3.724000;0.204670;-0.001297;0.252220
3.724500;0.264380;0.009213;0.227790
3.725000;0.299870;0.022470;0.187150
3.725500;0.289300;0.042752;0.156570
3.726000;0.249190;0.053957;0.133470
3.726500;0.201100;0.062490;0.130020
3.727000;0.126280;0.084915;0.143110
3.727500;0.040488;0.109920;0.159560
3.728000;-0.036880;0.126690;0.172470
3.728500;-0.105650;0.131960;0.215220
3.729000;-0.139550;0.135780;0.253510
3.729500;-0.170880;0.151950;0.280360
3.730000;-0.209510;0.169550;0.297280
3.730500;-0.221310;0.181930;0.288530
3.731000;-0.220700;0.192290;0.271430
3.731500;-0.209050;0.207350;0.243780
3.732000;-0.175940;0.211560;0.197470
3.732500;-0.130590;0.230490;0.150570
3.733000;-0.072312;0.237920;0.096448
3.733500;-0.014020;0.241650;0.041017
3.734000;0.048688;0.247070;-0.019734
3.734500;0.111790;0.250760;-0.072797
3.735000;0.155410;0.255480;-0.131020
3.735500;0.184120;0.256800;-0.185040
3.736000;0.190100;0.267160;-0.234830
3.736500;0.185400;0.276390;-0.289380
3.737000;0.175800;0.282010;-0.345910
3.737500;0.178720;0.280350;-0.403270
3.738000;0.198670;0.264600;-0.449080
3.738500;0.205920;0.263470;-0.486260
3.739000;0.220160;0.252860;-0.524370
3.739500;0.219240;0.245800;-0.557300
3.740000;0.228460;0.229190;-0.579690
3.740500;0.221140;0.223240;-0.580450
3.741000;0.212010;0.212480;-0.570920
3.741500;0.199380;0.196610;-0.549540
3.742000;0.182740;0.186940;-0.534440
3.742500;0.165590;0.169530;-0.514590
3.743000;0.149040;0.137510;-0.500580
3.743500;0.139690;0.111210;-0.492300
3.744000;0.122930;0.117320;-0.504330
3.744500;0.096468;0.070476;-0.538550
3.745000;0.060662;0.048346;-0.558620
3.745500;0.016572;0.076391;-0.589840
3.746000;0.016947;0.042025;-0.593350
3.746500;-0.003138;-0.010159;-0.594990
3.747000;0.013575;0.009397;-0.562650
3.747500;0.012009;0.005392;-0.561350
3.748000;0.066196;-0.060594;-0.520290
3.748500;0.120490;-0.062719;-0.449590
3.749000;0.132870;-0.041261;-0.436130
3.749500;0.180000;-0.075517;-0.365060
3.750000;0.171770;-0.103290;-0.295100
3.750500;0.100520;-0.068379;-0.253460
3.751000;0.037748;-0.075884;-0.193220
3.751500;-0.034665;-0.091827;-0.138090
3.752000;-0.152770;-0.080004;-0.043799
3.752500;-0.245080;-0.091466;0.043857
3.753000;-0.328000;-0.082081;0.122570
3.753500;-0.396360;-0.081712;0.198580
3.754000;-0.452990;-0.094137;0.255560
3.754500;-0.497500;-0.091476;0.326730
3.755000;-0.516140;-0.084249;0.402610
3.755500;-0.491590;-0.098666;0.479230
3.756000;-0.469090;-0.094523;0.555800
3.756500;-0.444290;-0.058068;0.573860
3.757000;-0.362460;-0.078397;0.593590
3.757500;-0.275380;-0.074012;0.633820
3.758000;-0.190470;-0.041024;0.622830
3.758500;-0.086110;-0.040170;0.614670
3.759000;0.012245;-0.042352;0.596560
3.759500;0.067208;-0.019098;0.536040
3.760000;0.102150;-0.006474;0.480210
3.760500;0.106840;0.007898;0.411180
3.761000;0.107040;0.012685;0.368720
3.761500;0.101280;0.003251;0.354490
3.762000;0.082352;0.025858;0.311480
3.762500;0.075933;0.032854;0.246380
3.763000;0.101020;0.004213;0.202910
3.763500;0.103890;-0.001715;0.184060
3.764000;0.092409;-0.001009;0.169820
3.764500;0.095819;-0.013197;0.159070
3.765000;0.095549;-0.016119;0.174730
3.765500;0.098770;-0.010890;0.185940
3.766000;0.085408;-0.003239;0.206170
3.766500;0.082130;-0.021180;0.212870
3.767000;0.075826;-0.009151;0.212390
3.767500;0.070545;0.000321;0.174420
3.768000;0.083465;-0.013673;0.140180
3.768500;0.111630;-0.016800;0.082534
3.769000;0.159820;-0.036840;0.032312
3.769500;0.205220;-0.045312;-0.005410
3.770000;0.253440;-0.042961;-0.061191
3.770500;0.317950;-0.056177;-0.093826
3.771000;0.382830;-0.058158;-0.121800
3.771500;0.441280;-0.070702;-0.122050
3.772000;0.505310;-0.067361;-0.106890
3.772500;0.552300;-0.077117;-0.076377
3.773000;0.584120;-0.094117;-0.018289
3.773500;0.590540;-0.098563;0.026077
3.774000;0.561980;-0.109370;0.081513
3.774500;0.513700;-0.112220;0.137780
3.775000;0.432310;-0.110040;0.212730
3.775500;0.321200;-0.118010;0.290660
3.776000;0.219000;-0.130130;0.359140
3.776500;0.112730;-0.142330;0.418570
3.777000;0.015836;-0.162890;0.462900
3.777500;-0.094761;-0.156950;0.503220
3.778000;-0.196100;-0.165640;0.513700
3.778500;-0.252620;-0.174630;0.515870
3.779000;-0.299780;-0.177990;0.483280
3.779500;-0.308900;-0.195460;0.446180
3.780000;-0.282550;-0.208420;0.397660
3.780500;-0.226460;-0.221400;0.344990
3.781000;-0.154930;-0.223390;0.294120
3.781500;-0.058777;-0.231920;0.218260
3.782000;0.029463;-0.226440;0.145080
3.782500;0.111710;-0.233370;0.050319
3.783000;0.183930;-0.234420;-0.026248
3.783500;0.220500;-0.215440;-0.110670
3.784000;0.244170;-0.203320;-0.183040
3.784500;0.242420;-0.193410;-0.256800
3.785000;0.238560;-0.194530;-0.300690
3.785500;0.225680;-0.183720;-0.315960
3.786000;0.200660;-0.175330;-0.306750
3.786500;0.159770;-0.169250;-0.272050
3.787000;0.119650;-0.166620;-0.229030
3.787500;0.071923;-0.167970;-0.152890
3.788000;0.016733;-0.159920;-0.067754
3.788500;-0.018797;-0.154670;0.017517
3.789000;-0.054719;-0.155060;0.102480
3.789500;-0.079824;-0.160600;0.167350
3.790000;-0.077920;-0.168250;0.229750
3.790500;-0.075794;-0.182480;0.287530
3.791000;-0.066834;-0.188490;0.337110
3.791500;-0.039550;-0.197780;0.389080
3.792000;-0.015413;-0.207460;0.440290
3.792500;0.006287;-0.209320;0.477470
3.793000;0.036041;-0.222710;0.510730
3.793500;0.072689;-0.231990;0.547900
3.794000;0.102710;-0.232570;0.572980
3.794500;0.128820;-0.238950;0.587570
3.795000;0.158850;-0.233420;0.582850
3.795500;0.174400;-0.220100;0.544320
3.796000;0.184910;-0.211310;0.501070
3.796500;0.202960;-0.214880;0.456430
3.797000;0.209790;-0.204350;0.414970
3.797500;0.215340;-0.189820;0.372600
3.798000;0.210620;-0.176560;0.327310
3.798500;0.185440;-0.153210;0.292120
3.799000;0.161750;-0.125860;0.260760
3.799500;0.114810;-0.100380;0.275990
3.800000;0.063319;-0.079657;0.304480
3.800500;0.019714;-0.051703;0.335540
3.801000;-0.042921;-0.032326;0.361450
3.801500;-0.128250;-0.016663;0.374280
3.802000;-0.178800;-0.019596;0.389760
3.802500;-0.245330;-0.016871;0.414280
3.803000;-0.309800;-0.014004;0.429240
3.803500;-0.338510;-0.020010;0.425900
3.804000;-0.353860;-0.031606;0.401040
3.804500;-0.337740;-0.049180;0.366740
3.805000;-0.293820;-0.063073;0.298420
3.805500;-0.258290;-0.059858;0.227250
3.806000;-0.197530;-0.078086;0.164000
3.806500;-0.129920;-0.090334;0.096064
3.807000;-0.081718;-0.088885;0.045819
3.807500;-0.041372;-0.093841;0.001732
3.808000;-0.006062;-0.113080;-0.038894
3.808500;0.017225;-0.120820;-0.064818
3.809000;0.010014;-0.123530;-0.089556
3.809500;-0.005842;-0.148570;-0.097301
3.810000;-0.046992;-0.144490;-0.112770
3.810500;-0.082267;-0.163970;-0.107570
3.811000;-0.123160;-0.201730;-0.121550
3.811500;-0.190100;-0.209090;-0.125730
3.812000;-0.219230;-0.226840;-0.147540
3.812500;-0.252010;-0.216990;-0.177350
3.813000;-0.273710;-0.216780;-0.225590
3.813500;-0.266110;-0.214230;-0.267800
3.814000;-0.217260;-0.229090;-0.321970
3.814500;-0.147030;-0.214020;-0.347400
3.815000;-0.074202;-0.204060;-0.380410
3.815500;0.012909;-0.198130;-0.405610
3.816000;0.081956;-0.179370;-0.437090
3.816500;0.186750;-0.168890;-0.456460
3.817000;0.268240;-0.175970;-0.485960
3.817500;0.328950;-0.155990;-0.543680
3.818000;0.404270;-0.158470;-0.622250
3.818500;0.451840;-0.157820;-0.649910
3.819000;0.481810;-0.140870;-0.661330
3.819500;0.493890;-0.121050;-0.675110
3.820000;0.480560;-0.124430;-0.682310
3.820500;0.442610;-0.117330;-0.693370
3.821000;0.364430;-0.098640;-0.687800
3.821500;0.289820;-0.092251;-0.629490
3.822000;0.219800;-0.084249;-0.540060
3.822500;0.127320;-0.067888;-0.425250
3.823000;0.063579;-0.065841;-0.309060
3.823500;0.030907;-0.082160;-0.186390
3.824000;0.011174;-0.086976;-0.047775
3.824500;0.007856;-0.098880;0.081066
3.825000;0.010300;-0.113160;0.227890
3.825500;0.000331;-0.101540;0.338120
3.826000;-0.022262;-0.109960;0.436720
3.826500;-0.059884;-0.106770;0.507160
3.827000;-0.117710;-0.078953;0.542360
3.827500;-0.164780;-0.072037;0.563840
3.828000;-0.187770;-0.075803;0.572530
3.828500;-0.198230;-0.069686;0.558540
3.829000;-0.193060;-0.048510;0.518060
3.829500;-0.161200;-0.039479;0.458400
3.830000;-0.112700;-0.032268;0.392810
3.830500;-0.054783;-0.016041;0.332750
3.831000;-0.007939;0.006006;0.270380
3.831500;0.028505;0.023055;0.218330
3.832000;0.066582;0.038546;0.154990
3.832500;0.105370;0.054791;0.094283
3.833000;0.148900;0.063199;0.015911
3.833500;0.182760;0.067927;-0.062509
3.834000;0.227410;0.070948;-0.134860
3.834500;0.256410;0.084519;-0.212460
3.835000;0.302760;0.072997;-0.299380
3.835500;0.323590;0.072860;-0.363970
3.836000;0.333460;0.067627;-0.424490
3.836500;0.297670;0.080873;-0.457780
3.837000;0.257420;0.068915;-0.468840
3.837500;0.204400;0.063156;-0.452820
3.838000;0.137790;0.065649;-0.430680
3.838500;0.097563;0.042898;-0.401900
3.839000;0.068621;0.015140;-0.379650
3.839500;0.066452;-0.023791;-0.360180
3.840000;0.058907;-0.059913;-0.313820
3.840500;0.059543;-0.091006;-0.277200
3.841000;0.077439;-0.125030;-0.227360
3.841500;0.095779;-0.156150;-0.173250
3.842000;0.109450;-0.174080;-0.127310
3.842500;0.127260;-0.184720;-0.091022
3.843000;0.141110;-0.197970;-0.060108
3.843500;0.162120;-0.197460;-0.044998
3.844000;0.187280;-0.183760;-0.047991
3.844500;0.214090;-0.179730;-0.056225
3.845000;0.247810;-0.173470;-0.067113
3.845500;0.267360;-0.169470;-0.088834
3.846000;0.294170;-0.167090;-0.090402
3.846500;0.306060;-0.160020;-0.085276
3.847000;0.307620;-0.153690;-0.050927
3.847500;0.317880;-0.145160;-0.017305
3.848000;0.316670;-0.133900;0.007107
3.848500;0.294430;-0.133620;0.022481
3.849000;0.267380;-0.118350;0.058014
3.849500;0.238320;-0.095624;0.096829
3.850000;0.209490;-0.086208;0.146260
3.850500;0.163930;-0.061793;0.177560
3.851000;0.109210;-0.027934;0.196170
3.851500;0.045745;-0.001671;0.208190
3.852000;-0.017323;0.008635;0.243550
3.852500;-0.074130;0.003624;0.294220
3.853000;-0.136920;0.008935;0.344740
3.853500;-0.207660;0.007889;0.391600
3.854000;-0.264400;-0.015020;0.423910
3.854500;-0.312130;-0.032006;0.455790
3.855000;-0.366690;-0.039501;0.489520
3.855500;-0.390940;-0.055531;0.519550
3.856000;-0.417770;-0.062104;0.535030
3.856500;-0.429410;-0.077388;0.534380
3.857000;-0.425150;-0.092185;0.518310
3.857500;-0.435970;-0.088722;0.508760
3.858000;-0.434370;-0.100960;0.482380
3.858500;-0.443870;-0.105800;0.457090
3.859000;-0.452140;-0.108740;0.430770
3.859500;-0.454790;-0.108300;0.424980
3.860000;-0.449680;-0.113170;0.417960
3.860500;-0.426280;-0.115510;0.427780
3.861000;-0.424590;-0.105730;0.415320
3.861500;-0.421880;-0.097480;0.417580
3.862000;-0.418860;-0.101750;0.418020
3.862500;-0.406520;-0.105300;0.418980
3.863000;-0.400310;-0.106730;0.418210
3.863500;-0.412500;-0.096787;0.412500
3.864000;-0.421040;-0.089343;0.403690
3.864500;-0.414190;-0.084835;0.417770
3.865000;-0.408470;-0.089668;0.433390
3.865500;-0.402080;-0.084475;0.433100
3.866000;-0.387520;-0.075464;0.428170
3.866500;-0.348890;-0.070312;0.409140
3.867000;-0.327060;-0.045890;0.390670
3.867500;-0.280680;-0.029008;0.370760
3.868000;-0.220850;-0.011444;0.336760
3.868500;-0.151890;0.014171;0.289860
3.869000;-0.077827;0.032868;0.241590
3.869500;0.010102;0.052560;0.178130
3.870000;0.108320;0.068520;0.134220
3.870500;0.215000;0.071065;0.096081
3.871000;0.306850;0.076534;0.069572
3.871500;0.378530;0.095962;0.053123
3.872000;0.434690;0.101580;0.036203
3.872500;0.470420;0.109090;0.032918
3.873000;0.479830;0.117620;0.043783
3.873500;0.473970;0.132340;0.038724
3.874000;0.432450;0.149970;0.053812
3.874500;0.384910;0.171640;0.065779
3.875000;0.329630;0.168820;0.083584
3.875500;0.256330;0.201040;0.088250
3.876000;0.220000;0.209590;0.128720
3.876500;0.176380;0.185670;0.143450
3.877000;0.161010;0.203880;0.189940
3.877500;0.123600;0.220560;0.160050
3.878000;0.121660;0.194590;0.129200
3.878500;0.146790;0.197980;0.103850
3.879000;0.145310;0.236230;0.023484
3.879500;0.189830;0.222520;-0.028473
3.880000;0.246920;0.202750;-0.069196
3.880500;0.293150;0.243010;-0.128540
3.881000;0.332930;0.245270;-0.156490
3.881500;0.407640;0.245190;-0.195900
3.882000;0.425300;0.242520;-0.206910
3.882500;0.422950;0.255160;-0.209940
3.883000;0.415240;0.257190;-0.231480
3.883500;0.380180;0.272860;-0.257150
3.884000;0.350920;0.253190;-0.270470
3.884500;0.309430;0.225460;-0.286480
3.885000;0.249270;0.227100;-0.307060
3.885500;0.212510;0.189290;-0.340000
3.886000;0.193380;0.162700;-0.343510
3.886500;0.154490;0.170690;-0.376980
3.887000;0.131210;0.144780;-0.377840
3.887500;0.127880;0.118560;-0.376790
3.888000;0.097954;0.126100;-0.365120
3.888500;0.076760;0.109370;-0.334160
3.889000;0.041465;0.103870;-0.287590
3.889500;-0.016779;0.116490;-0.264580
3.890000;-0.049734;0.096629;-0.226840
3.890500;-0.078844;0.093475;-0.205210
3.891000;-0.116070;0.101550;-0.186310
3.891500;-0.130730;0.077412;-0.178120
3.892000;-0.150570;0.079452;-0.179960
3.892500;-0.188430;0.086089;-0.213960
3.893000;-0.210230;0.083545;-0.241590
3.893500;-0.248940;0.092099;-0.267970
3.894000;-0.280010;0.100070;-0.291030
3.894500;-0.288030;0.104910;-0.311220
3.895000;-0.262430;0.105360;-0.332780
3.895500;-0.218320;0.120380;-0.355520
3.896000;-0.164080;0.139980;-0.388550
3.896500;-0.089728;0.141650;-0.416130
3.897000;-0.023210;0.148420;-0.444550
3.897500;0.026453;0.143670;-0.451550
3.898000;0.062095;0.132110;-0.438620
3.898500;0.048618;0.138210;-0.413650
3.899000;-0.005790;0.145850;-0.377810
3.899500;-0.098541;0.148310;-0.322810
3.900000;-0.218060;0.152140;-0.250890
3.900500;-0.347040;0.149200;-0.158410
3.901000;-0.458380;0.144850;-0.073136
3.901500;-0.556380;0.136280;0.001879
3.902000;-0.632710;0.115960;0.061400
3.902500;-0.693830;0.096191;0.108660
3.903000;-0.743960;0.079630;0.153880
3.903500;-0.781420;0.075546;0.173470
3.904000;-0.798620;0.069835;0.174710
3.904500;-0.783970;0.052516;0.168740
3.905000;-0.725430;0.036933;0.133600
3.905500;-0.647220;0.025821;0.079424
3.906000;-0.545680;-0.004739;0.038368
3.906500;-0.452570;-0.022090;-0.020553
3.907000;-0.372680;-0.026855;-0.068596
3.907500;-0.301970;-0.034638;-0.097539
3.908000;-0.269300;-0.039654;-0.105960
3.908500;-0.232390;-0.032319;-0.100790
3.909000;-0.207480;-0.042736;-0.085936
3.909500;-0.205250;-0.047165;-0.079980
3.910000;-0.194780;-0.052802;-0.080103
3.910500;-0.190270;-0.052298;-0.081436
3.911000;-0.178930;-0.061711;-0.092969
3.911500;-0.176990;-0.061595;-0.098029
3.912000;-0.166170;-0.061473;-0.109660
3.912500;-0.132600;-0.067004;-0.123100
3.913000;-0.119200;-0.055092;-0.123610
3.913500;-0.084661;-0.052916;-0.105160
3.914000;-0.048852;-0.048593;-0.052582
3.914500;-0.013006;-0.042668;-0.012041
3.915000;0.029088;-0.038963;0.029284
3.915500;0.060224;-0.032896;0.055665
3.916000;0.084576;-0.024327;0.077257
3.916500;0.111830;-0.014112;0.104050
3.917000;0.131020;-0.008031;0.125660
3.917500;0.133450;0.006510;0.116620
3.918000;0.145540;0.005162;0.102510
3.918500;0.194020;-0.003930;0.094157
3.919000;0.234540;-0.003998;0.105020
3.919500;0.280870;-0.005467;0.109170
3.920000;0.333140;0.002027;0.122510
3.920500;0.384630;0.009824;0.132530
3.921000;0.438610;0.024893;0.130720
3.921500;0.477070;0.036535;0.124340
3.922000;0.511870;0.041526;0.120590
3.922500;0.530280;0.057611;0.121870
3.923000;0.517280;0.070841;0.128310
3.923500;0.497740;0.086915;0.140600
3.924000;0.452150;0.111860;0.126950
3.924500;0.381110;0.124560;0.115270
3.925000;0.301460;0.128660;0.084103
3.925500;0.192480;0.142870;0.063936
3.926000;0.091716;0.150580;0.064678
3.926500;0.007133;0.149220;0.059381
3.927000;-0.082341;0.154530;0.062130
3.927500;-0.151420;0.152500;0.062245
3.928000;-0.180940;0.140350;0.056024
3.928500;-0.204680;0.129130;0.052544
3.929000;-0.201550;0.128920;0.041542
3.929500;-0.160550;0.127570;0.016953
3.930000;-0.098903;0.120760;-0.010591
3.930500;-0.046711;0.130440;-0.029734
3.931000;0.012859;0.131460;-0.054398
3.931500;0.063631;0.136640;-0.067402
3.932000;0.104970;0.127000;-0.068054
3.932500;0.152830;0.124310;-0.067071
3.933000;0.187830;0.118350;-0.066129
3.933500;0.216800;0.103730;-0.061636
3.934000;0.231920;0.090851;-0.049228
3.934500;0.201470;0.086807;-0.041067
3.935000;0.164050;0.073428;-0.031394
3.935500;0.125600;0.056286;-0.004495
3.936000;0.094600;0.042328;0.038116
3.936500;0.064938;0.029798;0.076985
3.937000;0.038768;0.019789;0.081787
3.937500;0.014378;0.005559;0.076856
3.938000;0.004934;-0.002157;0.052982
3.938500;-0.015382;-0.006050;0.044978
3.939000;-0.025985;0.000216;0.039663
3.939500;-0.022870;-0.005685;0.031000
3.940000;-0.012582;-0.012929;0.019894
3.940500;-0.005368;-0.015400;-0.002594
3.941000;0.016901;-0.015696;-0.031000
3.941500;0.037751;-0.022137;-0.040536
3.942000;0.054813;-0.020581;-0.047356
3.942500;0.067684;-0.000618;-0.066127
3.943000;0.081548;0.005780;-0.093657
3.943500;0.083085;0.021986;-0.145850
3.944000;0.083721;0.036708;-0.209540
3.944500;0.091555;0.041648;-0.276910
3.945000;0.086669;0.054153;-0.345230
3.945500;0.093177;0.060764;-0.393840
3.946000;0.111590;0.067333;-0.447110
3.946500;0.124960;0.083984;-0.511870
3.947000;0.144840;0.098554;-0.563220
3.947500;0.163350;0.107820;-0.601960
3.948000;0.174570;0.125110;-0.602910
3.948500;0.185750;0.129100;-0.579330
3.949000;0.193870;0.143180;-0.547530
3.949500;0.164050;0.151270;-0.524350
3.950000;0.121230;0.150340;-0.471570
3.950500;0.067112;0.147710;-0.405400
3.951000;-0.021119;0.142970;-0.325120
3.951500;-0.122810;0.140880;-0.242720
3.952000;-0.230390;0.131370;-0.186520
3.952500;-0.326610;0.115640;-0.138290
3.953000;-0.422170;0.091887;-0.089133
3.953500;-0.500200;0.069136;-0.033596
3.954000;-0.545820;0.046819;0.035462
3.954500;-0.562960;0.035337;0.086892
3.955000;-0.554990;0.032955;0.116220
3.955500;-0.509390;0.026852;0.117660
3.956000;-0.449450;0.025283;0.090532
3.956500;-0.367100;0.030540;0.047693
3.957000;-0.278660;0.023677;-0.007082
3.957500;-0.199430;0.037194;-0.061688
3.958000;-0.105970;0.048849;-0.142850
3.958500;-0.026771;0.057379;-0.219710
3.959000;0.025327;0.061503;-0.301260
3.959500;0.088177;0.067882;-0.382100
3.960000;0.131780;0.074798;-0.442730
3.960500;0.164010;0.081665;-0.486350
3.961000;0.200270;0.090143;-0.518780
3.961500;0.188850;0.096183;-0.528820
3.962000;0.179640;0.107520;-0.522050
3.962500;0.140500;0.115410;-0.502450
3.963000;0.071969;0.116450;-0.450150
3.963500;0.011514;0.118950;-0.384400
3.964000;-0.069512;0.125300;-0.303590
3.964500;-0.148600;0.133430;-0.233680
3.965000;-0.210270;0.123170;-0.189220
3.965500;-0.272800;0.114920;-0.140170
3.966000;-0.320290;0.106600;-0.102620
3.966500;-0.356520;0.094368;-0.072219
3.967000;-0.381270;0.090240;-0.060458
3.967500;-0.370190;0.073748;-0.048433
3.968000;-0.324310;0.065333;-0.052175
3.968500;-0.249310;0.053379;-0.062033
3.969000;-0.128090;0.033920;-0.065162
3.969500;0.015325;0.016580;-0.073781
3.970000;0.130230;0.018088;-0.066460
3.970500;0.228650;-0.005643;-0.054632
3.971000;0.323380;-0.023517;-0.020135
3.971500;0.386120;-0.040073;0.020774
3.972000;0.418210;-0.047528;0.078165
3.972500;0.408860;-0.050572;0.138880
3.973000;0.364510;-0.051724;0.199530
3.973500;0.294110;-0.053718;0.269310
3.974000;0.195350;-0.050945;0.330550
3.974500;0.070873;-0.033272;0.388410
3.975000;-0.060191;-0.025974;0.424850
3.975500;-0.203200;-0.024741;0.462390
3.976000;-0.346970;-0.014791;0.490300
3.976500;-0.468510;-0.001165;0.508410
3.977000;-0.571180;0.011624;0.521040
3.977500;-0.627520;0.022094;0.518580
3.978000;-0.649640;0.037356;0.488430
3.978500;-0.642020;0.048971;0.440050
3.979000;-0.580760;0.045263;0.371810
3.979500;-0.505390;0.037233;0.308650
3.980000;-0.417900;0.035192;0.247980
3.980500;-0.324950;0.022918;0.186030
3.981000;-0.238590;0.018351;0.118380
3.981500;-0.165720;0.010630;0.062482
3.982000;-0.110180;0.000402;0.029450
3.982500;-0.076347;-0.002711;0.000764
3.983000;-0.049551;-0.003983;-0.037488
3.983500;-0.035005;-0.014595;-0.063570
3.984000;-0.033758;-0.020785;-0.075127
3.984500;-0.048895;-0.022491;-0.073002
3.985000;-0.066377;-0.031035;-0.041113
3.985500;-0.088781;-0.024725;0.001266
3.986000;-0.098777;-0.012811;0.046191
3.986500;-0.113080;-0.001275;0.083228
3.987000;-0.136660;0.006448;0.111760
3.987500;-0.147650;0.011908;0.131850
3.988000;-0.143600;0.013209;0.151180
3.988500;-0.119880;0.000272;0.161310
3.989000;-0.098589;-0.000520;0.166200
3.989500;-0.050432;-0.011843;0.184150
3.990000;-0.000258;-0.013902;0.174910
3.990500;0.037465;-0.016218;0.158200
3.991000;0.107740;-0.031914;0.153820
3.991500;0.176970;-0.030394;0.106030
3.992000;0.249380;-0.034074;0.065596
3.992500;0.329350;-0.042924;0.038058
3.993000;0.391040;-0.037030;0.011565
3.993500;0.446910;-0.026062;-0.001113
3.994000;0.498590;-0.014190;-0.009338
3.994500;0.532460;-0.006272;-0.036945
3.995000;0.569150;0.007016;-0.074585
3.995500;0.589340;0.020174;-0.129870
3.996000;0.614980;0.035017;-0.190670
3.996500;0.617820;0.039284;-0.256220
3.997000;0.598390;0.050962;-0.304110
3.997500;0.558700;0.063565;-0.343950
3.998000;0.499200;0.068495;-0.366810
3.998500;0.406900;0.077801;-0.375920
3.999000;0.285790;0.091922;-0.372790
3.999500;0.145070;0.087587;-0.328710
4.000000;-0.008337;0.087904;-0.254590
4.000499;-0.145940;0.075688;-0.176820
4.001000;-0.279110;0.051423;-0.101060
4.001500;-0.414190;0.034754;-0.038562
4.002000;-0.530720;0.008088;0.005706
4.002500;-0.598550;-0.027041;0.054079
4.003000;-0.646370;-0.042863;0.086496
4.003500;-0.650410;-0.044950;0.080067
4.003999;-0.619130;-0.072011;0.047246
4.004500;-0.559000;-0.084118;-0.017662
4.005000;-0.478270;-0.080844;-0.089648
4.005499;-0.354690;-0.098413;-0.124250
4.006000;-0.230070;-0.087348;-0.158130
4.006500;-0.100220;-0.085743;-0.180750
4.006999;0.021401;-0.089537;-0.199620
4.007500;0.099927;-0.075588;-0.224840
4.008000;0.145550;-0.068561;-0.235090
4.008499;0.174890;-0.059783;-0.216490
4.009000;0.175380;-0.061628;-0.196640
4.009500;0.146690;-0.052296;-0.191360
4.010000;0.102510;-0.047959;-0.202020
4.010500;0.056915;-0.053114;-0.208470
4.011000;0.016385;-0.059684;-0.213290
4.011500;-0.035579;-0.055517;-0.204110
4.011999;-0.084144;-0.045095;-0.193790
4.012500;-0.109020;-0.029752;-0.186840
4.013000;-0.116100;-0.018258;-0.185610
4.013499;-0.107860;-0.020458;-0.189620
4.014000;-0.088357;-0.031588;-0.171930
4.014500;-0.067934;-0.039332;-0.145070
4.014999;-0.038558;-0.035691;-0.115890
4.015500;-0.008430;-0.032429;-0.105570
4.016000;0.034532;-0.039904;-0.094714
4.016499;0.094175;-0.041757;-0.083713
4.017000;0.147780;-0.017093;-0.081090
4.017500;0.207720;-0.006898;-0.093441
4.018000;0.278840;-0.003566;-0.115050
4.018500;0.340840;0.016497;-0.163450
4.019000;0.396670;0.030839;-0.199650
4.019500;0.456120;0.042361;-0.247540
4.019999;0.479300;0.077366;-0.279930
4.020500;0.498010;0.101540;-0.309080
4.021000;0.519270;0.120280;-0.336160
4.021499;0.518280;0.139770;-0.363930
4.022000;0.516220;0.151200;-0.373600
4.022500;0.502440;0.143400;-0.355550
4.022999;0.460090;0.158350;-0.327390
4.023500;0.398890;0.159300;-0.287180
4.024000;0.308890;0.159250;-0.253470
4.024499;0.199160;0.160870;-0.232360
4.025000;0.079765;0.141830;-0.213580
4.025500;-0.037241;0.129590;-0.180670
4.026000;-0.142750;0.121830;-0.178520
4.026500;-0.249220;0.115070;-0.177820
4.027000;-0.301500;0.091762;-0.194260
4.027500;-0.320440;0.066440;-0.203400
4.027999;-0.333840;0.059514;-0.219980
4.028500;-0.320200;0.037326;-0.235670
4.029000;-0.284010;0.022918;-0.251580
4.029499;-0.240260;0.027060;-0.304490
4.030000;-0.183020;0.024052;-0.367200
4.030500;-0.118220;0.006344;-0.415550
4.030999;-0.054398;-0.006758;-0.461010
4.031500;-0.005021;-0.024839;-0.477260
4.032000;0.011713;-0.034058;-0.484650
4.032499;0.007954;-0.040796;-0.490070
4.033000;-0.017889;-0.055568;-0.504360
4.033500;-0.067688;-0.063572;-0.527530
4.034000;-0.133880;-0.076208;-0.533370
4.034500;-0.179760;-0.100050;-0.511960
4.035000;-0.231040;-0.110430;-0.472010
4.035500;-0.277540;-0.126280;-0.454530
4.035999;-0.311530;-0.136080;-0.436320
4.036500;-0.324680;-0.151780;-0.434960
4.037000;-0.342130;-0.156430;-0.404020
4.037499;-0.339000;-0.169490;-0.356440
4.038000;-0.317220;-0.174190;-0.303390
4.038500;-0.288100;-0.178500;-0.267150
4.038999;-0.244620;-0.177220;-0.238580
4.039500;-0.215920;-0.166740;-0.209580
4.040000;-0.168240;-0.171540;-0.168670
4.040499;-0.118230;-0.178470;-0.127980
4.041000;-0.072090;-0.170210;-0.109380
4.041500;-0.017163;-0.159070;-0.098343
4.042000;0.032435;-0.150420;-0.101000
4.042500;0.078071;-0.151370;-0.098275
4.043000;0.119720;-0.146200;-0.091063
4.043500;0.148370;-0.125980;-0.087507
4.043999;0.171120;-0.109420;-0.081261
4.044500;0.182520;-0.097163;-0.070452
4.045000;0.203430;-0.093315;-0.049653
4.045499;0.229320;-0.091489;-0.013888
4.046000;0.239000;-0.084757;0.028963
4.046500;0.238510;-0.080998;0.079193
4.046999;0.228140;-0.078489;0.137260
4.047500;0.200630;-0.067135;0.194360
4.048000;0.157660;-0.048841;0.259760
4.048499;0.102590;-0.021879;0.312460
4.049000;0.051461;-0.010201;0.360960
4.049500;-0.007204;0.000440;0.401450
4.050000;-0.062162;0.013647;0.413260
4.050500;-0.109620;0.020195;0.425530
4.051000;-0.161890;0.025571;0.429720
4.051500;-0.200270;0.031639;0.428480
4.051999;-0.248140;0.043358;0.415590
4.052500;-0.269750;0.050854;0.371970
4.053000;-0.252890;0.052126;0.322040
4.053499;-0.223870;0.053741;0.272960
4.054000;-0.177450;0.061631;0.231650
4.054500;-0.096113;0.065955;0.182200
4.054999;0.007835;0.062192;0.136790
4.055500;0.085988;0.087452;0.082881
4.056000;0.181590;0.105360;0.045560
4.056500;0.255280;0.102730;0.021885
4.057000;0.300530;0.131270;0.013452
4.057500;0.308480;0.151840;-0.006170
4.058000;0.306920;0.154690;-0.030297
4.058500;0.304970;0.158650;-0.047960
4.059000;0.281540;0.156560;-0.060962
4.059500;0.248630;0.148690;-0.064551
4.059999;0.210520;0.137890;-0.057410
4.060500;0.167300;0.129990;-0.042487
4.061000;0.142180;0.119680;-0.008241
4.061499;0.131750;0.099731;0.017170
4.062000;0.105910;0.086343;0.043051
4.062500;0.077694;0.078940;0.088230
4.062999;0.052709;0.079795;0.137810
4.063500;0.033623;0.081236;0.198060
4.064000;0.034618;0.068235;0.238350
4.064500;0.058361;0.049346;0.261470
4.065000;0.085858;0.046064;0.263890
4.065500;0.127370;0.038043;0.250340
4.066000;0.173810;0.026821;0.230250
4.066499;0.213500;0.021366;0.188970
4.067000;0.263710;0.009559;0.133130
4.067500;0.325090;-0.015632;0.047525
4.067999;0.358280;-0.011575;-0.033402
4.068500;0.370920;-0.013722;-0.121660
4.069000;0.373020;-0.013188;-0.185640
4.069499;0.371190;-0.016795;-0.235750
4.070000;0.365200;-0.017576;-0.266040
4.070500;0.335320;0.001717;-0.293010
4.070999;0.291670;0.005709;-0.307000
4.071500;0.235880;0.010907;-0.288460
4.072000;0.169650;0.015148;-0.269460
4.072500;0.080452;0.028324;-0.229950
4.073000;-0.032765;0.036880;-0.206770
4.073500;-0.160680;0.041300;-0.185500
4.074000;-0.303440;0.045668;-0.176020
4.074499;-0.441900;0.050458;-0.173520
4.075000;-0.580020;0.047977;-0.164400
4.075500;-0.674240;0.038260;-0.150940
4.075999;-0.740520;0.037610;-0.144710
4.076500;-0.756130;0.013969;-0.141800
4.077000;-0.737620;-0.001094;-0.147260
4.077499;-0.711360;-0.007512;-0.157270
4.078000;-0.672270;-0.021488;-0.151040
4.078500;-0.619630;-0.032119;-0.138480
4.078999;-0.564360;-0.036066;-0.137780
4.079500;-0.517080;-0.046618;-0.139780
4.080000;-0.468710;-0.066409;-0.150340
4.080500;-0.436040;-0.080812;-0.159880
4.081000;-0.414500;-0.096833;-0.166930
4.081500;-0.389920;-0.108580;-0.170120
4.082000;-0.387520;-0.116550;-0.193990
4.082499;-0.386610;-0.135360;-0.216560
4.083000;-0.386260;-0.154700;-0.242130
4.083500;-0.398020;-0.163950;-0.264960
4.083999;-0.406210;-0.166220;-0.263120
4.084500;-0.407150;-0.168840;-0.245940
4.085000;-0.395340;-0.160370;-0.227170
4.085499;-0.382010;-0.149010;-0.219540
4.086000;-0.343940;-0.124160;-0.198950
4.086500;-0.312770;-0.118870;-0.184100
4.086999;-0.282220;-0.081573;-0.152720
4.087500;-0.255050;-0.050128;-0.125890
4.088000;-0.250550;-0.017536;-0.105670
4.088500;-0.251870;0.004493;-0.093287
4.089000;-0.255280;0.030465;-0.093077
4.089500;-0.281320;0.053449;-0.090258
4.090000;-0.286320;0.063874;-0.098614
4.090499;-0.279690;0.087640;-0.145330
4.091000;-0.270080;0.104670;-0.178440
4.091500;-0.220340;0.101980;-0.223750
4.091999;-0.155050;0.119490;-0.278230
4.092500;-0.084445;0.137860;-0.327020
4.093000;0.045190;0.127080;-0.366850
4.093499;0.142170;0.156510;-0.407160
4.094000;0.231050;0.181130;-0.454700
4.094500;0.326990;0.198060;-0.486970
4.094999;0.391240;0.214810;-0.516520
4.095500;0.450810;0.220700;-0.543520
4.096000;0.476700;0.218530;-0.560830
4.096500;0.476370;0.224710;-0.577760
4.097000;0.450970;0.212950;-0.582200
4.097500;0.394020;0.217020;-0.574660
4.098000;0.318180;0.220630;-0.552880
4.098499;0.228250;0.226260;-0.524640
4.099000;0.130130;0.231490;-0.490440
4.099500;0.025691;0.237100;-0.455140
4.099999;-0.066954;0.227780;-0.415010
4.100500;-0.148650;0.224430;-0.366880
4.101000;-0.212770;0.217620;-0.329340
4.101499;-0.259700;0.226200;-0.296940
4.102000;-0.277460;0.221010;-0.294250
4.102500;-0.267600;0.191240;-0.286570
4.102999;-0.254710;0.206280;-0.305450
4.103500;-0.181690;0.230040;-0.319620
4.104000;-0.080290;0.122120;-0.373440
4.104500;0.008945;0.157140;-0.380510
4.105000;0.104490;0.130250;-0.471380
4.105500;0.213960;0.088861;-0.529090
4.106000;0.287070;0.089943;-0.594420
4.106499;0.342450;0.074556;-0.653930
4.107000;0.371600;0.078075;-0.683920
4.107500;0.348960;0.091470;-0.737810
4.107999;0.340190;0.084780;-0.727770
4.108500;0.314840;0.088040;-0.709700
4.109000;0.271370;0.078064;-0.675130
4.109499;0.223470;0.073933;-0.594860
4.110000;0.174660;0.061650;-0.496060
4.110500;0.110820;0.059803;-0.405350
4.110999;0.043714;0.062372;-0.317000
4.111500;-0.023881;0.047956;-0.224540
4.112000;-0.098103;0.055764;-0.148050
4.112500;-0.186270;0.076766;-0.088988
4.113000;-0.246580;0.061444;-0.024917
4.113500;-0.285570;0.066532;0.022367
4.114000;-0.327680;0.077865;0.064479
4.114499;-0.315870;0.049804;0.130900
4.115000;-0.294410;0.066422;0.149080
4.115500;-0.268850;0.085220;0.146010
4.115999;-0.206760;0.069313;0.157960
4.116500;-0.145440;0.081605;0.140290
4.117000;-0.080052;0.085064;0.105880
4.117499;0.004564;0.069734;0.093094
4.118000;0.076988;0.082210;0.056203
4.118500;0.122660;0.099119;0.014656
4.119000;0.175150;0.095078;-0.014667
4.119500;0.206030;0.110630;-0.048727
4.120000;0.209700;0.137660;-0.078379
4.120500;0.200650;0.147520;-0.089887
4.121000;0.165800;0.153780;-0.081691
4.121500;0.101520;0.169420;-0.068903
4.122000;0.002385;0.180910;-0.036268
4.122499;-0.123380;0.189560;-0.000249
4.123000;-0.256620;0.196150;0.038484
4.123500;-0.394820;0.195840;0.086418
4.123999;-0.508840;0.197140;0.132680
4.124500;-0.621480;0.214730;0.161620
4.125000;-0.704770;0.215470;0.179010
4.125499;-0.759400;0.203020;0.195530
4.126000;-0.796340;0.204270;0.184070
4.126500;-0.786810;0.188270;0.184930
4.127000;-0.724350;0.173470;0.169810
4.127500;-0.655640;0.170160;0.126000
4.128000;-0.552340;0.148070;0.070817
4.128500;-0.415750;0.138760;-0.007715
4.128999;-0.295170;0.152900;-0.093370
4.129500;-0.172440;0.149140;-0.168980
4.130000;-0.037379;0.138340;-0.250630
4.130499;0.053121;0.128800;-0.328730
4.131000;0.150700;0.116780;-0.385760
4.131500;0.222570;0.116880;-0.424920
4.131999;0.262210;0.116380;-0.438920
4.132500;0.302350;0.114330;-0.413990
4.133000;0.318210;0.120550;-0.389460
4.133499;0.314680;0.130600;-0.358180
4.134000;0.313570;0.135410;-0.333750
4.134500;0.309030;0.132110;-0.295860
4.135000;0.274290;0.140350;-0.245720
4.135500;0.233170;0.146260;-0.201310
4.136000;0.191620;0.143250;-0.145260
4.136500;0.154970;0.155350;-0.111050
4.136999;0.107750;0.165120;-0.067934
4.137500;0.071129;0.177940;-0.022206
4.138000;0.061946;0.185910;0.003350
4.138499;0.063868;0.162680;0.038250
4.139000;0.065146;0.150140;0.065939
4.139500;0.080048;0.180560;0.100890
4.139999;0.115270;0.144320;0.102250
4.140500;0.131660;0.170470;0.122520
4.141000;0.146750;0.174340;0.109180
4.141499;0.211020;0.138600;0.102250
4.142000;0.271480;0.179610;0.074891
4.142500;0.345430;0.180900;0.028314
4.143000;0.421550;0.170080;-0.020302
4.143500;0.484590;0.177990;-0.078810
4.144000;0.523840;0.188240;-0.093064
4.144500;0.524810;0.202640;-0.093842
4.144999;0.478570;0.219500;-0.106620
4.145500;0.417060;0.237040;-0.089386
4.146000;0.352050;0.252460;-0.058336
4.146499;0.253450;0.283930;-0.034701
4.147000;0.144270;0.294820;-0.009226
4.147500;0.061121;0.284680;0.025113
4.147999;-0.041121;0.302290;0.059216
4.148500;-0.162440;0.322090;0.076145
4.149000;-0.249840;0.302490;0.098401
4.149499;-0.321560;0.288600;0.101930
4.150000;-0.408360;0.290530;0.096124
4.150500;-0.477250;0.269050;0.077228
4.151000;-0.498980;0.255190;0.058465
4.151500;-0.494840;0.244270;0.017563
4.152000;-0.455700;0.224220;-0.020604
4.152500;-0.392890;0.198330;-0.065881
4.152999;-0.319450;0.182380;-0.119190
4.153500;-0.217540;0.138410;-0.148230
4.154000;-0.142200;0.116230;-0.148790
4.154499;-0.094353;0.122570;-0.141980
4.155000;-0.063089;0.102290;-0.123490
4.155500;-0.042876;0.088114;-0.094553
4.155999;-0.040012;0.082619;-0.078768
4.156500;-0.054424;0.078947;-0.066293
4.157000;-0.070977;0.069585;-0.055212
4.157499;-0.086508;0.068958;-0.058892
4.158000;-0.096914;0.065162;-0.063679
4.158500;-0.109780;0.065332;-0.068576
4.159000;-0.140500;0.083078;-0.078288
4.159500;-0.168250;0.090295;-0.067817
4.160000;-0.195090;0.091700;-0.046705
4.160500;-0.238610;0.114380;-0.018978
4.160999;-0.288800;0.131060;0.000837
4.161500;-0.321530;0.136450;0.019687
4.162000;-0.345310;0.144110;0.022143
4.162499;-0.353120;0.145930;0.029880
4.163000;-0.359550;0.159020;0.019742
4.163500;-0.361730;0.162320;-0.023409
4.163999;-0.350390;0.160880;-0.068428
4.164500;-0.323830;0.155260;-0.124880
4.165000;-0.302190;0.170810;-0.176930
4.165499;-0.268340;0.172820;-0.238340
4.166000;-0.212930;0.184660;-0.277530
4.166500;-0.143840;0.203520;-0.335970
4.167000;-0.070689;0.214810;-0.381120
4.167500;0.020451;0.227700;-0.434540
4.168000;0.131890;0.236290;-0.480310
4.168500;0.237030;0.242460;-0.525210
4.168999;0.311000;0.247880;-0.565540
4.169500;0.360530;0.248800;-0.613770
4.170000;0.375220;0.243780;-0.644050
4.170499;0.353530;0.244290;-0.663760
4.171000;0.297540;0.240490;-0.657830
4.171500;0.218900;0.244930;-0.638090
4.171999;0.128470;0.234410;-0.618430
4.172500;0.045252;0.218250;-0.606440
4.173000;-0.029226;0.193090;-0.587080
4.173499;-0.090257;0.165890;-0.551830
4.174000;-0.140310;0.143120;-0.508050
4.174500;-0.201490;0.119490;-0.465170
4.175000;-0.251710;0.092382;-0.432490
4.175500;-0.302640;0.062591;-0.408690
4.176000;-0.358120;0.042148;-0.405260
4.176500;-0.394270;0.010270;-0.406070
4.176999;-0.398560;-0.021714;-0.417320
4.177500;-0.394720;-0.044069;-0.424910
4.178000;-0.367170;-0.066273;-0.436420
4.178499;-0.323210;-0.082389;-0.432490
4.179000;-0.259840;-0.097157;-0.410060
4.179500;-0.208670;-0.125050;-0.383260
4.179999;-0.192030;-0.113120;-0.347290
4.180500;-0.193110;-0.062598;-0.318270
4.181000;-0.183550;-0.120650;-0.275590
4.181500;-0.222730;-0.100500;-0.201290
4.182000;-0.229290;-0.076710;-0.158730
4.182500;-0.295300;-0.024052;-0.165860
4.183000;-0.301540;-0.066652;-0.137050
4.183500;-0.294070;-0.078758;-0.113050
4.184000;-0.365950;-0.000658;-0.153850
4.184500;-0.348700;-0.046026;-0.131390
4.184999;-0.341420;-0.053924;-0.090930
4.185500;-0.379980;-0.009044;-0.079145
4.186000;-0.393170;0.003530;-0.033323
4.186499;-0.382330;0.003666;0.028014
4.187000;-0.375190;0.032995;0.106870
4.187500;-0.348860;0.035169;0.192470
4.187999;-0.318620;0.060733;0.262190
4.188500;-0.278250;0.086064;0.288830
4.189000;-0.213410;0.084609;0.317790
4.189500;-0.161460;0.081496;0.359950
4.190000;-0.137830;0.101330;0.400720
4.190500;-0.127300;0.108710;0.428780
4.191000;-0.112270;0.104680;0.468160
4.191499;-0.118220;0.137260;0.492480
4.192000;-0.108340;0.148200;0.514460
4.192500;-0.097095;0.159970;0.537440
4.192999;-0.055362;0.184270;0.513930
4.193500;0.000720;0.205480;0.487320
4.194000;0.073851;0.221770;0.431770
4.194500;0.150080;0.239330;0.362330
4.195000;0.205370;0.254250;0.278130
4.195500;0.249580;0.261140;0.185010
4.196000;0.283910;0.242210;0.120250
4.196500;0.297240;0.240280;0.068498
4.197000;0.276060;0.253800;0.031098
4.197500;0.261000;0.237220;0.010042
4.198000;0.219590;0.230660;0.001976
4.198500;0.164590;0.226880;-0.014684
4.199000;0.115600;0.204340;0.003160
4.199500;0.070501;0.192010;0.016094
4.200000;0.033861;0.171280;0.037316
4.200500;-0.011116;0.166910;0.041637
4.201000;-0.050465;0.147100;0.044259
4.201500;-0.088326;0.129410;0.049408
4.202000;-0.131960;0.131510;0.037315
4.202500;-0.172030;0.136160;0.020191
4.203000;-0.180090;0.126940;-0.005857
4.203500;-0.158060;0.125580;-0.022112
4.204000;-0.129190;0.112250;-0.037611
4.204500;-0.085466;0.102670;-0.049372
4.205000;-0.021240;0.086823;-0.075477
4.205500;0.049551;0.082338;-0.098527
4.206000;0.115080;0.081992;-0.121320
4.206500;0.188820;0.057494;-0.128140
4.207000;0.237760;0.058515;-0.149320
4.207500;0.276580;0.075986;-0.180310
4.208000;0.322460;0.023553;-0.223860
4.208500;0.329180;0.023147;-0.241870
4.209000;0.310350;0.090769;-0.248110
4.209500;0.332600;-0.025543;-0.270880
4.210000;0.281940;0.027016;-0.232560
4.210500;0.191650;0.041035;-0.292220
4.211000;0.189870;-0.029639;-0.258340
4.211500;0.134880;0.002229;-0.251280
4.212000;0.071598;0.026813;-0.237700
4.212500;0.080962;-0.026676;-0.181660
4.213000;0.042972;-0.037167;-0.188600
4.213500;-0.013214;0.013139;-0.175150
4.214000;-0.014989;-0.004721;-0.155050
4.214500;0.002559;-0.024265;-0.148160
4.215000;-0.036723;0.024805;-0.167630
4.215500;-0.025337;0.022760;-0.205510
4.216000;-0.016564;0.034072;-0.247530
4.216500;-0.002718;0.064574;-0.275190
4.217000;0.026874;0.103540;-0.291850
4.217500;0.049056;0.084872;-0.297110
4.218000;0.054212;0.085653;-0.294120
4.218500;0.062002;0.130740;-0.274060
4.219000;0.082085;0.072728;-0.278950
4.219500;0.047737;0.112570;-0.246240
4.220000;0.035355;0.060823;-0.230010
4.220500;0.027277;0.023427;-0.171160
4.221000;-0.019515;0.051335;-0.152440
4.221500;-0.043821;0.015431;-0.101820
4.222000;-0.069598;-0.011655;-0.030850
4.222500;-0.118250;-0.010723;0.017488
4.223000;-0.153010;-0.000409;0.096802
4.223500;-0.194960;0.000766;0.152710
4.224000;-0.237120;0.005534;0.184490
4.224500;-0.296150;0.025603;0.234620
4.225000;-0.323180;0.023736;0.294860
4.225500;-0.333430;0.011803;0.338680
4.226000;-0.345940;0.013219;0.365960
4.226500;-0.338110;0.014261;0.391270
4.227000;-0.298860;-0.001310;0.417240
4.227500;-0.270940;-0.004197;0.428320
4.228000;-0.214550;-0.019247;0.436950
4.228500;-0.144810;-0.024522;0.431840
4.229000;-0.074509;-0.018369;0.401120
4.229500;0.011546;-0.047219;0.398780
4.230000;0.073462;-0.037720;0.376310
4.230500;0.122850;-0.006293;0.330530
4.231000;0.158880;-0.014053;0.298510
4.231500;0.171510;-0.007348;0.260830
4.232000;0.147550;0.025941;0.200750
4.232500;0.125490;0.029210;0.173550
4.233000;0.104310;0.025233;0.155310
4.233500;0.072048;0.024709;0.152490
4.234000;0.059881;-0.005594;0.165340
4.234500;0.027125;0.024620;0.182950
4.235000;0.017510;0.017548;0.183110
4.235500;-0.014059;0.040937;0.187680
4.236000;-0.039866;0.067595;0.196710
4.236500;-0.040929;0.080331;0.212780
4.237000;-0.047890;0.066468;0.234480
4.237500;-0.043886;0.057173;0.260810
4.238000;-0.064424;0.074354;0.258100
4.238500;-0.060594;0.060271;0.276960
4.239000;-0.064158;0.053910;0.312640
4.239500;-0.098698;0.049546;0.327010
4.240000;-0.126520;0.083133;0.338210
4.240500;-0.117390;0.056898;0.313380
4.241000;-0.134470;0.068207;0.288020
4.241500;-0.112730;0.054373;0.245660
4.242000;-0.065767;0.029056;0.187360
4.242500;-0.038919;0.045997;0.094626
4.243000;0.006813;0.040511;-0.015226
4.243500;0.077122;0.031047;-0.115860
4.244000;0.130640;0.037477;-0.213240
4.244500;0.184490;0.048744;-0.296970
4.245000;0.235550;0.050449;-0.346290
4.245500;0.268990;0.069653;-0.382260
4.246000;0.278740;0.082252;-0.397820
4.246500;0.268980;0.085663;-0.374060
4.247000;0.236850;0.110700;-0.356380
4.247500;0.186450;0.121970;-0.336950
4.248000;0.130510;0.117310;-0.308850
4.248500;0.044855;0.131130;-0.301220
4.249000;-0.041374;0.132400;-0.314950
4.249500;-0.105150;0.114150;-0.318750
4.250000;-0.168450;0.099255;-0.342990
4.250500;-0.232060;0.082646;-0.360490
4.251000;-0.279380;0.072502;-0.370280
4.251500;-0.293290;0.050511;-0.389050
4.252000;-0.275950;0.044830;-0.412530
4.252500;-0.263410;0.035448;-0.451880
4.253000;-0.202570;0.008852;-0.472710
4.253500;-0.141080;0.006044;-0.504360
4.254000;-0.053454;-0.015873;-0.537300
4.254500;0.025166;-0.017210;-0.582730
4.255000;0.108600;-0.012351;-0.646820
4.255500;0.181410;-0.018794;-0.692650
4.256000;0.247840;-0.026074;-0.720220
4.256500;0.285740;-0.015490;-0.733980
4.257000;0.296540;-0.006401;-0.750180
4.257500;0.292700;0.003475;-0.734370
4.258000;0.259400;0.013790;-0.700260
4.258500;0.210460;0.017131;-0.642640
4.259000;0.150370;0.018897;-0.557520
4.259500;0.080086;0.013056;-0.460240
4.260000;-0.001650;0.016890;-0.360500
4.260500;-0.084710;0.017143;-0.258770
4.261000;-0.147500;0.000931;-0.152930
4.261500;-0.218740;0.007408;-0.071524
4.262000;-0.267270;0.004819;0.018108
4.262500;-0.268080;-0.013614;0.090161
4.263000;-0.266860;-0.015465;0.141050
4.263500;-0.229620;-0.024460;0.178560
4.264000;-0.165690;-0.038523;0.201490
4.264500;-0.085894;-0.041429;0.207250
4.265000;-0.004060;-0.036260;0.210940
4.265500;0.104710;-0.023158;0.198680
4.266000;0.209230;-0.002645;0.168100
4.266500;0.323220;-0.006390;0.131920
4.267000;0.436100;0.006510;0.092149
4.267500;0.515620;0.023904;0.042133
4.268000;0.596530;0.020094;0.014044
4.268500;0.636720;0.028391;-0.014607
4.269000;0.629290;0.042893;-0.015510
4.269500;0.583660;0.049887;-0.004203
4.270000;0.501070;0.047367;0.026401
4.270500;0.392320;0.046700;0.081365
4.271000;0.255040;0.061688;0.128180
4.271500;0.115360;0.058810;0.184590
4.272000;-0.007808;0.046362;0.239060
4.272500;-0.126720;0.053463;0.281030
4.273000;-0.227110;0.060234;0.310360
4.273500;-0.294100;0.049272;0.333230
4.274000;-0.314920;0.040802;0.342220
4.274500;-0.307260;0.030552;0.336310
4.275000;-0.282890;0.057188;0.313510
4.275500;-0.226420;0.040392;0.271540
4.276000;-0.147590;0.031800;0.255410
4.276500;-0.039110;0.022729;0.226060
4.277000;0.081780;0.008473;0.194860
4.277500;0.184980;0.015111;0.160790
4.278000;0.296770;-0.027156;0.136950
4.278500;0.372560;-0.047589;0.127660
4.279000;0.404450;-0.061785;0.115700
4.279500;0.410830;-0.066669;0.132210
4.280000;0.374580;-0.076407;0.173370
4.280500;0.331410;-0.094274;0.210810
4.281000;0.256630;-0.093324;0.256300
4.281500;0.164950;-0.100670;0.309600
4.282000;0.083949;-0.107710;0.370930
4.282500;-0.002163;-0.106690;0.428070
4.283000;-0.072112;-0.115070;0.482680
4.283500;-0.115950;-0.103710;0.520300
4.284000;-0.155460;-0.096770;0.550350
4.284500;-0.163050;-0.106110;0.588730
4.285000;-0.124790;-0.110080;0.627980
4.285500;-0.102170;-0.114640;0.668050
4.286000;-0.067535;-0.108580;0.710660
4.286500;-0.022370;-0.109320;0.730920
4.287000;-0.003863;-0.099817;0.729610
4.287500;0.015349;-0.126670;0.749550
4.288000;0.028558;-0.131990;0.769720
4.288500;0.011593;-0.120650;0.781560
4.289000;-0.008753;-0.132780;0.797930
4.289500;-0.044425;-0.132290;0.805090
4.290000;-0.093450;-0.130940;0.809140
4.290500;-0.125020;-0.131330;0.814400
4.291000;-0.139120;-0.125820;0.822640
4.291500;-0.146810;-0.123240;0.826250
4.292000;-0.145630;-0.117530;0.840620
4.292500;-0.141490;-0.107910;0.865610
4.293000;-0.143930;-0.087388;0.872610
4.293500;-0.136830;-0.074230;0.866540
4.294000;-0.140930;-0.065773;0.850640
4.294500;-0.130130;-0.060228;0.825520
4.295000;-0.116620;-0.064184;0.794850
4.295500;-0.112390;-0.060894;0.765810
4.296000;-0.109030;-0.052299;0.724070
4.296500;-0.093547;-0.062870;0.678140
4.297000;-0.090002;-0.069049;0.647100
4.297500;-0.120550;-0.072075;0.611500
4.298000;-0.160840;-0.076128;0.588720
4.298500;-0.208820;-0.082513;0.588460
4.299000;-0.288880;-0.083266;0.595680
4.299500;-0.370850;-0.104860;0.609870
4.300000;-0.432370;-0.115030;0.631620
4.300500;-0.482650;-0.132050;0.662240
4.301000;-0.502210;-0.156350;0.685030
4.301500;-0.508300;-0.173750;0.696610
4.302000;-0.489220;-0.200010;0.711530
4.302500;-0.431800;-0.218190;0.719530
4.303000;-0.377070;-0.223050;0.710640
4.303500;-0.310550;-0.225970;0.705680
4.304000;-0.243770;-0.214660;0.682130
4.304500;-0.180550;-0.203420;0.651230
4.305000;-0.099212;-0.194830;0.620760
4.305500;-0.028439;-0.168480;0.562740
4.306000;0.026167;-0.141860;0.508000
4.306500;0.094149;-0.132390;0.446270
4.307000;0.137850;-0.104780;0.381290
4.307500;0.160000;-0.087941;0.315750
4.308000;0.183190;-0.074502;0.264490
4.308500;0.196240;-0.069448;0.220300
4.309000;0.205490;-0.069028;0.189550
4.309500;0.214280;-0.058938;0.156910
4.310000;0.216530;-0.056325;0.145520
4.310500;0.208010;-0.049912;0.151560
4.311000;0.211010;-0.039159;0.174950
4.311500;0.207570;-0.023612;0.188860
4.312000;0.196970;-0.009220;0.207010
4.312500;0.195400;0.009063;0.218510
4.313000;0.188150;0.030847;0.230800
4.313500;0.191420;0.042855;0.243650
4.314000;0.193850;0.070709;0.246160
4.314500;0.210480;0.085409;0.229830
4.315000;0.241170;0.107950;0.185110
4.315500;0.287160;0.106010;0.101260
4.316000;0.341730;0.108970;0.017234
4.316500;0.402180;0.119260;-0.083527
4.317000;0.464820;0.116920;-0.167450
4.317500;0.539810;0.091974;-0.221550
4.318000;0.601330;0.084281;-0.275500
4.318500;0.640830;0.090498;-0.330440
4.319000;0.664560;0.070012;-0.365440
4.319500;0.651350;0.050593;-0.380330
4.320000;0.607300;0.040725;-0.368250
4.320500;0.526940;0.022846;-0.337700
4.321000;0.438120;-0.000350;-0.315360
4.321500;0.340080;-0.017481;-0.300800
4.322000;0.227980;-0.047866;-0.251690
4.322500;0.118270;-0.078044;-0.177510
4.323000;0.005579;-0.089981;-0.121620
4.323500;-0.102880;-0.117320;-0.069731
4.324000;-0.190770;-0.140470;-0.022516
4.324500;-0.255520;-0.147650;0.010081
4.325000;-0.277430;-0.179910;0.016212
4.325500;-0.273430;-0.203500;-0.002663
4.326000;-0.254750;-0.216990;-0.038001
4.326500;-0.197320;-0.225190;-0.086585
4.327000;-0.134460;-0.232320;-0.133130
4.327500;-0.066057;-0.229840;-0.191390
4.328000;0.018093;-0.241070;-0.256440
4.328500;0.089696;-0.246970;-0.301440
4.329000;0.144920;-0.252440;-0.330090
4.329500;0.182480;-0.267660;-0.325750
4.330000;0.188580;-0.272070;-0.331730
4.330500;0.161070;-0.281050;-0.305900
4.331000;0.108720;-0.287430;-0.277700
4.331500;0.028319;-0.320810;-0.222910
4.332000;-0.059158;-0.322260;-0.162740
4.332500;-0.118850;-0.345250;-0.091833
4.333000;-0.183590;-0.345750;-0.008715
4.333500;-0.224340;-0.364720;0.055650
4.334000;-0.247600;-0.392050;0.134990
4.334500;-0.268430;-0.399750;0.208940
4.335000;-0.304480;-0.389720;0.295270
4.335500;-0.328530;-0.381720;0.379140
4.336000;-0.329400;-0.381360;0.462730
4.336500;-0.322090;-0.377490;0.547270
4.337000;-0.292800;-0.367750;0.620510
4.337500;-0.242330;-0.353800;0.666520
4.338000;-0.149430;-0.360460;0.710100
4.338500;-0.066992;-0.341130;0.746440
4.339000;-0.008430;-0.319150;0.769840
4.339500;0.052911;-0.301680;0.777770
4.340000;0.097648;-0.301410;0.775550
4.340500;0.106950;-0.280540;0.758240
4.341000;0.080837;-0.259660;0.730050
4.341500;0.051833;-0.252760;0.700820
4.342000;0.024948;-0.250120;0.686160
4.342500;0.010338;-0.241000;0.645280
4.343000;0.007182;-0.233000;0.598970
4.343500;0.019872;-0.236780;0.561920
4.344000;0.051980;-0.224860;0.531260
4.344500;0.070217;-0.209200;0.517470
4.345000;0.094727;-0.203740;0.532320
4.345500;0.126380;-0.183670;0.558680
4.346000;0.143180;-0.156600;0.579110
4.346500;0.163390;-0.143000;0.604880
4.347000;0.174740;-0.117210;0.621000
4.347500;0.177200;-0.103320;0.635470
4.348000;0.192020;-0.096902;0.653910
4.348500;0.185680;-0.090516;0.636330
4.349000;0.182650;-0.105170;0.617690
4.349500;0.174190;-0.128730;0.594000
4.350000;0.157370;-0.151240;0.585500
4.350500;0.137870;-0.179060;0.609020
4.351000;0.135410;-0.213030;0.644540
4.351500;0.133510;-0.234000;0.679640
4.352000;0.150720;-0.250150;0.686680
4.352500;0.211120;-0.278480;0.689420
4.353000;0.256040;-0.291080;0.697660
4.353500;0.327840;-0.294820;0.706290
4.354000;0.400820;-0.296990;0.695300
4.354500;0.463800;-0.304160;0.666110
4.355000;0.519590;-0.308070;0.616740
4.355500;0.554640;-0.299410;0.557450
4.356000;0.583400;-0.302140;0.512770
4.356500;0.593430;-0.307360;0.475190
4.357000;0.600330;-0.295230;0.412740
4.357500;0.589860;-0.283030;0.351060
4.358000;0.587730;-0.332620;0.295860
4.358500;0.582940;-0.305180;0.290360
4.359000;0.539660;-0.300410;0.251270
4.359500;0.509430;-0.315150;0.268840
4.360000;0.468720;-0.310420;0.282020
4.360500;0.406960;-0.275520;0.293620
4.361000;0.338570;-0.277060;0.298510
4.361500;0.284610;-0.289920;0.327720
4.362000;0.206690;-0.266320;0.363650
4.362500;0.156060;-0.261620;0.403140
4.363000;0.112560;-0.259910;0.426050
4.363500;0.086700;-0.264380;0.406650
4.364000;0.075264;-0.263570;0.394740
4.364500;0.066673;-0.263790;0.348900
4.365000;0.075470;-0.267860;0.327100
4.365500;0.092642;-0.281940;0.285610
4.366000;0.103800;-0.286770;0.254210
4.366500;0.093212;-0.281590;0.214950
4.367000;0.084799;-0.289020;0.194010
4.367500;0.084366;-0.289750;0.201640
4.368000;0.059791;-0.293190;0.221790
4.368500;0.008080;-0.285150;0.263880
4.369000;-0.019078;-0.284920;0.297440
4.369500;-0.052151;-0.286250;0.333750
4.370000;-0.079165;-0.285310;0.360430
4.370500;-0.124490;-0.276940;0.403330
4.371000;-0.172070;-0.295020;0.441950
4.371500;-0.221810;-0.295380;0.505330
4.372000;-0.293050;-0.301720;0.533630
4.372500;-0.367920;-0.315200;0.561890
4.373000;-0.427680;-0.330140;0.579890
4.373500;-0.471800;-0.339740;0.610550
4.374000;-0.513200;-0.340200;0.634030
4.374500;-0.523330;-0.343770;0.639630
4.375000;-0.519440;-0.344200;0.635030
4.375500;-0.495790;-0.336050;0.616510
4.376000;-0.456580;-0.327270;0.604380
4.376500;-0.418560;-0.313560;0.597910
4.377000;-0.364980;-0.304120;0.596440
4.377500;-0.310570;-0.290670;0.586970
4.378000;-0.271020;-0.274800;0.568640
4.378500;-0.218820;-0.265590;0.543810
4.379000;-0.176180;-0.257600;0.527770
4.379500;-0.140550;-0.253360;0.504630
4.380000;-0.118770;-0.252160;0.486080
4.380500;-0.092576;-0.249780;0.461960
4.381000;-0.074465;-0.244640;0.440220
4.381500;-0.057923;-0.247330;0.434590
4.382000;-0.065709;-0.241120;0.445850
4.382500;-0.070285;-0.221790;0.467340
4.383000;-0.064816;-0.207260;0.491340
4.383500;-0.073815;-0.195170;0.519280
4.384000;-0.071890;-0.177200;0.542180
4.384500;-0.068070;-0.164420;0.560070
4.385000;-0.047079;-0.156140;0.567930
4.385500;-0.027598;-0.154560;0.571180
4.386000;-0.004908;-0.156710;0.577380
4.386500;0.033661;-0.157580;0.571290
4.387000;0.074134;-0.157670;0.562840
4.387500;0.126270;-0.158600;0.545730
4.388000;0.185500;-0.150400;0.513930
4.388500;0.250320;-0.149150;0.465030
4.389000;0.309560;-0.147360;0.417270
4.389500;0.350150;-0.129620;0.350130
4.390000;0.366420;-0.102820;0.268700
4.390500;0.393710;-0.080899;0.190940
4.391000;0.396050;-0.062852;0.113080
4.391500;0.398040;-0.051119;0.038285
4.392000;0.416920;-0.048981;-0.047281
4.392500;0.434060;-0.051530;-0.132450
4.393000;0.442850;-0.051295;-0.197610
4.393500;0.434020;-0.061631;-0.244690
4.394000;0.424330;-0.073406;-0.290130
4.394500;0.398490;-0.083930;-0.336710
4.395000;0.361100;-0.083561;-0.384920
4.395500;0.327660;-0.088448;-0.444140
4.396000;0.304950;-0.103040;-0.485190
4.396500;0.290050;-0.114570;-0.514660
4.397000;0.273880;-0.124900;-0.522630
4.397500;0.258590;-0.124900;-0.530290
4.398000;0.226830;-0.138640;-0.519240
4.398500;0.186510;-0.161200;-0.503150
4.399000;0.111210;-0.211590;-0.491920
4.399500;0.004342;-0.230490;-0.437790
4.400000;-0.103000;-0.234330;-0.405170
4.400500;-0.159770;-0.371360;-0.355090
4.401000;-0.327620;-0.268550;-0.302410
4.401500;-0.315900;-0.343860;-0.294100
4.402000;-0.414810;-0.273280;-0.296700
4.402500;-0.426860;-0.348200;-0.315510
4.403000;-0.380940;-0.396900;-0.250480
4.403500;-0.405800;-0.318910;-0.320390
4.404000;-0.376460;-0.338490;-0.308580
4.404500;-0.309360;-0.394150;-0.261130
4.405000;-0.312060;-0.350450;-0.279180
4.405500;-0.300320;-0.288090;-0.248300
4.406000;-0.208920;-0.336760;-0.174250
4.406500;-0.178610;-0.289690;-0.107860
4.407000;-0.150480;-0.274510;-0.085244
4.407500;-0.112140;-0.265140;-0.012338
4.408000;-0.075989;-0.257350;0.041852
4.408500;-0.057948;-0.239390;0.108460
4.409000;-0.043669;-0.240010;0.205960
4.409500;-0.027876;-0.224260;0.319010
4.410000;-0.063830;-0.186650;0.405520
4.410500;-0.068263;-0.190880;0.526270
4.411000;-0.088633;-0.159610;0.611150
4.411500;-0.132970;-0.131080;0.676390
4.412000;-0.126630;-0.163090;0.804840
4.412500;-0.143290;-0.115650;0.862460
4.413000;-0.172060;-0.080192;0.896050
4.413500;-0.147690;-0.097410;0.946000
4.414000;-0.147950;-0.062768;0.957160
4.414500;-0.127480;-0.037139;0.945420
4.415000;-0.048278;-0.054129;0.933370
4.415500;0.021915;-0.030723;0.875370
4.416000;0.102530;-0.016425;0.821060
4.416500;0.188970;-0.010476;0.784450
4.417000;0.256360;-0.000593;0.733730
4.417500;0.324970;0.006683;0.698160
4.418000;0.354150;0.016501;0.664550
4.418500;0.348990;0.030037;0.655190
4.419000;0.331150;0.041590;0.632440
4.419500;0.277900;0.049172;0.636180
4.420000;0.227420;0.047401;0.645630
4.420500;0.144960;0.057703;0.648820
4.421000;0.036991;0.040319;0.664980
4.421500;-0.052856;0.021360;0.709970
4.422000;-0.147350;0.009088;0.750650
4.422500;-0.231330;-0.003436;0.822070
4.423000;-0.302430;-0.007891;0.866680
4.423500;-0.333240;-0.024520;0.888880
4.424000;-0.325230;-0.055364;0.887240
4.424500;-0.288120;-0.062974;0.853750
4.425000;-0.232650;-0.065080;0.817330
4.425500;-0.147280;-0.080526;0.760220
4.426000;-0.056354;-0.094350;0.702560
4.426500;0.028931;-0.104980;0.638540
4.427000;0.103490;-0.105230;0.588710
4.427500;0.181550;-0.121790;0.557560
4.428000;0.231490;-0.110300;0.555210
4.428500;0.279570;-0.133530;0.556830
4.429000;0.309080;-0.153030;0.591990
4.429500;0.307190;-0.126330;0.608810
4.430000;0.324080;-0.160890;0.628530
4.430500;0.291870;-0.230700;0.644260
4.431000;0.275120;-0.195250;0.697460
4.431500;0.212230;-0.193670;0.662710
4.432000;0.190090;-0.219710;0.679360
4.432500;0.168160;-0.218620;0.682210
4.433000;0.134730;-0.166440;0.629650
4.433500;0.152270;-0.169490;0.602320
4.434000;0.169580;-0.168600;0.569430
4.434500;0.172200;-0.131550;0.537880
4.435000;0.186550;-0.109580;0.501760
4.435500;0.216070;-0.114510;0.500630
4.436000;0.222900;-0.078995;0.503890
4.436500;0.233700;-0.068576;0.499220
4.437000;0.234370;-0.053621;0.501610
4.437500;0.234000;-0.055088;0.471190
4.438000;0.212690;-0.038823;0.436540
4.438500;0.198160;-0.046087;0.408030
4.439000;0.171660;-0.029116;0.384380
4.439500;0.141860;-0.037335;0.362110
4.440000;0.107600;-0.043872;0.354750
4.440500;0.052453;-0.018988;0.336810
4.441000;0.019304;-0.032318;0.361640
4.441500;-0.007583;-0.017903;0.407530
4.442000;-0.043281;-0.002696;0.447220
4.442500;-0.054061;-0.007324;0.492000
4.443000;-0.064214;-0.006805;0.528430
4.443500;-0.073352;0.001448;0.570180
4.444000;-0.087963;0.008747;0.630120
4.444500;-0.091354;-0.002378;0.693870
4.445000;-0.138430;-0.003685;0.753600
4.445500;-0.187980;-0.016769;0.806880
4.446000;-0.248190;-0.015837;0.846590
4.446500;-0.310890;-0.024647;0.861740
4.447000;-0.376320;-0.037150;0.881450
4.447500;-0.424610;-0.071261;0.896100
4.448000;-0.385670;-0.060523;0.847240
4.448500;-0.294020;-0.072844;0.767170
4.449000;-0.326070;-0.105170;0.836680
4.449500;-0.449480;-0.129270;0.881290
4.450000;-0.511430;-0.148570;0.916890
4.450500;-0.520400;-0.149450;0.976930
4.451000;-0.553900;-0.160140;1.003600
4.451500;-0.601670;-0.165190;1.007400
4.452000;-0.637880;-0.158220;1.056400
4.452500;-0.602090;-0.147770;1.013700
4.453000;-0.541930;-0.124910;0.935130
4.453500;-0.474070;-0.113030;0.841250
4.454000;-0.407820;-0.071944;0.779790
4.454500;-0.351860;-0.049786;0.665550
4.455000;-0.283310;-0.043785;0.578690
4.455500;-0.206790;-0.021707;0.494930
4.456000;-0.138200;-0.003604;0.425960
4.456500;-0.067526;0.012864;0.366290
4.457000;-0.006099;0.014981;0.347570
4.457500;0.019804;0.022432;0.365260
4.458000;0.060326;0.013337;0.378330
4.458500;0.077957;0.014441;0.402480
4.459000;0.092005;0.008582;0.420860
4.459500;0.118810;-0.002781;0.418720
4.460000;0.128590;-0.000087;0.413220
4.460500;0.132260;-0.008380;0.394030
4.461000;0.136920;-0.023089;0.375020
4.461500;0.133860;-0.038097;0.349720
4.462000;0.139740;-0.035246;0.332640
4.462500;0.162220;-0.051512;0.328700
4.463000;0.194760;-0.058655;0.332420
4.463500;0.218690;-0.076666;0.333180
4.464000;0.259970;-0.101620;0.337260
4.464500;0.290430;-0.116330;0.323880
4.465000;0.317010;-0.124510;0.304500
4.465500;0.351420;-0.139220;0.277100
4.466000;0.366000;-0.156530;0.233420
4.466500;0.360850;-0.167690;0.204060
4.467000;0.360280;-0.179450;0.157860
4.467500;0.338140;-0.175180;0.124200
4.468000;0.331120;-0.205170;0.084319
4.468500;0.323640;-0.210760;0.055889
4.469000;0.310010;-0.186510;0.022829
4.469500;0.329880;-0.241340;0.024947
4.470000;0.289070;-0.246730;0.033104
4.470500;0.265950;-0.247180;0.053745
4.471000;0.184610;-0.231900;0.044607
4.471500;0.102050;-0.261400;0.063406
4.472000;0.031068;-0.294090;0.108020
4.472500;-0.083279;-0.257090;0.120650
4.473000;-0.155810;-0.291630;0.159430
4.473500;-0.219000;-0.309990;0.206290
4.474000;-0.289570;-0.307330;0.217520
4.474500;-0.317690;-0.314490;0.232110
4.475000;-0.326520;-0.319320;0.249070
4.475500;-0.328830;-0.304800;0.263720
4.476000;-0.319740;-0.298690;0.255600
4.476500;-0.302870;-0.297620;0.271290
4.477000;-0.256020;-0.289270;0.253410
4.477500;-0.218390;-0.293700;0.266080
4.478000;-0.179810;-0.297430;0.263870
4.478500;-0.167210;-0.253950;0.260260
4.479000;-0.141620;-0.262560;0.266950
4.479500;-0.119900;-0.260490;0.296210
4.480000;-0.129510;-0.234900;0.309540
4.480500;-0.124030;-0.245830;0.321930
4.481000;-0.108690;-0.266580;0.355440
4.481500;-0.133800;-0.249770;0.376260
4.482000;-0.157650;-0.237890;0.403920
4.482500;-0.141110;-0.258490;0.442110
4.483000;-0.126310;-0.244750;0.429740
4.483500;-0.107650;-0.221640;0.415760
4.484000;-0.050252;-0.231550;0.385170
4.484500;0.009717;-0.212510;0.354350
4.485000;0.068052;-0.208330;0.330730
4.485500;0.134170;-0.198220;0.310150
4.486000;0.182730;-0.174720;0.274180
4.486500;0.237570;-0.172320;0.239070
4.487000;0.281430;-0.165840;0.219230
4.487500;0.286470;-0.141210;0.177270
4.488000;0.317340;-0.137100;0.122900
4.488500;0.332410;-0.146640;0.064105
4.489000;0.290030;-0.144450;0.011620
4.489500;0.239900;-0.143880;-0.086241
4.490000;0.263700;-0.154370;-0.202930
4.490500;0.310740;-0.162130;-0.288640
4.491000;0.325550;-0.156400;-0.349460
4.491500;0.358590;-0.151290;-0.392000
4.492000;0.407570;-0.158640;-0.432160
4.492500;0.463720;-0.170450;-0.465900
4.493000;0.500620;-0.173200;-0.500240
4.493500;0.482240;-0.178910;-0.485340
4.494000;0.457360;-0.197210;-0.433310
4.494500;0.409920;-0.222930;-0.381680
4.495000;0.326290;-0.226010;-0.341230
4.495500;0.238650;-0.245510;-0.315530
4.496000;0.155510;-0.294000;-0.265800
4.496500;0.032116;-0.324190;-0.221090
4.497000;-0.094632;-0.342680;-0.185800
4.497500;-0.177810;-0.379060;-0.149450
4.498000;-0.233990;-0.419340;-0.116470
4.498500;-0.263470;-0.440650;-0.080621
4.499000;-0.270730;-0.454260;-0.069942
4.499500;-0.260260;-0.447630;-0.066401
4.500000;-0.212000;-0.444550;-0.072983
4.500500;-0.142910;-0.467290;-0.061258
4.501000;-0.070190;-0.467670;-0.058470
4.501500;0.003720;-0.471630;-0.073921
4.502000;0.093847;-0.469450;-0.056910
4.502500;0.138270;-0.489940;-0.063608
4.503000;0.172950;-0.498620;-0.020257
4.503500;0.193180;-0.531270;0.034745
4.504000;0.165310;-0.528370;0.107840
4.504500;0.106590;-0.543870;0.183600
4.505000;0.028248;-0.564210;0.258670
4.505500;-0.055370;-0.558090;0.313100
4.506000;-0.129300;-0.579890;0.371590
4.506500;-0.216990;-0.586200;0.415710
4.507000;-0.292910;-0.569260;0.445950
4.507500;-0.316610;-0.580030;0.475170
4.508000;-0.345370;-0.566400;0.486190
4.508500;-0.350420;-0.564370;0.475380
4.509000;-0.312440;-0.566780;0.471840
4.509500;-0.285130;-0.545030;0.460770
4.510000;-0.262640;-0.523690;0.473540
4.510500;-0.219420;-0.528760;0.507260
4.511000;-0.167350;-0.523270;0.549270
4.511500;-0.140880;-0.512730;0.588870
4.512000;-0.105800;-0.503370;0.616030
4.512500;-0.059089;-0.499840;0.638610
4.513000;-0.014872;-0.475710;0.651770
4.513500;0.014636;-0.465850;0.671070
4.514000;0.044420;-0.457330;0.665330
4.514500;0.068271;-0.449650;0.610480
4.515000;0.066582;-0.434950;0.540760
4.515500;0.026500;-0.414490;0.490880
4.516000;-0.021498;-0.401950;0.463140
4.516500;-0.043622;-0.388210;0.428260
4.517000;-0.039743;-0.370160;0.392630
4.517500;-0.012562;-0.350610;0.344430
4.518000;0.044555;-0.331340;0.285920
4.518500;0.108210;-0.311200;0.257910
4.519000;0.200370;-0.291750;0.252110
4.519500;0.279500;-0.287310;0.292530
4.520000;0.329410;-0.280180;0.341840
4.520500;0.361580;-0.273330;0.408510
4.521000;0.372990;-0.273330;0.469080
4.521500;0.330740;-0.268570;0.519640
4.522000;0.270850;-0.258170;0.576150
4.522500;0.208720;-0.260820;0.639830
4.523000;0.139480;-0.262680;0.683520
4.523500;0.074355;-0.269090;0.692610
4.524000;0.022374;-0.278000;0.661470
4.524500;-0.010137;-0.297090;0.627540
4.525000;-0.047747;-0.291210;0.595490
4.525500;-0.072331;-0.277780;0.556870
4.526000;-0.075908;-0.266410;0.508900
4.526500;-0.065196;-0.249770;0.448340
4.527000;-0.039234;-0.230120;0.397760
4.527500;0.014129;-0.222380;0.347420
4.528000;0.051771;-0.193860;0.289050
4.528500;0.099396;-0.184630;0.234410
4.529000;0.121390;-0.172170;0.178220
4.529500;0.118960;-0.165800;0.123030
4.530000;0.079254;-0.155550;0.094950
4.530500;-0.001357;-0.147330;0.065540
4.531000;-0.093931;-0.145410;0.065190
4.531500;-0.201890;-0.161420;0.079426
4.532000;-0.294100;-0.169390;0.108130
4.532500;-0.356520;-0.179680;0.131370
4.533000;-0.395910;-0.177250;0.159240
4.533500;-0.436900;-0.169760;0.181030
4.534000;-0.447890;-0.170670;0.199830
4.534500;-0.455860;-0.142440;0.204940
4.535000;-0.439490;-0.123620;0.204610
4.535500;-0.382550;-0.110500;0.195890
4.536000;-0.325970;-0.094479;0.165690
4.536500;-0.236640;-0.092159;0.140130
4.537000;-0.143560;-0.089192;0.102250
4.537500;-0.053869;-0.087932;0.072774
4.538000;0.031040;-0.092187;0.046999
4.538500;0.083257;-0.087125;0.001713
4.539000;0.118420;-0.080558;-0.047036
4.539500;0.140680;-0.087502;-0.089317
4.540000;0.129520;-0.089308;-0.118810
4.540500;0.123530;-0.085676;-0.133750
4.541000;0.109150;-0.095691;-0.142450
4.541500;0.084894;-0.094637;-0.131980
4.542000;0.064851;-0.092203;-0.123480
4.542500;0.027652;-0.082484;-0.104470
4.543000;0.005493;-0.085061;-0.070660
4.543500;-0.016641;-0.087501;-0.025383
4.544000;-0.035675;-0.093166;0.013676
4.544500;-0.064283;-0.089770;0.057820
4.545000;-0.087367;-0.095388;0.094272
4.545500;-0.109840;-0.098483;0.114910
4.546000;-0.134100;-0.097762;0.122810
4.546500;-0.170070;-0.083627;0.113710
4.547000;-0.199610;-0.071500;0.076525
4.547500;-0.204220;-0.066371;0.021575
4.548000;-0.208100;-0.067924;-0.051491
4.548500;-0.215170;-0.062353;-0.126740
4.549000;-0.220880;-0.061625;-0.176160
4.549500;-0.219910;-0.055330;-0.208840
4.550000;-0.223440;-0.041069;-0.218820
4.550500;-0.224510;-0.025057;-0.225780
4.551000;-0.214230;-0.028119;-0.227300
4.551500;-0.171480;-0.033238;-0.209500
4.552000;-0.136610;-0.034380;-0.175290
4.552500;-0.108510;-0.041248;-0.130350
4.553000;-0.089458;-0.040787;-0.095914
4.553500;-0.090812;-0.029553;-0.074329
4.554000;-0.121640;-0.016327;-0.051121
4.554500;-0.165030;-0.000803;-0.038666
4.555000;-0.220980;0.008158;-0.021065
4.555500;-0.271470;0.015733;0.006669
4.556000;-0.308230;0.048942;0.022966
4.556500;-0.327260;0.048096;0.025879
4.557000;-0.336590;0.065228;0.017731
4.557500;-0.342220;0.062977;0.014789
4.558000;-0.331710;0.061827;0.013332
4.558500;-0.329810;0.070565;0.022899
4.559000;-0.312540;0.069734;0.024862
4.559500;-0.267630;0.058719;0.006482
4.560000;-0.223320;0.059093;-0.015560
4.560500;-0.171370;0.057562;-0.036765
4.561000;-0.084223;0.002486;-0.044190
4.561500;-0.046688;0.066387;-0.037061
4.562000;0.073089;0.033555;-0.058153
4.562500;0.120340;0.064993;-0.092269
4.563000;0.174370;0.049171;-0.107340
4.563500;0.248920;0.010586;-0.096937
4.564000;0.234120;0.055499;-0.133580
4.564500;0.228940;0.052233;-0.132200
4.565000;0.223240;0.047545;-0.128690
4.565500;0.201320;0.075888;-0.153410
4.566000;0.192360;0.081025;-0.157430
4.566500;0.198920;0.086178;-0.187230
4.567000;0.196670;0.091608;-0.216810
4.567500;0.194470;0.084302;-0.244010
4.568000;0.177850;0.089565;-0.246330
4.568500;0.151410;0.062539;-0.223580
4.569000;0.119560;0.052151;-0.166040
4.569500;0.056807;0.052352;-0.094026
4.570000;-0.010181;0.030513;0.008702
4.570500;-0.063466;0.010515;0.105040
4.571000;-0.112770;-0.021062;0.218090
4.571500;-0.167990;-0.015104;0.334640
4.572000;-0.211470;-0.021888;0.412040
4.572500;-0.206910;-0.090272;0.509760
4.573000;-0.260580;-0.065169;0.584650
4.573500;-0.253360;-0.072498;0.660040
4.574000;-0.279330;-0.078431;0.709650
4.574500;-0.241730;-0.119980;0.772200
4.575000;-0.179220;-0.140880;0.856110
4.575500;-0.174000;-0.073984;0.874570
4.576000;-0.136970;-0.096868;0.947480
4.576500;-0.099251;-0.138730;1.043200
4.577000;-0.095418;-0.127870;1.100300
4.577500;-0.107330;-0.124680;1.179200
4.578000;-0.095349;-0.139790;1.225400
4.578500;-0.130540;-0.109080;1.230500
4.579000;-0.163680;-0.108980;1.209400
4.579500;-0.225350;-0.065750;1.164300
4.580000;-0.273020;-0.036107;1.077000
4.580500;-0.277390;-0.010475;0.975590
4.581000;-0.273550;0.019606;0.861150
4.581500;-0.251150;0.046849;0.760920
4.582000;-0.193540;0.067311;0.660020
4.582500;-0.109600;0.074110;0.592620
4.583000;-0.026457;0.075105;0.544750
4.583500;0.018901;0.086986;0.507290
4.584000;0.064342;0.094929;0.502170
4.584500;0.079640;0.118100;0.505330
4.585000;0.065004;0.117290;0.509240
4.585500;0.046915;0.104290;0.525160
4.586000;0.009663;0.097415;0.510370
4.586500;-0.039478;0.102570;0.464340
4.587000;-0.069155;0.090891;0.373030
4.587500;-0.078076;0.092699;0.244580
4.588000;-0.072715;0.097195;0.095650
4.588500;-0.050750;0.100140;-0.043355
4.589000;-0.011607;0.109560;-0.181540
4.589500;0.033013;0.132720;-0.314320
4.590000;0.086009;0.146480;-0.425940
4.590500;0.153420;0.144450;-0.517410
4.591000;0.216080;0.156310;-0.622880
4.591500;0.297440;0.171430;-0.724690
4.592000;0.415370;0.153980;-0.831910
4.592500;0.526420;0.160110;-0.908000
4.593000;0.614700;0.151760;-0.988270
4.593500;0.678780;0.150400;-1.053100
4.594000;0.705370;0.132160;-1.119900
4.594500;0.681440;0.139740;-1.143500
4.595000;0.605700;0.141550;-1.135100
4.595500;0.502070;0.137090;-1.094900
4.596000;0.395050;0.135250;-1.032100
4.596500;0.278580;0.149230;-0.991030
4.597000;0.158440;0.153390;-0.970600
4.597500;0.080639;0.145140;-0.961070
4.598000;0.018340;0.131780;-0.957930
4.598500;-0.055504;0.133320;-0.943600
4.599000;-0.105530;0.132280;-0.943610
4.599500;-0.131370;0.128250;-0.941710
4.600000;-0.123210;0.120950;-0.963400
4.600500;-0.102540;0.129530;-0.973510
4.601000;-0.068137;0.141380;-0.991590
4.601500;-0.014656;0.136790;-0.986370
4.602000;0.036399;0.141520;-0.976810
4.602500;0.086284;0.129670;-0.969820
4.603000;0.107670;0.116260;-0.960420
4.603500;0.092987;0.128030;-0.927100
4.604000;0.040871;0.140060;-0.859130
4.604500;-0.044458;0.133350;-0.754240
4.605000;-0.161010;0.153650;-0.640430
4.605500;-0.271010;0.159350;-0.542140
4.606000;-0.355670;0.165270;-0.468550
4.606500;-0.434810;0.156280;-0.395080
4.607000;-0.497120;0.161130;-0.326770
4.607500;-0.550140;0.177170;-0.264990
4.608000;-0.594180;0.172530;-0.200180
4.608500;-0.635000;0.189700;-0.155000
4.609000;-0.670040;0.214230;-0.114010
4.609500;-0.675310;0.211570;-0.055919
4.610000;-0.658870;0.225380;-0.015437
4.610500;-0.659410;0.244320;-0.011877
4.611000;-0.611420;0.268210;-0.028809
4.611500;-0.542560;0.243000;-0.039387
4.612000;-0.525210;0.278650;-0.079112
4.612500;-0.462200;0.276880;-0.125840
4.613000;-0.410460;0.275460;-0.180980
4.613500;-0.366160;0.299450;-0.242780
4.614000;-0.311430;0.287600;-0.304750
4.614500;-0.252630;0.295920;-0.348510
4.615000;-0.182000;0.303280;-0.395730
4.615500;-0.109590;0.299380;-0.427310
4.616000;-0.043681;0.282270;-0.456860
4.616500;0.012676;0.250690;-0.470290
4.617000;0.051611;0.222090;-0.474730
4.617500;0.037864;0.208770;-0.472340
4.618000;-0.005559;0.195750;-0.447640
4.618500;-0.079450;0.193800;-0.421440
4.619000;-0.145960;0.172190;-0.369910
4.619500;-0.225870;0.164870;-0.327760
4.620000;-0.320340;0.174430;-0.307100
4.620500;-0.384090;0.162660;-0.277630
4.621000;-0.435860;0.145290;-0.259100
4.621500;-0.504350;0.146280;-0.223580
4.622000;-0.542900;0.126590;-0.185380
4.622500;-0.588360;0.115100;-0.138270
4.623000;-0.627690;0.101250;-0.094165
4.623500;-0.641080;0.075145;-0.031546
4.624000;-0.652450;0.058318;0.014457
4.624500;-0.635550;0.033088;0.034641
4.625000;-0.591560;0.010303;0.041994
4.625500;-0.529830;-0.011576;0.028198
4.626000;-0.449230;-0.024941;0.002139
4.626500;-0.393810;-0.041602;-0.041000
4.627000;-0.349020;-0.031411;-0.076806
4.627500;-0.302860;-0.031996;-0.123450
4.628000;-0.267050;-0.038322;-0.171060
4.628500;-0.274980;0.062808;-0.206230
4.629000;-0.216580;0.050296;-0.275730
4.629500;-0.207590;0.110140;-0.310010
4.630000;-0.179880;0.132150;-0.338350
4.630500;-0.093537;0.116120;-0.310990
4.631000;-0.067458;0.177450;-0.306270
4.631500;-0.040796;0.175780;-0.267510
4.632000;-0.038420;0.171880;-0.207870
4.632500;-0.072186;0.181100;-0.173000
4.633000;-0.140370;0.199420;-0.088824
4.633500;-0.175600;0.188530;-0.008932
4.634000;-0.228480;0.199300;0.058264
4.634500;-0.266060;0.205760;0.076871
4.635000;-0.286300;0.199260;0.085559
4.635500;-0.308930;0.187920;0.062478
4.636000;-0.290220;0.175160;0.047059
4.636500;-0.293540;0.181370;0.021849
4.637000;-0.268570;0.177440;-0.002743
4.637500;-0.212080;0.162640;-0.048098
4.638000;-0.142240;0.164580;-0.110130
4.638500;-0.047067;0.167530;-0.178620
4.639000;0.070621;0.153660;-0.271920
4.639500;0.215800;0.136670;-0.347050
4.640000;0.347900;0.153010;-0.438840
4.640500;0.470890;0.158270;-0.536490
4.641000;0.581250;0.147650;-0.597880
4.641500;0.653640;0.170420;-0.644240
4.642000;0.698600;0.184750;-0.645700
4.642500;0.734800;0.190840;-0.632460
4.643000;0.718700;0.218920;-0.608060
4.643500;0.667500;0.245250;-0.591880
4.644000;0.599390;0.244740;-0.560600
4.644500;0.495290;0.259960;-0.514180
4.645000;0.370840;0.268850;-0.473220
4.645500;0.253530;0.270760;-0.413900
4.646000;0.119640;0.268630;-0.367490
4.646500;0.006481;0.268960;-0.334840
4.647000;-0.093456;0.272410;-0.309700
4.647500;-0.160240;0.259430;-0.289280
4.648000;-0.174100;0.250020;-0.248890
4.648500;-0.163750;0.261730;-0.253360
4.649000;-0.126090;0.261200;-0.274840
4.649500;-0.038342;0.239840;-0.304320
4.650000;0.035690;0.260160;-0.329180
4.650500;0.115990;0.277590;-0.341940
4.651000;0.218120;0.226530;-0.339690
4.651500;0.281060;0.250360;-0.308890
4.652000;0.275500;0.271220;-0.340330
4.652500;0.277610;0.257690;-0.339090
4.653000;0.264660;0.256440;-0.337520
4.653500;0.222890;0.274580;-0.349480
4.654000;0.157260;0.265090;-0.348390
4.654500;0.084073;0.250010;-0.363100
4.655000;-0.001473;0.267590;-0.388720
4.655500;-0.058299;0.262570;-0.405770
4.656000;-0.108250;0.257660;-0.405080
4.656500;-0.190990;0.276020;-0.395380
4.657000;-0.232110;0.276840;-0.376470
4.657500;-0.265820;0.289200;-0.355220
4.658000;-0.310390;0.311020;-0.347070
4.658500;-0.337400;0.316680;-0.341660
4.659000;-0.349590;0.312030;-0.324460
4.659500;-0.392490;0.331330;-0.339110
4.660000;-0.432330;0.325150;-0.344880
4.660500;-0.469370;0.318370;-0.353510
4.661000;-0.511540;0.331800;-0.396720
4.661500;-0.548970;0.302400;-0.429330
4.662000;-0.583930;0.282690;-0.473520
4.662500;-0.631380;0.269840;-0.537590
4.663000;-0.653600;0.227850;-0.571980
4.663500;-0.660520;0.197010;-0.584750
4.664000;-0.663040;0.190410;-0.594030
4.664500;-0.650630;0.176550;-0.599330
4.665000;-0.645960;0.170020;-0.585910
4.665500;-0.624710;0.174090;-0.565120
4.666000;-0.569900;0.167560;-0.531460
4.666500;-0.498810;0.161290;-0.479110
4.667000;-0.437630;0.173470;-0.442500
4.667500;-0.389440;0.169810;-0.392600
4.668000;-0.364060;0.166890;-0.327520
4.668500;-0.354520;0.167730;-0.270410
4.669000;-0.365700;0.176850;-0.208680
4.669500;-0.388580;0.177630;-0.155690
4.670000;-0.427490;0.185860;-0.105540
4.670500;-0.455210;0.186250;-0.060873
4.671000;-0.478210;0.179090;-0.005462
4.671500;-0.511930;0.187410;0.041558
4.672000;-0.532160;0.197090;0.079464
4.672500;-0.543520;0.195210;0.116940
4.673000;-0.538840;0.212450;0.143880
4.673500;-0.520880;0.245210;0.150800
4.674000;-0.478510;0.272400;0.150490
4.674500;-0.398340;0.273230;0.149760
4.675000;-0.306030;0.295040;0.137690
4.675500;-0.193600;0.310560;0.102340
4.676000;-0.066916;0.325140;0.066883
4.676500;0.062514;0.337570;0.018210
4.677000;0.185180;0.342840;-0.027793
4.677500;0.277760;0.361820;-0.064220
4.678000;0.364400;0.381770;-0.117920
4.678500;0.440070;0.395640;-0.149100
4.679000;0.498680;0.407760;-0.178440
4.679500;0.544470;0.433040;-0.211990
4.680000;0.561070;0.440660;-0.241310
4.680500;0.584580;0.445170;-0.271400
4.681000;0.571540;0.510650;-0.305320
4.681500;0.536870;0.519580;-0.340910
4.682000;0.494630;0.529680;-0.370110
4.682500;0.449690;0.534450;-0.376690
4.683000;0.403910;0.550130;-0.378880
4.683500;0.365720;0.538790;-0.389000
4.684000;0.345780;0.520530;-0.364640
4.684500;0.322490;0.503250;-0.356830
4.685000;0.306570;0.483990;-0.358380
4.685500;0.285010;0.464710;-0.344930
4.686000;0.270870;0.451030;-0.347460
4.686500;0.253230;0.439620;-0.325530
4.687000;0.230010;0.431180;-0.340160
4.687500;0.219560;0.428720;-0.358390
4.688000;0.216310;0.413380;-0.382920
4.688500;0.259210;0.413210;-0.402030
4.689000;0.287280;0.459460;-0.458850
4.689500;0.366620;0.411410;-0.550510
4.690000;0.460320;0.360340;-0.657330
4.690500;0.499860;0.478690;-0.773000
4.691000;0.637390;0.495610;-0.862330
4.691500;0.714430;0.298870;-1.006100
4.692000;0.788500;0.374330;-0.955630
4.692500;0.783260;0.344200;-1.090600
4.693000;0.816660;0.309400;-1.073600
4.693500;0.770890;0.330660;-1.016100
4.694000;0.697520;0.359230;-0.977170
4.694500;0.587670;0.369960;-0.917310
4.695000;0.450360;0.343390;-0.863330
4.695500;0.290360;0.341610;-0.811130
4.696000;0.136030;0.324510;-0.785690
4.696500;-0.000140;0.284280;-0.753910
4.697000;-0.172130;0.277300;-0.742280
4.697500;-0.284220;0.251200;-0.713830
4.698000;-0.397780;0.224600;-0.752220
4.698500;-0.444450;0.223260;-0.738970
4.699000;-0.462320;0.189470;-0.743920
4.699500;-0.419920;0.174880;-0.724610
4.700000;-0.359290;0.179830;-0.701660
4.700500;-0.222520;0.130880;-0.662300
4.701000;-0.086495;0.118570;-0.596820
4.701500;0.006682;0.154730;-0.588530
4.702000;0.134230;0.125160;-0.550980
4.702500;0.232070;0.121660;-0.496600
4.703000;0.257210;0.169050;-0.483750
4.703500;0.267280;0.171520;-0.470080
4.704000;0.263300;0.164660;-0.449980
4.704500;0.208310;0.178730;-0.451930
4.705000;0.138240;0.172690;-0.418660
4.705500;0.045496;0.172540;-0.392370
4.706000;-0.068438;0.173130;-0.363540
4.706500;-0.163600;0.159380;-0.299230
4.707000;-0.265600;0.170100;-0.228100
4.707500;-0.361260;0.185680;-0.156670
4.708000;-0.430600;0.173950;-0.094623
4.708500;-0.485420;0.175250;-0.029723
4.709000;-0.534010;0.177370;0.015328
4.709500;-0.551940;0.185640;0.057627
4.710000;-0.549870;0.188660;0.049371
4.710500;-0.520220;0.191340;0.016467
4.711000;-0.472780;0.191540;-0.027104
4.711500;-0.403010;0.187530;-0.074372
4.712000;-0.349590;0.203050;-0.131460
4.712500;-0.273000;0.198340;-0.183540
4.713000;-0.186630;0.192980;-0.231250
4.713500;-0.119360;0.200870;-0.283840
4.714000;-0.043009;0.178860;-0.305860
4.714500;0.031174;0.169260;-0.326860
4.715000;0.086974;0.170780;-0.355500
4.715500;0.139110;0.160370;-0.380910
4.716000;0.183870;0.142690;-0.430860
4.716500;0.189980;0.138130;-0.453120
4.717000;0.191540;0.115960;-0.455550
4.717500;0.156910;0.103820;-0.434890
4.718000;0.099893;0.099666;-0.416340
4.718500;0.047890;0.088787;-0.385200
4.719000;-0.018690;0.074686;-0.354570
4.719500;-0.082330;0.062729;-0.328210
4.720000;-0.151600;0.048147;-0.298380
4.720500;-0.208460;0.034396;-0.256720
4.721000;-0.257830;0.029136;-0.210270
4.721500;-0.295800;0.016016;-0.161520
4.722000;-0.321790;0.008344;-0.111100
4.722500;-0.328610;-0.003267;-0.070640
4.723000;-0.331050;-0.017067;-0.013919
4.723500;-0.314710;-0.025456;0.040660
4.724000;-0.277490;-0.022560;0.067064
4.724500;-0.220620;-0.030430;0.068119
4.725000;-0.162540;-0.035516;0.067608
4.725500;-0.108560;-0.047250;0.059591
4.726000;-0.048835;-0.060779;0.077961
4.726500;-0.009979;-0.069403;0.085637
4.727000;-0.008668;-0.058988;0.092644
4.727500;-0.010593;-0.067317;0.088886
4.728000;-0.019960;-0.064006;0.086972
4.728500;-0.056799;-0.048466;0.076465
4.729000;-0.085487;-0.039668;0.068150
4.729500;-0.108710;-0.031415;0.039337
4.730000;-0.128420;-0.021109;-0.010184
4.730500;-0.137490;-0.012144;-0.064742
4.731000;-0.154350;0.002681;-0.116370
4.731500;-0.156340;0.020357;-0.140560
4.732000;-0.150130;0.023615;-0.162190
4.732500;-0.141350;0.027917;-0.169720
4.733000;-0.129340;0.034605;-0.182980
4.733500;-0.112910;0.033167;-0.194590
4.734000;-0.104120;0.029373;-0.195560
4.734500;-0.091422;0.011068;-0.189590
4.735000;-0.103620;-0.000869;-0.172730
4.735500;-0.121580;-0.008932;-0.157370
4.736000;-0.139510;-0.016016;-0.164640
4.736500;-0.150430;-0.032785;-0.182910
4.737000;-0.149000;-0.040153;-0.213260
4.737500;-0.134790;-0.047000;-0.243510
4.738000;-0.099923;-0.057390;-0.282620
4.738500;-0.038190;-0.068733;-0.332970
4.739000;0.030404;-0.067076;-0.398350
4.739500;0.105290;-0.070630;-0.449070
4.740000;0.193030;-0.067090;-0.485130
4.740500;0.268870;-0.062221;-0.531410
4.741000;0.335470;-0.046770;-0.552940
4.741500;0.376550;-0.022093;-0.587120
4.742000;0.415270;0.002412;-0.611260
4.742500;0.450680;0.009665;-0.636140
4.743000;0.470370;0.024460;-0.650910
4.743500;0.470090;0.037040;-0.664980
4.744000;0.447360;0.042900;-0.667830
4.744500;0.399480;0.043668;-0.665900
4.745000;0.322550;0.048203;-0.656970
4.745500;0.225750;0.049049;-0.629640
4.746000;0.122270;0.045492;-0.595700
4.746500;0.028468;0.044463;-0.572700
4.747000;-0.048859;0.030818;-0.545150
4.747500;-0.108350;0.024891;-0.522370
4.748000;-0.128290;0.016036;-0.505000
4.748500;-0.112060;0.004491;-0.491040
4.749000;-0.065938;0.008066;-0.497020
4.749500;0.008736;0.012124;-0.531050
4.750000;0.115010;0.024875;-0.581650
4.750500;0.223980;0.045640;-0.650020
4.751000;0.324840;0.065237;-0.718160
4.751500;0.418660;0.093397;-0.814290
4.752000;0.476070;0.128530;-0.919220
4.752500;0.509630;0.149570;-1.007700
4.753000;0.520510;0.165850;-1.082200
4.753500;0.487930;0.189620;-1.134600
4.754000;0.436450;0.204380;-1.166500
4.754500;0.366840;0.221090;-1.199300
4.755000;0.269140;0.227590;-1.232300
4.755500;0.196190;0.220820;-1.247600
4.756000;0.115040;0.212370;-1.265900
4.756500;0.017134;0.216740;-1.273600
4.757000;-0.054279;0.210200;-1.277100
4.757500;-0.090218;0.178690;-1.286900
4.758000;-0.150100;0.186140;-1.285100
4.758500;-0.166590;0.159300;-1.266000
4.759000;-0.194920;0.152910;-1.228000
4.759500;-0.201750;0.126440;-1.191100
4.760000;-0.175800;0.088592;-1.126800
4.760500;-0.175890;0.103490;-1.096700
4.761000;-0.151230;0.081829;-1.063100
4.761500;-0.108870;0.048643;-1.022200
4.762000;-0.063916;0.043514;-0.991220
4.762500;-0.030072;0.052399;-0.968560
4.763000;0.030694;0.044406;-0.953830
4.763500;0.098768;0.032235;-0.959640
4.764000;0.118890;0.033168;-0.979760
4.764500;0.144640;0.021846;-1.002100
4.765000;0.161710;0.011447;-1.012400
4.765500;0.128190;0.014455;-1.004900
4.766000;0.087203;-0.043761;-0.974900
4.766500;-0.006643;-0.029086;-0.906130
4.767000;-0.116400;0.030610;-0.850680
4.767500;-0.165850;-0.072197;-0.750690
4.768000;-0.306790;-0.022372;-0.647380
4.768500;-0.362280;-0.002024;-0.547650
4.769000;-0.486580;0.026723;-0.502740
4.769500;-0.561770;0.003079;-0.446800
4.770000;-0.551770;-0.023864;-0.364450
4.770500;-0.623860;0.055065;-0.382700
4.771000;-0.590550;-0.005046;-0.330330
4.771500;-0.545860;-0.028620;-0.275630
4.772000;-0.513410;0.006478;-0.269170
4.772500;-0.448670;0.009301;-0.252100
4.773000;-0.348990;0.003268;-0.257260
4.773500;-0.280230;0.042507;-0.274580
4.774000;-0.191250;0.049452;-0.299450
4.774500;-0.106920;0.067653;-0.317070
4.775000;-0.040283;0.091890;-0.364400
4.775500;0.020460;0.089994;-0.392720
4.776000;0.068365;0.095613;-0.430970
4.776500;0.098066;0.126850;-0.464730
4.777000;0.100810;0.122850;-0.491540
4.777500;0.098861;0.131250;-0.483550
4.778000;0.061070;0.169670;-0.500280
4.778500;0.021872;0.168820;-0.493790
4.779000;0.009090;0.142020;-0.453530
4.779500;-0.033017;0.172130;-0.437700
4.780000;-0.091446;0.181600;-0.392720
4.780500;-0.106660;0.153660;-0.323690
4.781000;-0.130480;0.179550;-0.276910
4.781500;-0.139340;0.195840;-0.218910
4.782000;-0.118150;0.189250;-0.157040
4.782500;-0.098326;0.201560;-0.127960
4.783000;-0.055101;0.185540;-0.090295
4.783500;-0.004862;0.174340;-0.053461
4.784000;0.025865;0.192250;-0.030874
4.784500;0.070080;0.186590;-0.019190
4.785000;0.109960;0.177650;-0.012998
4.785500;0.145540;0.189510;-0.043837
4.786000;0.164700;0.210530;-0.090352
4.786500;0.204000;0.213460;-0.136910
4.787000;0.249790;0.223580;-0.173920
4.787500;0.305010;0.227020;-0.201560
4.788000;0.377580;0.218370;-0.219490
4.788500;0.431160;0.228150;-0.242810
4.789000;0.472130;0.232950;-0.273230
4.789500;0.495750;0.243870;-0.276390
4.790000;0.496810;0.260870;-0.301210
4.790500;0.488280;0.269360;-0.324430
4.791000;0.497680;0.265590;-0.357530
4.791500;0.503740;0.269820;-0.400320
4.792000;0.490380;0.278240;-0.454110
4.792500;0.482170;0.270570;-0.481020
4.793000;0.448860;0.284180;-0.513320
4.793500;0.399400;0.295310;-0.533710
4.794000;0.350590;0.295470;-0.534210
4.794500;0.290600;0.305840;-0.526460
4.795000;0.222500;0.307520;-0.502490
4.795500;0.156770;0.298670;-0.458410
4.796000;0.091383;0.293740;-0.400250
4.796500;0.003395;0.281440;-0.321520
4.797000;-0.060310;0.258120;-0.228110
4.797500;-0.118320;0.243730;-0.163400
4.798000;-0.162390;0.221180;-0.121050
4.798500;-0.196290;0.210820;-0.091490
4.799000;-0.207340;0.200000;-0.073455
4.799500;-0.213670;0.197110;-0.043608
4.800000;-0.197030;0.192230;-0.014274
4.800500;-0.170410;0.190240;0.008511
4.801000;-0.149080;0.203160;0.012591
4.801500;-0.104330;0.209080;0.013496
4.802000;-0.075665;0.216220;0.018212
4.802500;-0.044098;0.238990;0.013437
4.803000;0.002897;0.248500;0.026940
4.803500;0.039458;0.266460;0.028210
4.804000;0.057932;0.274590;0.016636
4.804500;0.054498;0.280310;-0.006568
4.805000;0.037075;0.294640;-0.023000
4.805500;0.005186;0.296850;-0.028989
4.806000;-0.021954;0.307950;-0.016764
4.806500;-0.057952;0.318670;-0.007354
4.807000;-0.079657;0.335980;-0.010532
4.807500;-0.102680;0.348540;-0.022194
4.808000;-0.112290;0.349340;-0.020318
4.808500;-0.103060;0.362600;-0.009942
4.809000;-0.103720;0.369500;0.017205
4.809500;-0.093902;0.376870;0.036072
4.810000;-0.118580;0.398300;0.039004
4.810500;-0.118960;0.412120;0.010380
4.811000;-0.107240;0.406450;0.008139
4.811500;-0.099408;0.404260;0.001906
4.812000;-0.060683;0.400250;0.000173
4.812500;-0.022903;0.385900;-0.033387
4.813000;0.027537;0.389350;-0.096206
4.813500;0.083899;0.390000;-0.169280
4.814000;0.124250;0.394830;-0.245860
4.814500;0.157410;0.399640;-0.292880
4.815000;0.177330;0.407150;-0.333800
4.815500;0.189930;0.428710;-0.351460
4.816000;0.190920;0.434610;-0.390240
4.816500;0.176210;0.442990;-0.405370
4.817000;0.156990;0.449880;-0.396510
4.817500;0.133700;0.459700;-0.352890
4.818000;0.106250;0.468530;-0.298470
4.818500;0.071913;0.450080;-0.233270
4.819000;0.012811;0.443030;-0.168550
4.819500;-0.067571;0.445990;-0.123510
4.820000;-0.145060;0.439730;-0.071554
4.820500;-0.213980;0.430990;-0.034021
4.821000;-0.293130;0.424810;-0.006244
4.821500;-0.348560;0.417620;-0.004079
4.822000;-0.364210;0.405970;-0.050267
4.822500;-0.387120;0.416380;-0.119570
4.823000;-0.381210;0.425330;-0.207950
4.823500;-0.352640;0.417850;-0.280570
4.824000;-0.316300;0.439110;-0.348370
4.824500;-0.263190;0.466000;-0.430730
4.825000;-0.215960;0.484530;-0.514210
4.825500;-0.128660;0.496600;-0.594960
4.826000;-0.059141;0.531290;-0.662390
4.826500;0.014288;0.553070;-0.716930
4.827000;0.085639;0.563990;-0.778150
4.827500;0.143060;0.563670;-0.840150
4.828000;0.204980;0.554800;-0.885850
4.828500;0.254850;0.545440;-0.920140
4.829000;0.264370;0.537800;-0.947040
4.829500;0.275860;0.493360;-0.951680
4.830000;0.256890;0.492620;-0.931230
4.830500;0.206540;0.490550;-0.918810
4.831000;0.161660;0.479920;-0.903040
4.831500;0.109900;0.466430;-0.871280
4.832000;0.063040;0.461610;-0.837840
4.832500;0.012265;0.447680;-0.783490
4.833000;-0.022517;0.432330;-0.742020
4.833500;-0.060498;0.429000;-0.686080
4.834000;-0.106630;0.427470;-0.650530
4.834500;-0.148800;0.420850;-0.612930
4.835000;-0.204920;0.407030;-0.584840
4.835500;-0.251030;0.385880;-0.544130
4.836000;-0.293680;0.381000;-0.515480
4.836500;-0.325670;0.371030;-0.490650
4.837000;-0.304980;0.335790;-0.467880
4.837500;-0.291420;0.312950;-0.449390
4.838000;-0.288630;0.314980;-0.454090
4.838500;-0.256870;0.300810;-0.448670
4.839000;-0.228230;0.291610;-0.435090
4.839500;-0.207180;0.289750;-0.420260
4.840000;-0.180870;0.297620;-0.405020
4.840500;-0.151700;0.293400;-0.389040
4.841000;-0.131620;0.297360;-0.372510
4.841500;-0.113650;0.291960;-0.360160
4.842000;-0.115900;0.287800;-0.338140
4.842500;-0.132000;0.292760;-0.325350
4.843000;-0.135180;0.301720;-0.307180
4.843500;-0.148820;0.305210;-0.284200
4.844000;-0.178470;0.309080;-0.255130
4.844500;-0.211610;0.308940;-0.200000
4.845000;-0.251380;0.296620;-0.123230
4.845500;-0.307750;0.309290;-0.051308
4.846000;-0.366430;0.304300;0.033028
4.846500;-0.427810;0.299920;0.117580
4.847000;-0.486170;0.304020;0.181090
4.847500;-0.523660;0.302810;0.237470
4.848000;-0.549390;0.292640;0.270320
4.848500;-0.541260;0.274470;0.299470
4.849000;-0.524980;0.256170;0.314390
4.849500;-0.487220;0.239100;0.326860
4.850000;-0.416270;0.209030;0.329620
4.850500;-0.341070;0.183640;0.315870
4.851000;-0.260200;0.166730;0.302750
4.851500;-0.168840;0.142430;0.284040
4.852000;-0.072276;0.131680;0.269910
4.852500;0.029052;0.119960;0.238450
4.853000;0.129860;0.108240;0.224960
4.853500;0.228180;0.104210;0.209650
4.854000;0.319410;0.111920;0.210540
4.854500;0.393280;0.120320;0.209400
4.855000;0.451070;0.139800;0.210900
4.855500;0.484300;0.169770;0.205490
4.856000;0.479290;0.190960;0.205280
4.856500;0.442480;0.217250;0.196600
4.857000;0.375310;0.246810;0.215430
4.857500;0.290750;0.271930;0.236350
4.858000;0.208560;0.293080;0.265940
4.858500;0.127020;0.293920;0.296930
4.859000;0.052059;0.296750;0.335420
4.859500;0.002638;0.304200;0.353310
4.860000;-0.026523;0.294710;0.384820
4.860500;-0.036669;0.292090;0.397150
4.861000;-0.042841;0.300500;0.385700
4.861500;-0.022281;0.290720;0.377290
4.862000;-0.002307;0.296190;0.355120
4.862500;0.042663;0.306740;0.321150
4.863000;0.121080;0.298050;0.287840
4.863500;0.220660;0.304570;0.230550
4.864000;0.344290;0.306690;0.169050
4.864500;0.466510;0.297930;0.106700
4.865000;0.566380;0.305710;0.055504
4.865500;0.646360;0.294910;0.030165
4.866000;0.660310;0.307120;0.010949
4.866500;0.649070;0.293300;0.023255
4.867000;0.594700;0.288190;0.043096
4.867500;0.509580;0.280380;0.061796
4.868000;0.389770;0.280490;0.083580
4.868500;0.276540;0.286500;0.088932
4.869000;0.167130;0.292740;0.101020
4.869500;0.071554;0.251370;0.093840
4.870000;-0.046259;0.298320;0.089797
4.870500;-0.145660;0.262130;0.064844
4.871000;-0.228230;0.248860;0.077609
4.871500;-0.314140;0.222580;0.074998
4.872000;-0.384820;0.233490;0.091391
4.872500;-0.406400;0.225580;0.094606
4.873000;-0.400660;0.204080;0.089722
4.873500;-0.384090;0.211700;0.060917
4.874000;-0.322430;0.167640;0.017679
4.874500;-0.251440;0.163410;-0.011687
4.875000;-0.183870;0.136780;-0.065469
4.875500;-0.126180;0.114710;-0.089811
4.876000;-0.103520;0.093164;-0.126990
4.876500;-0.105240;0.080373;-0.143400
4.877000;-0.129710;0.060723;-0.157270
4.877500;-0.187670;0.057383;-0.168370
4.878000;-0.259930;0.051444;-0.190560
4.878500;-0.315530;0.033490;-0.181260
4.879000;-0.374970;0.027914;-0.190850
4.879500;-0.437640;0.021578;-0.186770
4.880000;-0.468690;0.002986;-0.161640
4.880500;-0.494030;-0.002198;-0.143560
4.881000;-0.500480;-0.008651;-0.109470
4.881500;-0.489770;-0.019013;-0.073600
4.882000;-0.444890;-0.029753;-0.042670
4.882500;-0.399700;-0.037484;-0.018830
4.883000;-0.335800;-0.042747;0.009949
4.883500;-0.260300;-0.053256;0.041920
4.884000;-0.188930;-0.062307;0.079743
4.884500;-0.136070;-0.067483;0.137270
4.885000;-0.108140;-0.067874;0.192590
4.885500;-0.090087;-0.074682;0.247990
4.886000;-0.093052;-0.078150;0.308630
4.886500;-0.129820;-0.066545;0.358360
4.887000;-0.167060;-0.067780;0.397350
4.887500;-0.196310;-0.070955;0.428340
4.888000;-0.214240;-0.077336;0.443470
4.888500;-0.226080;-0.070446;0.445500
4.889000;-0.225480;-0.058788;0.439890
4.889500;-0.199260;-0.050511;0.429870
4.890000;-0.161350;-0.026347;0.401540
4.890500;-0.131250;0.013008;0.367060
4.891000;-0.074853;0.045063;0.342160
4.891500;-0.000496;0.058594;0.308410
4.892000;0.073992;0.073143;0.289720
4.892500;0.115400;0.092360;0.255540
4.893000;0.160720;0.099415;0.230860
4.893500;0.181350;0.099246;0.227080
4.894000;0.158380;0.109770;0.221330
4.894500;0.113250;0.096247;0.226900
4.895000;0.058372;0.077522;0.222290
4.895500;-0.002571;0.068706;0.242120
4.896000;-0.086073;0.060785;0.261680
4.896500;-0.133540;0.017022;0.285670
4.897000;-0.213530;0.009047;0.286780
4.897500;-0.260410;0.011859;0.291400
4.898000;-0.299290;0.015429;0.295440
4.898500;-0.301560;0.007238;0.286730
4.899000;-0.295020;0.022811;0.237560
4.899500;-0.244700;0.038129;0.168790
4.900000;-0.176480;0.036110;0.080669
4.900500;-0.101960;0.042549;-0.009787
4.901000;0.003578;0.036961;-0.091077
4.901500;0.097081;0.037089;-0.169590
4.902000;0.178240;0.034036;-0.237110
4.902500;0.245560;0.032918;-0.300520
4.903000;0.294290;0.036333;-0.349660
4.903500;0.349140;0.034172;-0.375960
4.904000;0.380980;0.019163;-0.383580
4.904500;0.401730;0.013566;-0.405760
4.905000;0.411700;0.012708;-0.455990
4.905500;0.398480;-0.001531;-0.491030
4.906000;0.393260;-0.038652;-0.524190
4.906500;0.355060;-0.039633;-0.542010
4.907000;0.333840;-0.070142;-0.549270
4.907500;0.263160;-0.059409;-0.564950
4.908000;0.207700;-0.084633;-0.546780
4.908500;0.162930;-0.105280;-0.494020
4.909000;0.093449;-0.102740;-0.434610
4.909500;0.053059;-0.137560;-0.331370
4.910000;0.013520;-0.137760;-0.248740
4.910500;-0.030064;-0.143020;-0.183440
4.911000;-0.057576;-0.146450;-0.121350
4.911500;-0.082055;-0.144690;-0.076114
4.912000;-0.095231;-0.150590;-0.049290
4.912500;-0.099340;-0.159150;-0.035663
4.913000;-0.108720;-0.103140;-0.012813
4.913500;-0.069388;-0.162630;-0.022048
4.914000;-0.050888;-0.133780;0.016195
4.914500;-0.020821;-0.125730;0.009966
4.915000;0.036644;-0.169020;0.063170
4.915500;0.068338;-0.157010;0.116620
4.916000;0.090460;-0.165900;0.180050
4.916500;0.106480;-0.189760;0.264000
4.917000;0.086136;-0.195050;0.332930
4.917500;0.033969;-0.179570;0.413700
4.918000;-0.000399;-0.193760;0.478430
4.918500;-0.044625;-0.194130;0.537100
4.919000;-0.107400;-0.195540;0.569910
4.919500;-0.150600;-0.185590;0.593870
4.920000;-0.207400;-0.173630;0.561810
4.920500;-0.248740;-0.180480;0.552730
4.921000;-0.294430;-0.172700;0.538060
4.921500;-0.328650;-0.174160;0.527180
4.922000;-0.365980;-0.163660;0.521890
4.922500;-0.372900;-0.185690;0.512660
4.923000;-0.358990;-0.195420;0.527810
4.923500;-0.355750;-0.186520;0.512190
4.924000;-0.302230;-0.210940;0.509270
4.924500;-0.245320;-0.215950;0.477040
4.925000;-0.181780;-0.225140;0.410170
4.925500;-0.113900;-0.253330;0.353520
4.926000;-0.057942;-0.263950;0.282140
4.926500;-0.023549;-0.264850;0.224150
4.927000;0.018271;-0.280960;0.164420
4.927500;0.032147;-0.271240;0.111520
4.928000;0.022827;-0.256220;0.050871
4.928500;0.048822;-0.257880;0.007300
4.929000;0.084665;-0.247900;-0.023569
4.929500;0.138210;-0.251930;-0.036842
4.930000;0.210850;-0.262180;-0.032806
4.930500;0.248620;-0.262350;-0.036585
4.931000;0.280820;-0.266710;-0.018700
4.931500;0.285160;-0.260550;0.018680
4.932000;0.270640;-0.256080;0.064548
4.932500;0.234830;-0.246300;0.118530
4.933000;0.203060;-0.246730;0.152320
4.933500;0.188770;-0.244790;0.181100
4.934000;0.185060;-0.245090;0.179050
4.934500;0.195330;-0.243890;0.164210
4.935000;0.191750;-0.226760;0.143820
4.935500;0.206640;-0.233320;0.113420
4.936000;0.241130;-0.217520;0.087921
4.936500;0.295150;-0.213240;0.052907
4.937000;0.369670;-0.208720;0.027723
4.937500;0.471140;-0.208840;0.006447
4.938000;0.570920;-0.188770;-0.018721
4.938500;0.682160;-0.191530;-0.040641
4.939000;0.793800;-0.194880;-0.054024
4.939500;0.863930;-0.181150;-0.074161
4.940000;0.904450;-0.180490;-0.088982
4.940500;0.921560;-0.193840;-0.068615
4.941000;0.865320;-0.188160;-0.047338
4.941500;0.768260;-0.173600;-0.015637
4.942000;0.638790;-0.180030;0.027811
4.942500;0.464930;-0.201770;0.064290
4.943000;0.283440;-0.200270;0.108960
4.943500;0.088366;-0.138140;0.137310
4.944000;-0.029315;-0.195320;0.184200
4.944500;-0.187740;-0.209300;0.237720
4.945000;-0.253340;-0.201620;0.301530
4.945500;-0.375890;-0.168200;0.280280
4.946000;-0.384640;-0.236540;0.324000
4.946500;-0.368980;-0.240460;0.386850
4.947000;-0.403480;-0.153080;0.366010
4.947500;-0.335090;-0.226980;0.415570
4.948000;-0.276310;-0.258020;0.473580
4.948500;-0.267820;-0.227560;0.480390
4.949000;-0.223740;-0.246230;0.479330
4.949500;-0.172090;-0.273090;0.494050
4.950000;-0.216470;-0.258800;0.508580
4.950500;-0.228790;-0.285280;0.517110
4.951000;-0.282230;-0.293500;0.513990
4.951500;-0.344770;-0.284170;0.495770
4.952000;-0.388050;-0.305600;0.486540
4.952500;-0.426690;-0.310980;0.476750
4.953000;-0.456670;-0.302130;0.473250
4.953500;-0.445290;-0.321980;0.481050
4.954000;-0.413120;-0.323250;0.503100
4.954500;-0.385270;-0.304630;0.520450
4.955000;-0.313190;-0.317420;0.566540
4.955500;-0.218170;-0.345640;0.637090
4.956000;-0.165740;-0.326910;0.703170
4.956500;-0.111190;-0.326470;0.763870
4.957000;-0.039985;-0.343450;0.842720
4.957500;0.001936;-0.334530;0.883240
4.958000;0.046015;-0.327320;0.955580
4.958500;0.029090;-0.334920;1.045600
4.959000;-0.049797;-0.314970;1.131900
4.959500;-0.107920;-0.329390;1.202200
4.960000;-0.147740;-0.315450;1.252100
4.960500;-0.198780;-0.294400;1.238300
4.961000;-0.228140;-0.297620;1.215800
4.961500;-0.240840;-0.293120;1.176000
4.962000;-0.215260;-0.267310;1.096600
4.962500;-0.134770;-0.249090;0.999480
4.963000;-0.021933;-0.236500;0.891370
4.963500;0.103420;-0.209030;0.788160
4.964000;0.228770;-0.185500;0.713550
4.964500;0.364550;-0.170870;0.668970
4.965000;0.468980;-0.145640;0.657710
4.965500;0.542370;-0.128260;0.673720
4.966000;0.557680;-0.100710;0.711740
4.966500;0.550650;-0.085046;0.759770
4.967000;0.482690;-0.072223;0.830860
4.967500;0.377500;-0.055707;0.884620
4.968000;0.248280;-0.046043;0.907880
4.968500;0.093124;-0.034674;0.895370
4.969000;-0.048382;-0.054634;0.866460
4.969500;-0.174880;-0.052452;0.812820
4.970000;-0.270110;-0.061911;0.752270
4.970500;-0.326510;-0.081272;0.705360
4.971000;-0.340770;-0.085612;0.669120
4.971500;-0.302350;-0.094164;0.632140
4.972000;-0.229460;-0.097698;0.619250
4.972500;-0.141230;-0.102870;0.587330
4.973000;-0.042076;-0.098544;0.565190
4.973500;0.074275;-0.109940;0.541130
4.974000;0.164960;-0.113940;0.522620
4.974500;0.220920;-0.110330;0.489020
4.975000;0.269960;-0.123370;0.450650
4.975500;0.283120;-0.149510;0.410890
4.976000;0.260880;-0.150220;0.358040
4.976500;0.230040;-0.141000;0.319900
4.977000;0.216080;-0.210790;0.241900
4.977500;0.133510;-0.171140;0.205200
4.978000;0.120010;-0.206750;0.130870
4.978500;0.061381;-0.179780;0.085987
4.979000;0.041449;-0.217400;0.059211
4.979500;0.068279;-0.255190;0.071654
4.980000;0.033661;-0.196700;0.032306
4.980500;0.055196;-0.217440;0.008214
4.981000;0.097569;-0.246140;0.035371
4.981500;0.111410;-0.221290;0.029956
4.982000;0.099993;-0.187670;0.034141
4.982500;0.142960;-0.207630;0.028117
4.983000;0.164340;-0.197320;0.015572
4.983500;0.151390;-0.183600;-0.007430
4.984000;0.153170;-0.196250;0.001646
4.984500;0.144620;-0.199930;0.009259
4.985000;0.117640;-0.201640;0.022424
4.985500;0.105150;-0.214990;0.048336
4.986000;0.075912;-0.213160;0.068691
4.986500;0.059146;-0.221100;0.068622
4.987000;0.084009;-0.239810;0.076314
4.987500;0.098900;-0.237350;0.086426
4.988000;0.122840;-0.232240;0.112250
4.988500;0.187580;-0.251540;0.150760
4.989000;0.230270;-0.235760;0.172930
4.989500;0.285990;-0.227150;0.206540
4.990000;0.350600;-0.223520;0.248340
4.990500;0.366810;-0.194030;0.310020
4.991000;0.361000;-0.171190;0.369460
4.991500;0.354310;-0.169840;0.434210
4.992000;0.309160;-0.153950;0.492170
4.992500;0.234780;-0.139950;0.549690
4.993000;0.155420;-0.152490;0.599640
4.993500;0.041950;-0.149990;0.647360
4.994000;-0.074473;-0.149650;0.659890
4.994500;-0.196540;-0.158460;0.654950
4.995000;-0.306800;-0.177900;0.625840
4.995500;-0.379580;-0.201350;0.588030
4.996000;-0.425660;-0.226300;0.548110
4.996500;-0.448340;-0.237560;0.517190
4.997000;-0.414850;-0.256750;0.484210
4.997500;-0.346340;-0.280580;0.453480
4.998000;-0.279410;-0.281920;0.408910
4.998500;-0.196970;-0.277500;0.364320
4.999000;-0.087853;-0.282340;0.319940
4.999500;0.013623;-0.281640;0.282800
5.000000;0.097587;-0.279850;0.247580
5.000500;0.170250;-0.271960;0.199940
5.001000;0.212900;-0.264070;0.142920
5.001500;0.224910;-0.266030;0.106320
5.002000;0.189690;-0.257070;0.076707
5.002500;0.129590;-0.252720;0.060506
5.003000;0.071620;-0.265370;0.054670
5.003500;0.009891;-0.280820;0.060810
5.004000;-0.075901;-0.287650;0.064842
5.004500;-0.148570;-0.308090;0.080687
5.005000;-0.212440;-0.338350;0.124370
5.005500;-0.278150;-0.367110;0.174730
5.006000;-0.325100;-0.394280;0.232920
5.006500;-0.345130;-0.414810;0.282030
5.007000;-0.330500;-0.437420;0.313840
5.007500;-0.295690;-0.458580;0.353380
5.008000;-0.257020;-0.465570;0.373440
5.008500;-0.180120;-0.469530;0.379200
5.009000;-0.078476;-0.480740;0.374210
5.009500;0.031435;-0.481160;0.361580
5.010000;0.148800;-0.476020;0.317780
5.010500;0.287870;-0.473710;0.265840
5.011000;0.426360;-0.478620;0.219810
5.011500;0.542990;-0.474710;0.189110
5.012000;0.651480;-0.467110;0.151120
5.012500;0.743960;-0.460890;0.123210
5.013000;0.811370;-0.467180;0.107910
5.013500;0.838600;-0.453680;0.119150
5.014000;0.831290;-0.449700;0.134260
5.014500;0.806230;-0.442380;0.181760
5.015000;0.731030;-0.431800;0.219020
5.015500;0.626330;-0.413380;0.260270
5.016000;0.505040;-0.409400;0.291650
5.016500;0.353960;-0.400670;0.331150
5.017000;0.185230;-0.383340;0.383550
5.017500;0.027615;-0.386450;0.446250
5.018000;-0.117480;-0.382710;0.493120
5.018500;-0.233880;-0.406720;0.525300
5.019000;-0.344560;-0.387880;0.551430
5.019500;-0.391110;-0.418110;0.557530
5.020000;-0.428170;-0.400540;0.578380
5.020500;-0.427660;-0.426340;0.580110
5.021000;-0.375570;-0.456820;0.594870
5.021500;-0.317380;-0.443990;0.552420
5.022000;-0.251160;-0.465140;0.510340
5.022500;-0.166710;-0.493520;0.478920
5.023000;-0.117010;-0.502490;0.429350
5.023500;-0.065794;-0.504920;0.392230
5.024000;-0.012965;-0.525270;0.374660
5.024500;0.004826;-0.525770;0.346260
5.025000;0.003718;-0.512320;0.312660
5.025500;0.000170;-0.525350;0.287750
5.026000;-0.006205;-0.528800;0.281520
5.026500;-0.027645;-0.529530;0.268910
5.027000;-0.046939;-0.521500;0.252250
5.027500;-0.056493;-0.524040;0.240840
5.028000;-0.076848;-0.511520;0.245010
5.028500;-0.084114;-0.517440;0.241690
5.029000;-0.064673;-0.525630;0.250300
5.029500;-0.071156;-0.514970;0.251500
5.030000;-0.065932;-0.522990;0.285260
5.030500;-0.053252;-0.523890;0.331370
5.031000;-0.036508;-0.530250;0.389440
5.031500;-0.024284;-0.523960;0.457630
5.032000;-0.027582;-0.514720;0.519100
5.032500;-0.014522;-0.509940;0.575350
5.033000;0.003511;-0.499820;0.618960
5.033500;0.016822;-0.486980;0.641860
5.034000;0.028908;-0.473640;0.649950
5.034500;0.068171;-0.470270;0.628700
5.035000;0.113140;-0.468810;0.599540
5.035500;0.158500;-0.467200;0.568580
5.036000;0.199630;-0.461490;0.538420
5.036500;0.230730;-0.455460;0.506370
5.037000;0.256360;-0.461970;0.491250
5.037500;0.271720;-0.456650;0.465260
5.038000;0.285640;-0.442200;0.432520
5.038500;0.306540;-0.445580;0.410090
5.039000;0.306100;-0.431620;0.391350
5.039500;0.278410;-0.400220;0.363410
5.040000;0.240910;-0.369650;0.325140
5.040500;0.205850;-0.340040;0.281770
5.041000;0.156400;-0.309110;0.226380
5.041500;0.080220;-0.268690;0.168280
5.042000;0.027786;-0.250580;0.111630
5.042500;-0.043874;-0.226500;0.068053
5.043000;-0.118360;-0.210800;0.019222
5.043500;-0.184340;-0.197780;-0.018201
5.044000;-0.234500;-0.193890;-0.076102
5.044500;-0.259670;-0.195110;-0.115810
5.045000;-0.277670;-0.201610;-0.155120
5.045500;-0.274310;-0.213210;-0.163200
5.046000;-0.232450;-0.234700;-0.169110
5.046500;-0.192150;-0.238190;-0.170520
5.047000;-0.154300;-0.241190;-0.174320
5.047500;-0.101960;-0.251230;-0.177200
5.048000;-0.065649;-0.257780;-0.172200
5.048500;-0.048835;-0.259960;-0.182200
5.049000;-0.021315;-0.264850;-0.187930
5.049500;0.023362;-0.270600;-0.224710
5.050000;0.049129;-0.278670;-0.264560
5.050500;0.067795;-0.284340;-0.334230
5.051000;0.098396;-0.299840;-0.392310
5.051500;0.131530;-0.313540;-0.434370
5.052000;0.151200;-0.326350;-0.454750
5.052500;0.169550;-0.340150;-0.459990
5.053000;0.173840;-0.338930;-0.460510
5.053500;0.172830;-0.350390;-0.454500
5.054000;0.154330;-0.355860;-0.419740
5.054500;0.129400;-0.355310;-0.387190
5.055000;0.107420;-0.358010;-0.330990
5.055500;0.078386;-0.353850;-0.293990
5.056000;0.033124;-0.334450;-0.292310
5.056500;-0.020305;-0.317880;-0.304940
5.057000;-0.053062;-0.301880;-0.313340
5.057500;-0.092035;-0.274620;-0.304500
5.058000;-0.101790;-0.247490;-0.303820
5.058500;-0.098949;-0.219090;-0.313910
5.059000;-0.072053;-0.201910;-0.333160
5.059500;-0.011912;-0.193940;-0.353940
5.060000;0.031735;-0.180460;-0.353420
5.060500;0.081347;-0.163810;-0.340520
5.061000;0.140470;-0.151990;-0.335700
5.061500;0.183710;-0.139310;-0.331660
5.062000;0.224780;-0.127930;-0.336380
5.062500;0.275490;-0.125170;-0.352120
5.063000;0.295160;-0.121880;-0.336570
5.063500;0.302750;-0.111130;-0.315870
5.064000;0.293440;-0.091614;-0.289810
5.064500;0.271510;-0.079914;-0.270680
5.065000;0.225060;-0.066635;-0.237400
5.065500;0.143790;-0.043083;-0.207720
5.066000;0.047753;-0.040797;-0.151830
5.066500;-0.037805;-0.044462;-0.082751
5.067000;-0.143540;-0.042311;-0.011482
5.067500;-0.253370;-0.034401;0.062093
5.068000;-0.324250;-0.047617;0.109990
5.068500;-0.362650;-0.079115;0.161440
5.069000;-0.387920;-0.104100;0.209550
5.069500;-0.401840;-0.115910;0.246270
5.070000;-0.390160;-0.133420;0.290390
5.070500;-0.362860;-0.144960;0.321240
5.071000;-0.338740;-0.143310;0.333940
5.071500;-0.310000;-0.133530;0.351280
5.072000;-0.259270;-0.130970;0.350600
5.072500;-0.205640;-0.127310;0.371470
5.073000;-0.152310;-0.113640;0.376800
5.073500;-0.098672;-0.097756;0.372100
5.074000;-0.029464;-0.089104;0.356340
5.074500;0.021955;-0.079633;0.326110
5.075000;0.053092;-0.076274;0.300820
5.075500;0.072090;-0.073356;0.279630
5.076000;0.064820;-0.063749;0.272440
5.076500;0.052500;-0.062649;0.273040
5.077000;0.052368;-0.061641;0.277880
5.077500;0.040962;-0.057321;0.281730
5.078000;0.042469;-0.063614;0.309350
5.078500;0.040001;-0.050778;0.331420
5.079000;0.037938;-0.046617;0.355920
5.079500;0.055948;-0.047714;0.395340
5.080000;0.066169;-0.034177;0.424040
5.080500;0.063415;-0.023464;0.446620
5.081000;0.067680;-0.016636;0.451810
5.081500;0.069329;-0.018079;0.460420
5.082000;0.063961;-0.012790;0.478610
5.082500;0.076146;-0.016687;0.493960
5.083000;0.097127;-0.024120;0.506660
5.083500;0.119430;-0.034845;0.508970
5.084000;0.134190;-0.041415;0.513930
5.084500;0.125500;-0.044898;0.508800
5.085000;0.125840;-0.049114;0.523500
5.085500;0.133320;-0.060010;0.570310
5.086000;0.131240;-0.054902;0.611610
5.086500;0.125450;-0.036220;0.621930
5.087000;0.132650;-0.037322;0.601150
5.087500;0.130800;-0.028712;0.574760
5.088000;0.129860;-0.013466;0.526990
5.088500;0.119530;0.011780;0.482370
5.089000;0.108190;0.037875;0.418270
5.089500;0.086252;0.054324;0.340510
5.090000;0.043934;0.075446;0.268880
5.090500;0.003510;0.101590;0.205250
5.091000;-0.034457;0.116840;0.170590
5.091500;-0.072933;0.120510;0.159730
5.092000;-0.122930;0.142810;0.138040
5.092500;-0.176150;0.150120;0.120390
5.093000;-0.217890;0.130810;0.100840
5.093500;-0.272930;0.137440;0.089921
5.094000;-0.335440;0.128520;0.084982
5.094500;-0.397020;0.128600;0.075090
5.095000;-0.452770;0.119480;0.042824
5.095500;-0.495630;0.114920;0.009388
5.096000;-0.528330;0.115920;-0.048774
5.096500;-0.528360;0.105150;-0.089094
5.097000;-0.508110;0.101900;-0.125530
5.097500;-0.481930;0.098092;-0.156730
5.098000;-0.452700;0.104490;-0.157870
5.098500;-0.405730;0.104800;-0.160870
5.099000;-0.371110;0.100320;-0.148690
5.099500;-0.359710;0.097084;-0.122230
5.100000;-0.355930;0.097013;-0.071911
5.100500;-0.357160;0.096265;-0.022512
5.101000;-0.355380;0.089063;0.025893
5.101500;-0.373180;0.104070;0.055677
5.102000;-0.374290;0.088802;0.062838
5.102500;-0.369570;0.094468;0.062211
5.103000;-0.372580;0.087224;0.059112
5.103500;-0.349040;0.062035;0.091525
5.104000;-0.336280;0.086071;0.100260
5.104500;-0.342890;0.105000;0.093968
5.105000;-0.324970;0.110640;0.115180
5.105500;-0.300160;0.130680;0.128410
5.106000;-0.283970;0.162490;0.160130
5.106500;-0.252620;0.176970;0.196570
5.107000;-0.210760;0.195720;0.211200
5.107500;-0.171040;0.219500;0.208900
5.108000;-0.143890;0.241890;0.192100
5.108500;-0.134020;0.261470;0.165910
5.109000;-0.113440;0.277660;0.115320
5.109500;-0.091890;0.289760;0.062212
5.110000;-0.072212;0.296500;-0.013330
5.110500;-0.044425;0.308680;-0.103590
5.111000;-0.014868;0.314130;-0.189610
5.111500;0.025306;0.322440;-0.275340
5.112000;0.081387;0.328880;-0.333380
5.112500;0.136650;0.327320;-0.367340
5.113000;0.164730;0.365600;-0.403220
5.113500;0.191320;0.397930;-0.443180
5.114000;0.234070;0.402580;-0.454880
5.114500;0.258640;0.421170;-0.461600
5.115000;0.244370;0.456500;-0.470600
5.115500;0.234290;0.466320;-0.478160
5.116000;0.214520;0.470640;-0.486850
5.116500;0.177570;0.477840;-0.503460
5.117000;0.128370;0.457990;-0.505280
5.117500;0.091851;0.447120;-0.517740
5.118000;0.041500;0.435140;-0.513500
5.118500;-0.009543;0.404490;-0.498700
5.119000;-0.056429;0.386420;-0.485390
5.119500;-0.101380;0.366690;-0.486660
5.120000;-0.135790;0.350880;-0.481540
5.120500;-0.142550;0.333690;-0.485780
5.121000;-0.142990;0.323800;-0.485990
5.121500;-0.115640;0.311280;-0.514470
5.122000;-0.052725;0.313540;-0.561610
5.122500;0.003432;0.312000;-0.617350
5.123000;0.089103;0.305150;-0.670820
5.123500;0.166830;0.310980;-0.730760
5.124000;0.230380;0.318340;-0.783520
5.124500;0.296590;0.322150;-0.832030
5.125000;0.328990;0.326020;-0.875840
5.125500;0.346470;0.320680;-0.919810
5.126000;0.364630;0.313650;-0.961890
5.126500;0.355020;0.319990;-0.995840
5.127000;0.336220;0.318370;-1.014300
5.127500;0.307810;0.306450;-1.015100
5.128000;0.257900;0.312810;-0.998940
5.128500;0.197660;0.309060;-0.971290
5.129000;0.155340;0.292680;-0.917240
5.129500;0.085005;0.291420;-0.860590
5.130000;0.013402;0.291600;-0.798710
5.130500;-0.045095;0.279670;-0.731170
5.131000;-0.111110;0.272710;-0.659200
5.131500;-0.152760;0.261360;-0.591070
5.132000;-0.182590;0.249140;-0.551820
5.132500;-0.201830;0.247230;-0.533830
5.133000;-0.208410;0.236220;-0.535650
5.133500;-0.209370;0.227980;-0.532770
5.134000;-0.195000;0.210830;-0.527330
5.134500;-0.173690;0.212850;-0.532530
5.135000;-0.139680;0.202630;-0.533970
5.135500;-0.111170;0.195120;-0.535340
5.136000;-0.085754;0.205270;-0.535850
5.136500;-0.065949;0.199860;-0.533050
5.137000;-0.061352;0.189560;-0.504490
5.137500;-0.086038;0.227070;-0.483330
5.138000;-0.104050;0.252980;-0.460630
5.138500;-0.138150;0.200630;-0.468790
5.139000;-0.188440;0.238290;-0.430020
5.139500;-0.264250;0.247360;-0.449160
5.140000;-0.285810;0.206320;-0.417670
5.140500;-0.325670;0.218360;-0.375190
5.141000;-0.379640;0.241710;-0.379270
5.141500;-0.400560;0.216760;-0.350670
5.142000;-0.423020;0.187030;-0.336540
5.142500;-0.455000;0.205010;-0.285650
5.143000;-0.479690;0.203920;-0.255220
5.143500;-0.485530;0.178030;-0.215040
5.144000;-0.501150;0.187300;-0.172740
5.144500;-0.510980;0.181890;-0.131340
5.145000;-0.529090;0.166740;-0.075117
5.145500;-0.506310;0.147640;-0.025395
5.146000;-0.499550;0.147910;0.038262
5.146500;-0.491730;0.138660;0.093108
5.147000;-0.488660;0.125490;0.151550
5.147500;-0.485600;0.108390;0.194830
5.148000;-0.477490;0.094731;0.243860
5.148500;-0.491380;0.109180;0.276860
5.149000;-0.477430;0.086063;0.312000
5.149500;-0.442330;0.081051;0.338030
5.150000;-0.422460;0.091724;0.316440
5.150500;-0.381270;0.084561;0.285710
5.151000;-0.313180;0.068928;0.250640
5.151500;-0.231480;0.086343;0.226670
5.152000;-0.143910;0.091013;0.228530
5.152500;-0.040131;0.078102;0.208580
5.153000;0.045275;0.104330;0.183270
5.153500;0.118700;0.115330;0.159950
5.154000;0.214340;0.115690;0.166770
5.154500;0.282990;0.147130;0.179390
5.155000;0.338550;0.178430;0.177800
5.155500;0.366960;0.193910;0.167200
5.156000;0.371310;0.207920;0.135770
5.156500;0.351520;0.234390;0.118330
5.157000;0.309790;0.248590;0.113550
5.157500;0.249160;0.257420;0.121500
5.158000;0.167150;0.277510;0.111820
5.158500;0.084063;0.280090;0.088923
5.159000;0.019447;0.280120;0.068909
5.159500;-0.014058;0.280560;0.045404
5.160000;-0.019186;0.283170;0.030019
5.160500;-0.003147;0.288790;0.004357
5.161000;0.023615;0.295590;-0.037001
5.161500;0.083809;0.307770;-0.083602
5.162000;0.146650;0.327330;-0.151190
5.162500;0.214990;0.351780;-0.211820
5.163000;0.285330;0.353470;-0.267880
5.163500;0.339490;0.373780;-0.306480
5.164000;0.373140;0.386440;-0.358510
5.164500;0.391750;0.380800;-0.402660
5.165000;0.378310;0.370970;-0.446080
5.165500;0.323570;0.363610;-0.478330
5.166000;0.258120;0.345130;-0.479040
5.166500;0.164290;0.297880;-0.466870
5.167000;0.050208;0.256290;-0.445570
5.167500;-0.112390;0.308100;-0.433860
5.168000;-0.222290;0.247650;-0.425210
5.168500;-0.352130;0.265330;-0.392990
5.169000;-0.483620;0.264010;-0.397890
5.169500;-0.536110;0.228920;-0.366310
5.170000;-0.586280;0.263010;-0.406100
5.170500;-0.603390;0.275200;-0.447840
5.171000;-0.566730;0.270440;-0.481390
5.171500;-0.526530;0.267990;-0.547170
5.172000;-0.466600;0.303430;-0.578900
5.172500;-0.353470;0.291950;-0.623070
5.173000;-0.237390;0.289030;-0.647380
5.173500;-0.137160;0.285000;-0.676410
5.174000;-0.019020;0.288670;-0.666740
5.174500;0.059376;0.260010;-0.676040
5.175000;0.125360;0.264960;-0.636310
5.175500;0.129240;0.286410;-0.627890
5.176000;0.123710;0.266610;-0.586340
5.176500;0.118600;0.252950;-0.532750
5.177000;0.066580;0.276310;-0.493330
5.177500;-0.005878;0.279430;-0.442970
5.178000;-0.083060;0.276600;-0.395950
5.178500;-0.139980;0.266750;-0.313130
5.179000;-0.195280;0.281060;-0.239300
5.179500;-0.243470;0.288860;-0.186250
5.180000;-0.250360;0.275480;-0.121970
5.180500;-0.233460;0.268310;-0.069508
5.181000;-0.227860;0.280800;-0.026295
5.181500;-0.181510;0.261830;0.023454
5.182000;-0.135560;0.261000;0.037411
5.182500;-0.095750;0.256660;0.044688
5.183000;-0.058301;0.246360;0.053399
5.183500;-0.026668;0.259450;0.046915
5.184000;0.007683;0.264380;0.051937
5.184500;0.013281;0.279980;0.048361
5.185000;0.023310;0.276410;0.053185
5.185500;0.052380;0.270200;0.046298
5.186000;0.069356;0.280210;0.019618
5.186500;0.104410;0.284850;-0.003680
5.187000;0.128580;0.283670;-0.037552
5.187500;0.149810;0.285170;-0.088534
5.188000;0.159700;0.291950;-0.147810
5.188500;0.174130;0.316330;-0.214310
5.189000;0.131570;0.310970;-0.284120
5.189500;0.115170;0.349530;-0.339390
5.190000;0.088917;0.368550;-0.380610
5.190500;0.045316;0.375550;-0.390530
5.191000;-0.006058;0.390150;-0.382390
5.191500;-0.084284;0.398200;-0.384050
5.192000;-0.172440;0.398820;-0.356840
5.192500;-0.267950;0.394590;-0.343920
5.193000;-0.364920;0.380660;-0.335580
5.193500;-0.452860;0.351810;-0.324410
5.194000;-0.493810;0.326650;-0.331460
5.194500;-0.520090;0.302940;-0.318980
5.195000;-0.517070;0.273490;-0.309360
5.195500;-0.474580;0.244480;-0.307090
5.196000;-0.449430;0.231590;-0.309360
5.196500;-0.386710;0.203390;-0.310670
5.197000;-0.311300;0.189770;-0.330260
5.197500;-0.250810;0.175370;-0.320900
5.198000;-0.183290;0.165690;-0.328600
5.198500;-0.116160;0.161570;-0.334890
5.199000;-0.080038;0.158690;-0.327710
5.199500;-0.056630;0.158860;-0.327240
5.200000;-0.033089;0.179620;-0.327150
5.200500;-0.004726;0.133490;-0.341650
5.201000;-0.015768;0.143130;-0.343880
5.201500;-0.046312;0.242710;-0.378990
5.202000;-0.020743;0.177060;-0.394090
5.202500;-0.056084;0.139590;-0.380330
5.203000;-0.074123;0.227980;-0.329250
5.203500;-0.142470;0.266450;-0.358840
5.204000;-0.126520;0.222500;-0.300720
5.204500;-0.106890;0.225900;-0.243830
5.205000;-0.154620;0.305350;-0.253630
5.205500;-0.110700;0.255400;-0.194250
5.206000;-0.098184;0.242780;-0.133350
5.206500;-0.137410;0.294990;-0.104590
5.207000;-0.139610;0.278050;-0.081659
5.207500;-0.136850;0.249210;-0.059211
5.208000;-0.184310;0.266480;-0.021423
5.208500;-0.212590;0.248030;0.017284
5.209000;-0.232940;0.242650;0.054921
5.209500;-0.238800;0.242250;0.077885
5.210000;-0.246890;0.234570;0.074499
5.210500;-0.224950;0.215260;0.071161
5.211000;-0.209360;0.231640;0.055592
5.211500;-0.163610;0.204470;0.050160
5.212000;-0.134580;0.196530;0.074640
5.212500;-0.144330;0.231130;0.041468
5.213000;-0.111600;0.205660;0.039192
5.213500;-0.098761;0.204950;0.059785
5.214000;-0.127840;0.230030;0.036060
5.214500;-0.144500;0.219870;0.074558
5.215000;-0.158410;0.185880;0.118110
5.215500;-0.215080;0.207130;0.136640
5.216000;-0.265360;0.190390;0.149210
5.216500;-0.316230;0.167290;0.170040
5.217000;-0.383060;0.150380;0.184700
5.217500;-0.449300;0.124180;0.236500
5.218000;-0.515580;0.109910;0.293160
5.218500;-0.569520;0.107440;0.314360
5.219000;-0.589500;0.086668;0.331120
5.219500;-0.585520;0.061965;0.344300
5.220000;-0.571400;0.072626;0.346290
5.220500;-0.509280;0.075927;0.356160
5.221000;-0.412910;0.065916;0.368460
5.221500;-0.316300;0.081772;0.348180
5.222000;-0.211180;0.091212;0.307610
5.222500;-0.080790;0.090080;0.274030
5.223000;0.034384;0.102250;0.238470
5.223500;0.141450;0.108140;0.207870
5.224000;0.230970;0.104110;0.177250
5.224500;0.289270;0.107050;0.129180
5.225000;0.346320;0.108160;0.087619
5.225500;0.375340;0.085284;0.059785
5.226000;0.377410;0.090180;0.062384
5.226500;0.380750;0.070131;0.079036
5.227000;0.356710;0.070408;0.120630
5.227500;0.326880;0.061483;0.158320
5.228000;0.317760;0.032658;0.193080
5.228500;0.280500;0.036259;0.229950
5.229000;0.245980;0.034014;0.269700
5.229500;0.213920;0.030999;0.301410
5.230000;0.183540;0.029133;0.342420
5.230500;0.165940;0.026821;0.368090
5.231000;0.149760;0.027385;0.384320
5.231500;0.147800;0.029945;0.390140
5.232000;0.160990;0.035747;0.401830
5.232500;0.175750;0.041416;0.407660
5.233000;0.199580;0.037508;0.416350
5.233500;0.219280;0.054843;0.404200
5.234000;0.226950;0.076908;0.367770
5.234500;0.227170;0.092543;0.344630
5.235000;0.227040;0.115230;0.313670
5.235500;0.226830;0.128940;0.280590
5.236000;0.241050;0.133860;0.230590
5.236500;0.266790;0.127230;0.171940
5.237000;0.279640;0.123430;0.119970
5.237500;0.294150;0.124950;0.064946
5.238000;0.279230;0.114890;0.015049
5.238500;0.245290;0.102660;-0.007840
5.239000;0.185260;0.096337;-0.024218
5.239500;0.112650;0.088357;-0.022949
5.240000;0.032187;0.062494;-0.023440
5.240500;-0.057933;0.048829;-0.030996
5.241000;-0.146460;0.043441;-0.042923
5.241500;-0.251820;0.043380;-0.059829
5.242000;-0.346910;0.027059;-0.090497
5.242500;-0.443490;0.022284;-0.140130
5.243000;-0.520630;0.005979;-0.208020
5.243500;-0.582280;-0.009021;-0.270720
5.244000;-0.624220;-0.022750;-0.329330
5.244500;-0.632430;-0.048927;-0.375020
5.245000;-0.622720;-0.054560;-0.412270
5.245500;-0.568940;-0.051566;-0.458960
5.246000;-0.485980;-0.073262;-0.495010
5.246500;-0.363250;-0.087247;-0.521710
5.247000;-0.245260;-0.091804;-0.552250
5.247500;-0.107840;-0.130290;-0.558090
5.248000;0.005605;-0.142460;-0.540050
5.248500;0.049558;-0.127230;-0.555350
5.249000;0.081232;-0.151960;-0.522900
5.249500;0.082848;-0.166180;-0.485950
5.250000;0.026821;-0.141170;-0.440490
5.250500;-0.005005;-0.160430;-0.394140
5.251000;-0.029860;-0.173150;-0.347010
5.251500;-0.061914;-0.176360;-0.287500
5.252000;-0.080209;-0.175890;-0.220430
5.252500;-0.086664;-0.174820;-0.168890
5.253000;-0.077950;-0.179580;-0.119660
5.253500;-0.050197;-0.173750;-0.080538
5.254000;-0.030091;-0.175060;-0.040480
5.254500;-0.012197;-0.161880;0.004653
5.255000;0.019988;-0.146520;0.028129
5.255500;0.034036;-0.148240;0.060687
5.256000;0.040541;-0.143190;0.083585
5.256500;0.043983;-0.137240;0.111530
5.257000;0.053014;-0.142340;0.144930
5.257500;0.049101;-0.135490;0.174360
5.258000;0.044042;-0.137780;0.197160
5.258500;0.046449;-0.129800;0.210510
5.259000;0.047327;-0.112510;0.183950
5.259500;0.070621;-0.102700;0.137970
5.260000;0.036974;-0.097129;0.101510
5.260500;0.058836;-0.082361;0.017192
5.261000;0.083689;-0.108340;-0.031676
5.261500;0.100580;-0.101830;-0.088024
5.262000;0.123360;-0.087667;-0.157910
5.262500;0.126140;-0.093576;-0.192010
5.263000;0.113000;-0.091454;-0.228670
5.263500;0.081715;-0.079410;-0.220130
5.264000;0.033983;-0.077890;-0.197830
5.264500;-0.017075;-0.082280;-0.179700
5.265000;-0.098941;-0.078910;-0.168820
5.265500;-0.168360;-0.089809;-0.181830
5.266000;-0.258790;-0.089834;-0.177440
5.266500;-0.347870;-0.106580;-0.185540
5.267000;-0.419520;-0.107830;-0.202940
5.267500;-0.485550;-0.131490;-0.224400
5.268000;-0.509920;-0.153880;-0.239040
5.268500;-0.515410;-0.179280;-0.223520
5.269000;-0.492230;-0.201570;-0.200920
5.269500;-0.441950;-0.221760;-0.172730
5.270000;-0.374740;-0.256700;-0.147710
5.270500;-0.299700;-0.279380;-0.131380
5.271000;-0.228620;-0.293310;-0.130790
5.271500;-0.126110;-0.315480;-0.130890
5.272000;-0.035364;-0.321550;-0.153520
5.272500;0.038226;-0.319810;-0.182510
5.273000;0.110000;-0.327420;-0.216760
5.273500;0.180370;-0.321040;-0.259640
5.274000;0.233400;-0.310220;-0.307250
5.274500;0.269090;-0.293320;-0.341820
5.275000;0.299780;-0.272830;-0.365310
5.275500;0.315040;-0.248280;-0.381180
5.276000;0.336390;-0.234560;-0.380760
5.276500;0.346030;-0.219270;-0.365810
5.277000;0.331420;-0.197810;-0.343270
5.277500;0.318180;-0.182500;-0.306750
5.278000;0.298090;-0.180630;-0.261200
5.278500;0.269960;-0.148450;-0.235660
5.279000;0.257440;-0.152530;-0.214250
5.279500;0.250240;-0.164650;-0.169050
5.280000;0.231450;-0.116450;-0.119800
5.280500;0.248730;-0.133760;-0.082871
5.281000;0.240750;-0.109570;-0.037876
5.281500;0.233260;-0.107760;0.003583
5.282000;0.255250;-0.118340;0.044071
5.282500;0.234770;-0.078489;0.071240
5.283000;0.239460;-0.089295;0.089966
5.283500;0.245750;-0.086181;0.114260
5.284000;0.225210;-0.055696;0.101550
5.284500;0.222230;-0.044060;0.086157
5.285000;0.250110;-0.048637;0.065598
5.285500;0.284420;-0.056231;0.044272
5.286000;0.315010;-0.054811;0.006788
5.286500;0.335930;-0.065454;-0.022154
5.287000;0.340290;-0.062622;-0.066250
5.287500;0.322710;-0.064075;-0.091897
5.288000;0.275470;-0.069378;-0.088971
5.288500;0.205340;-0.059392;-0.089071
5.289000;0.104000;-0.054226;-0.084177
5.289500;0.004300;-0.068708;-0.077989
5.290000;-0.118530;-0.067346;-0.046516
5.290500;-0.255250;-0.075407;-0.022184
5.291000;-0.387680;-0.099714;0.019447
5.291500;-0.517100;-0.121190;0.061489
5.292000;-0.651450;-0.129730;0.093191
5.292500;-0.759950;-0.145200;0.134500
5.293000;-0.827250;-0.166870;0.153000
5.293500;-0.869150;-0.182530;0.161430
5.294000;-0.849230;-0.209470;0.168670
5.294500;-0.791610;-0.208060;0.163710
5.295000;-0.699780;-0.208810;0.152790
5.295500;-0.564670;-0.224670;0.142110
5.296000;-0.433840;-0.210770;0.110200
5.296500;-0.308620;-0.214950;0.082470
5.297000;-0.209810;-0.208140;0.050451
5.297500;-0.150440;-0.188870;0.008965
5.298000;-0.113410;-0.189630;-0.014016
5.298500;-0.111330;-0.187790;-0.038019
5.299000;-0.132830;-0.188000;-0.050392
5.299500;-0.158060;-0.187680;-0.046110
5.300000;-0.189600;-0.184350;-0.037915
5.300500;-0.214960;-0.187970;-0.027199
5.301000;-0.219460;-0.197240;-0.024094
5.301500;-0.203020;-0.194510;-0.025609
5.302000;-0.199880;-0.189540;-0.023848
5.302500;-0.184720;-0.176930;0.003642
5.303000;-0.160440;-0.170940;0.046944
5.303500;-0.136430;-0.152250;0.099791
5.304000;-0.116870;-0.126120;0.149300
5.304500;-0.092716;-0.107620;0.206540
5.305000;-0.066944;-0.091875;0.278550
5.305500;-0.041463;-0.082060;0.350640
5.306000;-0.039172;-0.059029;0.429590
5.306500;-0.051283;-0.038738;0.511290
5.307000;-0.072993;-0.042803;0.585990
5.307500;-0.121890;-0.020825;0.650530
5.308000;-0.186660;-0.000565;0.693120
5.308500;-0.232680;0.001812;0.730880
5.309000;-0.269780;0.013985;0.743970
5.309500;-0.285110;0.012953;0.730500
5.310000;-0.260010;0.011122;0.705420
5.310500;-0.225540;0.017108;0.645960
5.311000;-0.177020;0.016779;0.592750
5.311500;-0.119570;0.009557;0.530890
5.312000;-0.075874;0.017599;0.471150
5.312500;-0.041688;0.036956;0.409810
5.313000;-0.000032;0.050013;0.350740
5.313500;0.018622;0.065566;0.290760
5.314000;0.027828;0.077856;0.239780
5.314500;0.008815;0.091174;0.180560
5.315000;-0.028823;0.100350;0.124200
5.315500;-0.071927;0.097029;0.052617
5.316000;-0.132500;0.093952;-0.014286
5.316500;-0.199390;0.077652;-0.077893
5.317000;-0.277210;0.067952;-0.122120
5.317500;-0.348320;0.049243;-0.157090
5.318000;-0.422570;0.036817;-0.166580
5.318500;-0.493030;0.016463;-0.176530
5.319000;-0.547430;0.005801;-0.172330
5.319500;-0.581010;-0.005185;-0.179100
5.320000;-0.583050;-0.026181;-0.187900
5.320500;-0.575810;-0.035646;-0.179740
5.321000;-0.534850;-0.044527;-0.157150
5.321500;-0.468640;-0.070680;-0.132640
5.322000;-0.386910;-0.093467;-0.104970
5.322500;-0.295400;-0.053213;-0.072367
5.323000;-0.164410;-0.119630;-0.060326
5.323500;-0.068809;-0.098505;-0.012889
5.324000;0.025162;-0.120630;-0.016935
5.324500;0.157080;-0.171640;0.043099
5.325000;0.211120;-0.134360;0.048405
5.325500;0.238250;-0.122540;0.070031
5.326000;0.296310;-0.156390;0.129730
5.326500;0.297360;-0.140980;0.159670
5.327000;0.259120;-0.089926;0.216590
5.327500;0.247610;-0.098220;0.263650
5.328000;0.233250;-0.085848;0.328440
5.328500;0.186660;-0.070994;0.382240
5.329000;0.146480;-0.051713;0.452610
5.329500;0.098709;-0.032254;0.492280
5.330000;0.045365;-0.013478;0.545520
5.330500;-0.002956;0.010336;0.582700
5.331000;-0.035443;0.031421;0.628100
5.331500;-0.063032;0.081376;0.631080
5.332000;-0.051385;0.096200;0.617620
5.332500;-0.036089;0.155190;0.575550
5.333000;-0.030919;0.171230;0.518000
5.333500;0.034428;0.183980;0.482380
5.334000;0.086609;0.230150;0.442110
5.334500;0.102360;0.281280;0.389060
5.335000;0.119990;0.273180;0.358370
5.335500;0.135700;0.308980;0.340200
5.336000;0.114780;0.339740;0.307950
5.336500;0.084824;0.324650;0.286440
5.337000;0.041770;0.325360;0.242370
5.337500;-0.023247;0.329170;0.187150
5.338000;-0.073971;0.311830;0.157740
5.338500;-0.151180;0.309900;0.121980
5.339000;-0.257200;0.308780;0.087135
5.339500;-0.341200;0.276790;0.070872
5.340000;-0.458010;0.268980;0.076108
5.340500;-0.569820;0.265750;0.101160
5.341000;-0.642770;0.243510;0.126890
5.341500;-0.696090;0.220220;0.181610
5.342000;-0.717450;0.199880;0.218200
5.342500;-0.714500;0.181300;0.262760
5.343000;-0.673740;0.158370;0.267950
5.343500;-0.603880;0.126790;0.243620
5.344000;-0.517090;0.088974;0.212650
5.344500;-0.427210;0.062072;0.159820
5.345000;-0.362470;0.052877;0.092646
5.345500;-0.305010;0.030205;0.031257
5.346000;-0.267180;0.028944;-0.014771
5.346500;-0.259570;0.027158;-0.046179
5.347000;-0.250700;0.027018;-0.062831
5.347500;-0.258820;0.031883;-0.056827
5.348000;-0.262260;0.025201;-0.048990
5.348500;-0.270050;0.029925;-0.030350
5.349000;-0.272410;0.037650;-0.019729
5.349500;-0.272920;0.047591;-0.014955
5.350000;-0.262780;0.051805;-0.037378
5.350500;-0.258190;0.063929;-0.080941
5.351000;-0.241340;0.068704;-0.130130
5.351500;-0.198470;0.065455;-0.180980
5.352000;-0.154750;0.073709;-0.219870
5.352500;-0.099830;0.070932;-0.245430
5.353000;-0.053487;0.080237;-0.245460
5.353500;-0.029450;0.098199;-0.226360
5.354000;-0.003807;0.094272;-0.180340
5.354500;-0.008934;0.107780;-0.114490
5.355000;0.000104;0.104400;-0.045277
5.355500;-0.044201;0.120180;0.021617
5.356000;-0.079269;0.112670;0.082203
5.356500;-0.099760;0.101330;0.143930
5.357000;-0.168770;0.131830;0.154740
5.357500;-0.198580;0.113410;0.174750
5.358000;-0.213330;0.091232;0.197900
5.358500;-0.231690;0.110650;0.204300
5.359000;-0.211620;0.115460;0.208250
5.359500;-0.161940;0.111580;0.168830
5.360000;-0.113550;0.117780;0.124290
5.360500;-0.053486;0.116100;0.087562
5.361000;0.005500;0.133250;0.057194
5.361500;0.081719;0.135940;0.032928
5.362000;0.158630;0.137830;0.018491
5.362500;0.199660;0.153010;0.020492
5.363000;0.243690;0.151150;0.043492
5.363500;0.256450;0.157560;0.084211
5.364000;0.235200;0.170030;0.128040
5.364500;0.211010;0.178480;0.174650
5.365000;0.158850;0.181090;0.216410
5.365500;0.105870;0.162620;0.257090
5.366000;0.040529;0.169690;0.267360
5.366500;-0.028067;0.150480;0.273300
5.367000;-0.090237;0.125620;0.292420
5.367500;-0.151710;0.122570;0.297650
5.368000;-0.194320;0.107050;0.308650
5.368500;-0.210460;0.092181;0.324900
5.369000;-0.215410;0.084744;0.317680
5.369500;-0.196160;0.066902;0.334720
5.370000;-0.138330;0.043647;0.346930
5.370500;-0.090163;0.059815;0.352100
5.371000;-0.027174;0.064023;0.342790
5.371500;0.067466;0.052076;0.324820
5.372000;0.166620;0.052022;0.296270
5.372500;0.277420;0.051117;0.268320
5.373000;0.383500;0.059304;0.248160
5.373500;0.502360;0.047005;0.213720
5.374000;0.584920;0.046372;0.189500
5.374500;0.652880;0.043424;0.150080
5.375000;0.699230;0.040952;0.116510
5.375500;0.713160;0.039546;0.088409
5.376000;0.696530;0.037320;0.088307
5.376500;0.665800;0.037396;0.090357
5.377000;0.644180;0.034467;0.100850
5.377500;0.608660;0.044184;0.117120
5.378000;0.567520;0.056263;0.133840
5.378500;0.525910;0.063919;0.164700
5.379000;0.472980;0.079409;0.182800
5.379500;0.413910;0.102080;0.211270
5.380000;0.357380;0.116750;0.240600
5.380500;0.307350;0.122000;0.259100
5.381000;0.266750;0.129640;0.270660
5.381500;0.237030;0.117870;0.259600
5.382000;0.213190;0.121140;0.237650
5.382500;0.183950;0.116720;0.198060
5.383000;0.176130;0.104000;0.163630
5.383500;0.164420;0.078803;0.124530
5.384000;0.143730;0.061486;0.097118
5.384500;0.110820;0.050213;0.069844
5.385000;0.075441;0.026363;0.060489
5.385500;0.030200;0.004261;0.062193
5.386000;-0.018782;-0.017052;0.053009
5.386500;-0.065004;-0.037969;0.044156
5.387000;-0.116420;-0.061496;0.042729
5.387500;-0.172520;-0.077453;0.033232
5.388000;-0.251730;-0.089866;0.025227
5.388500;-0.321830;-0.116240;0.002073
5.389000;-0.410630;-0.136770;-0.020633
5.389500;-0.508600;-0.162010;-0.043464
5.390000;-0.617840;-0.183810;-0.046260
5.390500;-0.733100;-0.191240;-0.046997
5.391000;-0.836290;-0.209830;-0.029890
5.391500;-0.915900;-0.225500;-0.006339
5.392000;-0.967100;-0.243700;0.011023
5.392500;-0.997450;-0.255760;0.033003
5.393000;-0.993120;-0.286880;0.068318
5.393500;-0.995930;-0.298730;0.104060
5.394000;-0.975990;-0.315630;0.135760
5.394500;-0.959980;-0.329570;0.197690
5.395000;-0.944980;-0.335050;0.249740
5.395500;-0.904760;-0.344730;0.306630
5.396000;-0.851240;-0.354660;0.338560
5.396500;-0.799900;-0.367900;0.357290
5.397000;-0.727000;-0.375570;0.356750
5.397500;-0.656650;-0.387340;0.357660
5.398000;-0.575550;-0.396890;0.359230
5.398500;-0.503050;-0.397730;0.344890
5.399000;-0.455600;-0.395350;0.332580
5.399500;-0.426600;-0.397540;0.339180
5.400000;-0.405380;-0.387910;0.346460
5.400500;-0.403340;-0.378540;0.353390
5.401000;-0.410330;-0.372040;0.364340
5.401500;-0.419190;-0.368150;0.379620
5.402000;-0.440490;-0.355410;0.384470
5.402500;-0.454190;-0.345810;0.382740
5.403000;-0.445410;-0.353160;0.385520
5.403500;-0.444620;-0.344660;0.389630
5.404000;-0.423480;-0.341260;0.409850
5.404500;-0.375400;-0.331660;0.415990
5.405000;-0.364420;-0.294120;0.397730
5.405500;-0.320320;-0.284940;0.392010
5.406000;-0.259130;-0.252410;0.383590
5.406500;-0.223400;-0.218100;0.355650
5.407000;-0.177130;-0.192210;0.330560
5.407500;-0.130400;-0.154590;0.301750
5.408000;-0.094921;-0.108500;0.230890
5.408500;-0.059223;-0.072298;0.159950
5.409000;-0.009057;-0.049432;0.064204
5.409500;0.048973;-0.015613;-0.011459
5.410000;0.109810;-0.004761;-0.090687
5.410500;0.158900;0.019953;-0.140730
5.411000;0.214980;0.035697;-0.233340
5.411500;0.254680;0.030966;-0.287510
5.412000;0.272350;0.041410;-0.334850
5.412500;0.261900;0.057407;-0.348710
5.413000;0.247000;0.067794;-0.326190
5.413500;0.229400;0.077876;-0.309500
5.414000;0.204960;0.091085;-0.310490
5.414500;0.187090;0.097298;-0.319240
5.415000;0.189510;0.094970;-0.330120
5.415500;0.191940;0.091191;-0.326380
5.416000;0.190310;0.084546;-0.318850
5.416500;0.167940;0.080166;-0.316020
5.417000;0.160990;0.075496;-0.328820
5.417500;0.144520;0.058471;-0.338460
5.418000;0.132310;0.037380;-0.314330
5.418500;0.146650;0.018726;-0.288370
5.419000;0.169230;0.007189;-0.248930
5.419500;0.209830;-0.012104;-0.229100
5.420000;0.230350;-0.018736;-0.219520
5.420500;0.261000;-0.033683;-0.210290
5.421000;0.290730;-0.050740;-0.166700
5.421500;0.291350;-0.045032;-0.116880
5.422000;0.279450;-0.039846;-0.084851
5.422500;0.260420;-0.033762;-0.075993
5.423000;0.229720;-0.049783;-0.085944
5.423500;0.155120;-0.012938;-0.080708
5.424000;0.117650;0.029732;-0.069553
5.424500;0.124710;-0.029172;-0.038054
5.425000;0.098675;-0.014686;-0.004069
5.425500;0.098719;0.102210;0.016602
5.426000;0.170580;-0.021212;-0.010218
5.426500;0.195890;-0.000231;0.078886
5.427000;0.194290;0.002246;0.113520
5.427500;0.270060;-0.072374;0.225460
5.428000;0.259970;-0.005200;0.293100
5.428500;0.247180;-0.000174;0.347230
5.429000;0.270700;-0.043957;0.454510
5.429500;0.234240;-0.035447;0.513060
5.430000;0.168690;0.019847;0.593410
5.430500;0.145080;0.001830;0.653560
5.431000;0.114880;-0.008447;0.682470
5.431500;0.039230;0.024090;0.657600
5.432000;-0.009463;0.015546;0.647170
5.432500;-0.050421;-0.006007;0.623840
5.433000;-0.099837;0.039194;0.596220
5.433500;-0.092417;0.016696;0.558550
5.434000;-0.032090;-0.024045;0.529810
5.434500;0.027672;-0.005921;0.438460
5.435000;0.133880;-0.044528;0.361780
5.435500;0.250890;-0.060036;0.306890
5.436000;0.314310;-0.014982;0.220350
5.436500;0.409420;-0.062908;0.196500
5.437000;0.464290;-0.056018;0.172950
5.437500;0.482520;-0.034377;0.125830
5.438000;0.491000;-0.053626;0.124770
5.438500;0.472260;-0.068239;0.157800
5.439000;0.391110;-0.056376;0.192270
5.439500;0.314700;-0.074646;0.235300
5.440000;0.207550;-0.089479;0.277220
5.440500;0.068562;-0.089012;0.287230
5.441000;-0.065000;-0.104320;0.314720
5.441500;-0.169500;-0.125010;0.334690
5.442000;-0.268830;-0.125990;0.344170
5.442500;-0.342380;-0.142250;0.333690
5.443000;-0.379160;-0.149240;0.317610
5.443500;-0.362510;-0.150540;0.284950
5.444000;-0.309730;-0.149960;0.235770
5.444500;-0.240880;-0.137990;0.185020
5.445000;-0.137400;-0.138300;0.096835
5.445500;-0.034280;-0.130980;0.013969
5.446000;0.076642;-0.148170;-0.055020
5.446500;0.152810;-0.119970;-0.127350
5.447000;0.202550;-0.116950;-0.194660
5.447500;0.244060;-0.140300;-0.241120
5.448000;0.219970;-0.101320;-0.297670
5.448500;0.195460;-0.121820;-0.330820
5.449000;0.172020;-0.105620;-0.315620
5.449500;0.103180;-0.087936;-0.333680
5.450000;0.047882;-0.110200;-0.310140
5.450500;-0.045890;-0.106340;-0.301690
5.451000;-0.147890;-0.089688;-0.287850
5.451500;-0.212660;-0.105610;-0.228060
5.452000;-0.305780;-0.103180;-0.161870
5.452500;-0.392270;-0.085655;-0.100450
5.453000;-0.439760;-0.089318;-0.051206
5.453500;-0.481800;-0.090059;-0.002285
5.454000;-0.513320;-0.071003;0.041029
5.454500;-0.486250;-0.080566;0.076717
5.455000;-0.447530;-0.089017;0.098874
5.455500;-0.407520;-0.088172;0.097405
5.456000;-0.372030;-0.076890;0.072183
5.456500;-0.333200;-0.072954;0.026140
5.457000;-0.287930;-0.073765;-0.018967
5.457500;-0.241800;-0.066166;-0.063723
5.458000;-0.173910;-0.073273;-0.111330
5.458500;-0.109390;-0.066081;-0.171690
5.459000;-0.018999;-0.077401;-0.227500
5.459500;0.071045;-0.090446;-0.254270
5.460000;0.153630;-0.089567;-0.291730
5.460500;0.236780;-0.102920;-0.316010
5.461000;0.294920;-0.100520;-0.343660
5.461500;0.322640;-0.085169;-0.359920
5.462000;0.308610;-0.073701;-0.362330
5.462500;0.286460;-0.057339;-0.346710
5.463000;0.233260;-0.037360;-0.304590
5.463500;0.169550;-0.029018;-0.243120
5.464000;0.088260;-0.010339;-0.178720
5.464500;-0.000649;-0.003552;-0.096487
5.465000;-0.068037;-0.026265;-0.009530
5.465500;-0.120690;-0.041993;0.102770
5.466000;-0.174300;-0.049561;0.213560
5.466500;-0.212710;-0.080119;0.294080
5.467000;-0.256150;-0.105890;0.366410
5.467500;-0.275890;-0.130470;0.422560
5.468000;-0.268360;-0.160130;0.488540
5.468500;-0.201460;-0.209870;0.570840
5.469000;-0.112210;-0.226200;0.626420
5.469500;-0.007679;-0.220180;0.638810
5.470000;0.146910;-0.243870;0.667510
5.470500;0.305640;-0.243940;0.674990
5.471000;0.418740;-0.226000;0.685200
5.471500;0.532150;-0.228990;0.680930
5.472000;0.606190;-0.214880;0.650240
5.472500;0.632030;-0.190370;0.620730
5.473000;0.626960;-0.175520;0.561880
5.473500;0.597420;-0.170710;0.523870
5.474000;0.547220;-0.174800;0.483640
5.474500;0.488080;-0.174230;0.456290
5.475000;0.414840;-0.165140;0.410550
5.475500;0.365130;-0.169640;0.357210
5.476000;0.293720;-0.164610;0.326370
5.476500;0.235840;-0.158560;0.310390
5.477000;0.151190;-0.137600;0.325320
5.477500;0.087794;-0.116150;0.346340
5.478000;0.049633;-0.100830;0.340800
5.478500;0.015658;-0.083709;0.341910
5.479000;0.010815;-0.065931;0.316110
5.479500;0.033400;-0.047008;0.264210
5.480000;0.060837;-0.053664;0.207710
5.480500;0.106800;-0.061450;0.138630
5.481000;0.139410;-0.062532;0.050452
5.481500;0.187400;-0.091852;-0.017306
5.482000;0.218310;-0.112210;-0.077843
5.482500;0.235870;-0.120600;-0.143990
5.483000;0.256100;-0.145880;-0.194800
5.483500;0.283300;-0.167240;-0.266150
5.484000;0.320100;-0.171820;-0.310260
5.484500;0.346600;-0.168850;-0.362700
5.485000;0.380490;-0.167310;-0.452730
5.485500;0.394520;-0.178410;-0.541800
5.486000;0.417540;-0.201270;-0.588840
5.486500;0.387460;-0.171680;-0.628850
5.487000;0.357190;-0.175180;-0.649420
5.487500;0.310650;-0.187780;-0.631240
5.488000;0.231150;-0.189260;-0.615360
5.488500;0.148880;-0.187170;-0.565850
5.489000;0.059276;-0.199130;-0.521010
5.489500;-0.024779;-0.206980;-0.456210
5.490000;-0.118200;-0.203860;-0.416280
5.490500;-0.180220;-0.215220;-0.393010
5.491000;-0.213280;-0.237660;-0.394480
5.491500;-0.242070;-0.233740;-0.403950
5.492000;-0.252960;-0.228650;-0.421000
5.492500;-0.240360;-0.228810;-0.442410
5.493000;-0.212730;-0.220280;-0.466240
5.493500;-0.172780;-0.206500;-0.491910
5.494000;-0.113270;-0.196760;-0.509340
5.494500;-0.061707;-0.184520;-0.534100
5.495000;-0.021649;-0.173970;-0.547560
5.495500;0.034151;-0.157740;-0.540660
5.496000;0.074635;-0.144120;-0.521980
5.496500;0.098825;-0.122470;-0.510210
5.497000;0.127530;-0.116700;-0.505360
5.497500;0.133750;-0.101530;-0.507430
5.498000;0.142130;-0.085984;-0.509380
5.498500;0.150090;-0.081333;-0.475790
5.499000;0.128490;-0.069995;-0.442090
5.499500;0.095161;-0.069872;-0.397400
5.500000;0.052897;-0.068457;-0.341270
5.500500;0.007679;-0.070597;-0.267370
5.501000;-0.068275;-0.035002;-0.188170
5.501500;-0.141010;-0.011019;-0.100610
5.502000;-0.187880;-0.060479;-0.007836
5.502500;-0.257550;-0.040043;0.079572
5.503000;-0.300210;0.043213;0.151100
5.503500;-0.280750;-0.094244;0.176060
5.504000;-0.291020;-0.044895;0.283450
5.504500;-0.307760;-0.040173;0.274020
5.505000;-0.220350;-0.105060;0.326150
5.505500;-0.161750;-0.042638;0.335650
5.506000;-0.077961;-0.019206;0.285310
5.506500;0.050029;-0.036740;0.266600
5.507000;0.173980;-0.020328;0.188050
5.507500;0.273910;0.019122;0.136150
5.508000;0.366290;0.033405;0.083242
5.508500;0.451390;0.032655;0.031858
5.509000;0.463630;0.072217;-0.006808
5.509500;0.477300;0.063619;-0.009737
5.510000;0.450330;0.050988;-0.017522
5.510500;0.425050;0.090058;-0.033239
5.511000;0.400220;0.090955;-0.040513
5.511500;0.412600;-0.010287;-0.038762
5.512000;0.331900;0.100980;-0.036214
5.512500;0.347950;0.046847;-0.065567
5.513000;0.292540;0.060578;-0.035674
5.513500;0.205540;0.053831;-0.071319
5.514000;0.183640;-0.015088;-0.027295
5.514500;0.118990;0.030303;-0.016462
5.515000;0.065681;0.031161;-0.011070
5.515500;0.045791;-0.026085;0.027972
5.516000;0.018993;-0.042739;0.036717
5.516500;0.005419;-0.034870;0.054517
5.517000;0.048749;-0.081335;0.109050
5.517500;0.092206;-0.105380;0.125910
5.518000;0.099504;-0.127120;0.104990
5.518500;0.156710;-0.167000;0.127770
5.519000;0.184450;-0.169550;0.105630
5.519500;0.192490;-0.184460;0.102220
5.520000;0.227910;-0.192230;0.109970
5.520500;0.221560;-0.160520;0.093843
5.521000;0.222330;-0.164760;0.080501
5.521500;0.244370;-0.183900;0.086117
5.522000;0.235700;-0.175880;0.093763
5.522500;0.233970;-0.176960;0.105410
5.523000;0.259460;-0.202030;0.121630
5.523500;0.249400;-0.182530;0.119810
5.524000;0.235020;-0.163500;0.117650
5.524500;0.248330;-0.170680;0.123150
5.525000;0.236870;-0.160070;0.130760
5.525500;0.243370;-0.144970;0.137520
5.526000;0.264860;-0.120270;0.147020
5.526500;0.276310;-0.104530;0.144270
5.527000;0.273460;-0.093700;0.159800
5.527500;0.265920;-0.087338;0.186010
5.528000;0.211120;-0.056078;0.234900
5.528500;0.136100;-0.040767;0.294110
5.529000;0.050231;-0.036218;0.369720
5.529500;-0.065350;-0.025592;0.430850
5.530000;-0.178030;-0.033363;0.492580
5.530500;-0.279350;-0.053934;0.552940
5.531000;-0.374150;-0.065118;0.602660
5.531500;-0.439200;-0.075857;0.608650
5.532000;-0.470140;-0.096144;0.581640
5.532500;-0.480400;-0.103640;0.508640
5.533000;-0.448380;-0.106000;0.414430
5.533500;-0.367960;-0.102410;0.311280
5.534000;-0.253860;-0.106700;0.192990
5.534500;-0.110170;-0.102350;0.079872
5.535000;0.036517;-0.077050;-0.045396
5.535500;0.193430;-0.061592;-0.152850
5.536000;0.355730;-0.048487;-0.253700
5.536500;0.469550;-0.018175;-0.330030
5.537000;0.552200;0.013588;-0.383980
5.537500;0.622440;0.022289;-0.421910
5.538000;0.626370;0.026100;-0.446020
5.538500;0.574580;0.031387;-0.456640
5.539000;0.484750;0.031532;-0.453660
5.539500;0.362020;0.032788;-0.413290
5.540000;0.205150;0.029288;-0.358840
5.540500;0.036322;0.021973;-0.290190
5.541000;-0.117650;0.006881;-0.231860
5.541500;-0.241570;0.000946;-0.178950
5.542000;-0.324690;-0.019213;-0.131360
5.542500;-0.386790;-0.016738;-0.081983
5.543000;-0.383550;-0.019689;-0.042868
5.543500;-0.338170;-0.014734;-0.002524
5.544000;-0.281350;-0.011458;0.018399
5.544500;-0.177220;-0.012994;0.037133
5.545000;-0.047962;-0.008719;0.033019
5.545500;0.083148;0.007963;0.022204
5.546000;0.228060;0.016111;-0.019284
5.546500;0.367700;0.011996;-0.074982
5.547000;0.486260;0.013145;-0.145040
5.547500;0.573740;0.012034;-0.200760
5.548000;0.613000;0.015161;-0.241650
5.548500;0.627870;0.026205;-0.279210
5.549000;0.613760;0.035616;-0.311340
5.549500;0.541080;0.054816;-0.332900
5.550000;0.458510;0.078557;-0.354280
5.550500;0.367220;0.094591;-0.349250
5.551000;0.271120;0.111920;-0.338940
5.551500;0.181030;0.144750;-0.323470
5.552000;0.102510;0.163980;-0.314240
5.552500;0.049691;0.185430;-0.329330
5.553000;0.008846;0.206230;-0.362770
5.553500;-0.023598;0.236640;-0.415180
5.554000;-0.032320;0.252530;-0.463740
5.554500;-0.026981;0.293770;-0.554060
5.555000;-0.011396;0.299230;-0.646810
5.555500;0.019084;0.297210;-0.749990
5.556000;0.045957;0.293060;-0.820850
5.556500;0.018251;0.295390;-0.853350
5.557000;0.009996;0.293230;-0.991450
5.557500;0.116460;0.302060;-1.127800
5.558000;0.252470;0.292800;-1.235800
5.558500;0.349100;0.287210;-1.288300
5.559000;0.431850;0.266230;-1.318400
5.559500;0.542180;0.246800;-1.341400
5.560000;0.641200;0.219300;-1.339200
5.560500;0.697090;0.192580;-1.319300
5.561000;0.679600;0.176600;-1.224900
5.561500;0.631080;0.149020;-1.088000
5.562000;0.565960;0.112590;-0.964520
5.562500;0.467460;0.097006;-0.857600
5.563000;0.338500;0.088274;-0.771350
5.563500;0.198330;0.079075;-0.694350
5.564000;0.033546;0.072092;-0.616990
5.564500;-0.106950;0.063213;-0.562980
5.565000;-0.222900;0.061609;-0.537680
5.565500;-0.312110;0.067597;-0.550120
5.566000;-0.351560;0.069098;-0.575060
5.566500;-0.372680;0.081253;-0.593430
5.567000;-0.353340;0.100020;-0.621980
5.567500;-0.293910;0.103820;-0.658500
5.568000;-0.203310;0.112120;-0.694780
5.568500;-0.090016;0.112810;-0.736280
5.569000;0.057857;0.095495;-0.735700
5.569500;0.187470;0.107300;-0.726390
5.570000;0.303240;0.100200;-0.699200
5.570500;0.392530;0.100510;-0.656830
5.571000;0.418220;0.113320;-0.624000
5.571500;0.423610;0.120950;-0.592580
5.572000;0.395020;0.128360;-0.572190
5.572500;0.327170;0.140350;-0.542650
5.573000;0.253980;0.159150;-0.528150
5.573500;0.151340;0.174320;-0.504530
5.574000;0.038825;0.209330;-0.467340
5.574500;-0.056192;0.190200;-0.447800
5.575000;-0.143190;0.212390;-0.398640
5.575500;-0.234390;0.227380;-0.372990
5.576000;-0.259340;0.209580;-0.310180
5.576500;-0.261920;0.214130;-0.228480
5.577000;-0.277450;0.228840;-0.157980
5.577500;-0.258450;0.214430;-0.070274
5.578000;-0.219170;0.210480;0.003237
5.578500;-0.218740;0.236810;0.072817
5.579000;-0.199700;0.226750;0.131300
5.579500;-0.170020;0.213760;0.188330
5.580000;-0.168550;0.219360;0.216430
5.580500;-0.146760;0.217350;0.238130
5.581000;-0.135280;0.200640;0.247260
5.581500;-0.124510;0.190220;0.254050
5.582000;-0.102250;0.179270;0.250320
5.582500;-0.079342;0.160590;0.262470
5.583000;-0.056162;0.155970;0.264650
5.583500;-0.020245;0.148470;0.275250
5.584000;0.016486;0.152710;0.290440
5.584500;0.050042;0.163330;0.292170
5.585000;0.098558;0.167480;0.295740
5.585500;0.143990;0.169400;0.294100
5.586000;0.146540;0.211950;0.270970
5.586500;0.143700;0.233890;0.242730
5.587000;0.143620;0.243340;0.242490
5.587500;0.100770;0.267610;0.242680
5.588000;0.040034;0.286670;0.265210
5.588500;-0.023927;0.299720;0.290880
5.589000;-0.090848;0.299760;0.309980
5.589500;-0.156250;0.310640;0.318550
5.590000;-0.205730;0.300770;0.318920
5.590500;-0.223800;0.291570;0.321220
5.591000;-0.206980;0.269930;0.312320
5.591500;-0.164220;0.250510;0.293220
5.592000;-0.103250;0.228330;0.250490
5.592500;-0.029947;0.217640;0.217120
5.593000;0.041614;0.200390;0.180600
5.593500;0.117710;0.177660;0.172750
5.594000;0.171960;0.188850;0.163400
5.594500;0.229550;0.186570;0.162780
5.595000;0.266330;0.198820;0.159660
5.595500;0.290960;0.196320;0.152920
5.596000;0.302430;0.206000;0.158740
5.596500;0.306000;0.221520;0.150760
5.597000;0.326410;0.216820;0.151940
5.597500;0.329400;0.222180;0.141440
5.598000;0.317920;0.238610;0.120970
5.598500;0.296950;0.239430;0.096873
5.599000;0.257680;0.250850;0.086123
5.599500;0.202330;0.275790;0.073162
5.600000;0.135890;0.289020;0.068182
5.600500;0.093241;0.299020;0.052166
5.601000;0.045681;0.310110;0.034232
5.601500;0.010229;0.312140;0.037069
5.602000;-0.012996;0.313930;0.048437
5.602500;-0.040643;0.315800;0.067726
5.603000;-0.050973;0.311410;0.093666
5.603500;-0.070212;0.306150;0.108300
5.604000;-0.084769;0.302580;0.132940
5.604500;-0.084277;0.296190;0.146420
5.605000;-0.100770;0.297070;0.134600
5.605500;-0.110500;0.281060;0.120890
5.606000;-0.126550;0.286800;0.069333
5.606500;-0.141850;0.295180;-0.008009
5.607000;-0.136440;0.300100;-0.103310
5.607500;-0.127620;0.308500;-0.214460
5.608000;-0.108870;0.325200;-0.321040
5.608500;-0.082579;0.343350;-0.411020
5.609000;-0.043301;0.354850;-0.493810
5.609500;0.000102;0.366330;-0.560870
5.610000;0.033558;0.370460;-0.614430
5.610500;0.056225;0.384080;-0.629780
5.611000;0.062088;0.384540;-0.620470
5.611500;0.040881;0.389540;-0.564850
5.612000;-0.008084;0.390810;-0.507510
5.612500;-0.097829;0.384820;-0.424910
5.613000;-0.207890;0.373430;-0.335030
5.613500;-0.335980;0.367120;-0.249930
5.614000;-0.478360;0.352450;-0.145940
5.614500;-0.598920;0.325620;-0.045384
5.615000;-0.713010;0.320220;0.015236
5.615500;-0.800790;0.300240;0.041736
5.616000;-0.841590;0.270110;0.072643
5.616500;-0.850830;0.260650;0.096065
5.617000;-0.832290;0.271850;0.113890
5.617500;-0.742230;0.262680;0.106290
5.618000;-0.609240;0.258080;0.052060
5.618500;-0.448520;0.247640;-0.024775
5.619000;-0.260420;0.256130;-0.102130
5.619500;-0.062686;0.264430;-0.189750
5.620000;0.135620;0.266900;-0.263850
5.620500;0.293370;0.274180;-0.346400
5.621000;0.402340;0.280340;-0.407740
5.621500;0.484440;0.277640;-0.472060
5.622000;0.502330;0.269300;-0.494620
5.622500;0.465540;0.279670;-0.494420
5.623000;0.393960;0.280540;-0.469750
5.623500;0.282320;0.284050;-0.429530
5.624000;0.158180;0.282050;-0.375650
5.624500;0.027052;0.278250;-0.321510
5.625000;-0.093646;0.266960;-0.248510
5.625500;-0.204110;0.266600;-0.170070
5.626000;-0.267770;0.262280;-0.092792
5.626500;-0.304520;0.250180;-0.043829
5.627000;-0.312760;0.243170;-0.012732
5.627500;-0.308190;0.263260;0.016334
5.628000;-0.250030;0.272760;0.025537
5.628500;-0.189050;0.286450;0.021645
5.629000;-0.091945;0.291650;-0.006855
5.629500;0.029451;0.286980;-0.062752
5.630000;0.153530;0.292370;-0.118570
5.630500;0.284940;0.311040;-0.204420
5.631000;0.413320;0.317870;-0.267770
5.631500;0.542320;0.320330;-0.315270
5.632000;0.628890;0.334500;-0.365970
5.632500;0.680890;0.332170;-0.423680
5.633000;0.736270;0.319070;-0.505990
5.633500;0.744840;0.300910;-0.533580
5.634000;0.698190;0.300810;-0.546280
5.634500;0.640260;0.296840;-0.544280
5.635000;0.558260;0.281820;-0.530620
5.635500;0.475430;0.264070;-0.520310
5.636000;0.395210;0.244140;-0.505480
5.636500;0.310300;0.236440;-0.488370
5.637000;0.223820;0.230150;-0.462990
5.637500;0.150360;0.216420;-0.425500
5.638000;0.063031;0.209700;-0.426660
5.638500;-0.022672;0.207540;-0.400030
5.639000;-0.104360;0.209680;-0.376110
5.639500;-0.187090;0.205460;-0.314090
5.640000;-0.264050;0.194110;-0.245420
5.640500;-0.359150;0.203890;-0.184200
5.641000;-0.426800;0.200790;-0.127160
5.641500;-0.452390;0.181150;-0.080393
5.642000;-0.455990;0.151690;-0.069855
5.642500;-0.435900;0.133660;-0.072040
5.643000;-0.376410;0.101270;-0.070286
5.643500;-0.303500;0.080234;-0.056856
5.644000;-0.233800;0.056338;-0.040465
5.644500;-0.152030;0.025652;-0.027678
5.645000;-0.099042;0.020699;-0.024638
5.645500;-0.081178;0.024158;-0.013743
5.646000;-0.066948;0.018278;0.012448
5.646500;-0.074926;0.032494;0.023098
5.647000;-0.083886;0.040293;0.039106
5.647500;-0.079812;0.045952;0.022608
5.648000;-0.078695;0.062637;-0.000016
5.648500;-0.053382;0.063056;-0.032448
5.649000;-0.022043;0.078915;-0.079232
5.649500;0.025116;0.081532;-0.122930
5.650000;0.082285;0.089401;-0.163020
5.650500;0.132960;0.097475;-0.197720
5.651000;0.158520;0.112470;-0.222470
5.651500;0.176200;0.130640;-0.247820
5.652000;0.197480;0.133960;-0.261340
5.652500;0.180870;0.143930;-0.267600
5.653000;0.153770;0.147900;-0.253900
5.653500;0.126390;0.144660;-0.225510
5.654000;0.089822;0.151620;-0.203240
5.654500;0.049720;0.148750;-0.190810
5.655000;0.015033;0.126210;-0.177030
5.655500;-0.013063;0.104710;-0.154330
5.656000;-0.039992;0.083110;-0.137010
5.656500;-0.046096;0.053173;-0.112110
5.657000;-0.054112;0.036183;-0.101440
5.657500;-0.058834;0.028232;-0.098370
5.658000;-0.040055;0.013323;-0.098883
5.658500;0.001027;-0.002198;-0.102310
5.659000;0.045316;-0.007763;-0.099065
5.659500;0.094105;-0.007599;-0.085392
5.660000;0.165860;-0.012027;-0.083363
5.660500;0.213670;-0.005425;-0.097764
5.661000;0.268890;-0.023592;-0.100100
5.661500;0.276900;-0.016655;-0.123660
5.662000;0.261420;0.002165;-0.120380
5.662500;0.235910;-0.011217;-0.106570
5.663000;0.197240;0.015924;-0.101940
5.663500;0.145610;-0.005790;-0.098309
5.664000;0.088583;-0.001134;-0.075477
5.664500;0.015981;0.004774;-0.079041
5.665000;-0.061308;0.009108;-0.049847
5.665500;-0.145830;0.017609;-0.022130
5.666000;-0.226650;0.011442;0.007525
5.666500;-0.280960;0.010176;0.030922
5.667000;-0.324580;-0.002693;0.041318
5.667500;-0.323930;-0.024680;0.048444
5.668000;-0.308970;-0.018432;0.050250
5.668500;-0.261850;-0.033131;0.035576
5.669000;-0.196510;-0.031172;-0.001109
5.669500;-0.127260;-0.024048;-0.073138
5.670000;-0.061086;-0.025203;-0.156670
5.670500;0.009333;-0.029025;-0.231670
5.671000;0.055311;-0.024526;-0.310320
5.671500;0.082458;-0.021242;-0.371810
5.672000;0.076896;-0.020459;-0.413780
5.672500;0.064131;-0.018624;-0.450240
5.673000;0.044262;-0.031093;-0.461050
5.673500;-0.003741;-0.049864;-0.432220
5.674000;-0.072593;-0.060199;-0.380300
5.674500;-0.172830;-0.073449;-0.317870
5.675000;-0.280790;-0.106050;-0.236640
5.675500;-0.390370;-0.130600;-0.149740
5.676000;-0.504030;-0.143520;-0.064534
5.676500;-0.615780;-0.164600;0.031661
5.677000;-0.696810;-0.189140;0.111000
5.677500;-0.746290;-0.190500;0.174890
5.678000;-0.750570;-0.201620;0.203000
5.678500;-0.707770;-0.208050;0.213690
5.679000;-0.636530;-0.208880;0.207790
5.679500;-0.507480;-0.208360;0.206200
5.680000;-0.386380;-0.181010;0.186200
5.680500;-0.242150;-0.172120;0.171850
5.681000;-0.069373;-0.159020;0.160260
5.681500;0.108280;-0.138150;0.143470
5.682000;0.274270;-0.125440;0.130500
5.682500;0.414440;-0.104690;0.106130
5.683000;0.527320;-0.090879;0.088549
5.683500;0.602240;-0.087049;0.086503
5.684000;0.621370;-0.074555;0.094468
5.684500;0.599840;-0.069816;0.134410
5.685000;0.547990;-0.083617;0.195180
5.685500;0.446640;-0.087150;0.289990
5.686000;0.312610;-0.079242;0.385630
5.686500;0.161070;-0.082033;0.480840
5.687000;0.023063;-0.093146;0.591060
5.687500;-0.087099;-0.065862;0.705290
5.688000;-0.196580;-0.076135;0.776100
5.688500;-0.274770;-0.055342;0.847940
5.689000;-0.302710;-0.051490;0.847320
5.689500;-0.293240;-0.075737;0.855910
5.690000;-0.254860;-0.063282;0.851160
5.690500;-0.189980;-0.051594;0.795970
5.691000;-0.091693;-0.066690;0.744340
5.691500;0.023964;-0.082320;0.659340
5.692000;0.115890;-0.067971;0.570020
5.692500;0.225930;-0.083071;0.489530
5.693000;0.345280;-0.103710;0.416540
5.693500;0.415260;-0.098230;0.351150
5.694000;0.469510;-0.116430;0.299680
5.694500;0.484510;-0.112170;0.249550
5.695000;0.481220;-0.106780;0.191230
5.695500;0.444480;-0.081634;0.149000
5.696000;0.385380;-0.070964;0.106740
5.696500;0.305110;-0.049954;0.058979
5.697000;0.223840;-0.026665;-0.002182
5.697500;0.161400;-0.019795;-0.044839
5.698000;0.091949;0.006304;-0.091380
5.698500;0.056760;0.019083;-0.149330
5.699000;0.043189;0.018600;-0.186640
5.699500;0.028718;0.036324;-0.263710
5.700000;0.040068;0.064147;-0.340890
5.700500;0.082561;0.054408;-0.426980
5.701000;0.132920;0.077978;-0.514540
5.701500;0.175780;0.087473;-0.584540
5.702000;0.242070;0.084302;-0.639740
5.702500;0.291290;0.092673;-0.701210
5.703000;0.310840;0.090817;-0.746680
5.703500;0.334790;0.091197;-0.797160
5.704000;0.335580;0.083852;-0.848030
5.704500;0.323960;0.062106;-0.903460
5.705000;0.320240;0.050742;-0.957200
5.705500;0.315090;0.029927;-1.005500
5.706000;0.335700;-0.006826;-1.040100
5.706500;0.359380;-0.024796;-1.076800
5.707000;0.378880;-0.041419;-1.102600
5.707500;0.390610;-0.038277;-1.127800
5.708000;0.426180;-0.053969;-1.131800
5.708500;0.459090;-0.051165;-1.130400
5.709000;0.489120;-0.037517;-1.130100
5.709500;0.491470;-0.008458;-1.152800
5.710000;0.480950;-0.004925;-1.150400
5.710500;0.475800;-0.004117;-1.124100
5.711000;0.428680;0.028007;-1.116100
5.711500;0.371650;0.034800;-1.085100
5.712000;0.320860;0.041656;-1.057000
5.712500;0.252270;0.060214;-1.038200
5.713000;0.187700;0.054146;-0.993670
5.713500;0.129160;0.040640;-0.937570
5.714000;0.056955;0.033318;-0.883090
5.714500;-0.019956;0.026384;-0.820540
5.715000;-0.108630;0.035378;-0.763890
5.715500;-0.191810;0.007825;-0.688350
5.716000;-0.250270;0.005124;-0.598500
5.716500;-0.293440;-0.006459;-0.513730
5.717000;-0.286830;-0.011639;-0.435630
5.717500;-0.261870;-0.020830;-0.387300
5.718000;-0.226020;-0.024391;-0.344570
5.718500;-0.188280;-0.028871;-0.319760
5.719000;-0.155550;-0.037104;-0.295030
5.719500;-0.115660;-0.067718;-0.241090
5.720000;-0.102240;-0.051395;-0.206670
5.720500;-0.122450;-0.047029;-0.191480
5.721000;-0.144860;-0.054468;-0.170630
5.721500;-0.181750;-0.053418;-0.172960
5.722000;-0.213520;-0.057646;-0.160250
5.722500;-0.228580;-0.076388;-0.128010
5.723000;-0.239980;-0.083978;-0.110540
5.723500;-0.249540;-0.102040;-0.106090
5.724000;-0.254370;-0.129820;-0.081922
5.724500;-0.292440;-0.141740;-0.047216
5.725000;-0.339550;-0.163050;0.009911
5.725500;-0.387620;-0.166680;0.078091
5.726000;-0.436800;-0.164640;0.133440
5.726500;-0.483070;-0.160170;0.173990
5.727000;-0.506700;-0.164830;0.203760
5.727500;-0.509110;-0.163210;0.230900
5.728000;-0.492670;-0.153370;0.239460
5.728500;-0.475400;-0.139660;0.259550
5.729000;-0.434590;-0.123970;0.258910
5.729500;-0.387500;-0.112870;0.262270
5.730000;-0.332600;-0.118390;0.281290
5.730500;-0.287850;-0.093928;0.312190
5.731000;-0.253400;-0.072896;0.328130
5.731500;-0.224240;-0.072445;0.356900
5.732000;-0.194050;-0.071900;0.382210
5.732500;-0.163170;-0.073707;0.398370
5.733000;-0.148000;-0.059891;0.417270
5.733500;-0.119790;-0.056465;0.426720
5.734000;-0.064770;-0.063613;0.442250
5.734500;-0.021826;-0.044613;0.435900
5.735000;0.031939;-0.038839;0.424590
5.735500;0.092237;-0.026337;0.406490
5.736000;0.158170;-0.015980;0.395800
5.736500;0.228950;-0.014430;0.399710
5.737000;0.279240;-0.007139;0.406660
5.737500;0.329480;0.001506;0.415080
5.738000;0.353090;0.008168;0.433670
5.738500;0.339810;0.016769;0.457750
5.739000;0.315520;0.019466;0.483680
5.739500;0.271240;0.025980;0.524410
5.740000;0.215740;0.013401;0.544960
5.740500;0.162140;0.010792;0.540160
5.741000;0.114300;-0.012406;0.521660
5.741500;0.048050;-0.010438;0.492460
5.742000;0.010979;-0.006944;0.445630
5.742500;-0.004969;-0.002133;0.388540
5.743000;0.014548;0.005719;0.301210
5.743500;0.049798;0.020889;0.202840
5.744000;0.115880;0.043641;0.103040
5.744500;0.214580;0.055086;0.014765
5.745000;0.322440;0.067156;-0.060981
5.745500;0.426480;0.075463;-0.130930
5.746000;0.495210;0.088632;-0.191470
5.746500;0.553030;0.082187;-0.226310
5.747000;0.576890;0.074548;-0.233260
5.747500;0.554380;0.073883;-0.230230
5.748000;0.511890;0.060375;-0.215580
5.748500;0.450100;0.048316;-0.201080
5.749000;0.362530;0.041389;-0.197630
5.749500;0.264480;0.017267;-0.192010
5.750000;0.155590;-0.002595;-0.174680
5.750500;0.036214;-0.009068;-0.151660
5.751000;-0.076201;-0.007102;-0.133280
5.751500;-0.178490;-0.005638;-0.140020
5.752000;-0.253520;-0.001946;-0.156910
5.752500;-0.305030;0.006902;-0.180450
5.753000;-0.325940;0.009096;-0.178930
5.753500;-0.297290;0.004133;-0.186550
5.754000;-0.215600;0.001475;-0.221750
5.754500;-0.119200;-0.007697;-0.281170
5.755000;-0.013561;-0.000153;-0.361600
5.755500;0.090303;0.001603;-0.449290
5.756000;0.185980;-0.004597;-0.521560
5.756500;0.248140;-0.034624;-0.589370
5.757000;0.260780;-0.031931;-0.637920
5.757500;0.252330;0.019642;-0.691250
5.758000;0.286370;-0.081384;-0.720310
5.758500;0.185630;0.033928;-0.706720
5.759000;0.207350;0.013631;-0.683690
5.759500;0.127530;0.072924;-0.659500
5.760000;0.072022;0.081563;-0.621100
5.760500;0.106120;0.029362;-0.515940
5.761000;0.033670;0.143700;-0.517060
5.761500;-0.000883;0.114370;-0.437340
5.762000;-0.029373;0.080054;-0.324360
5.762500;-0.102930;0.111000;-0.261480
5.763000;-0.145980;0.132570;-0.199830
5.763500;-0.130100;0.090157;-0.143560
5.764000;-0.133190;0.111500;-0.115840
5.764500;-0.117050;0.110340;-0.139840
5.765000;-0.088599;0.111900;-0.143340
5.765500;-0.033783;0.087162;-0.168330
5.766000;-0.002528;0.108770;-0.197450
5.766500;0.011945;0.125210;-0.240340
5.767000;0.061001;0.098368;-0.244090
5.767500;0.065171;0.117580;-0.263790
5.768000;0.100690;0.110040;-0.241290
5.768500;0.113190;0.100600;-0.219570
5.769000;0.081675;0.164010;-0.227820
5.769500;0.135830;0.119890;-0.187730
5.770000;0.113210;0.048541;-0.197920
5.770500;0.101870;0.102330;-0.132150
5.771000;0.075359;0.045539;-0.149260
5.771500;0.064206;0.041451;-0.125750
5.772000;0.049330;0.028726;-0.098219
5.772500;-0.008812;0.097719;-0.118990
5.773000;-0.033674;0.085884;-0.154000
5.773500;-0.042304;0.062335;-0.160560
5.774000;-0.086707;0.158150;-0.195740
5.774500;-0.085043;0.174850;-0.231120
5.775000;-0.065575;0.153000;-0.259160
5.775500;-0.063407;0.206620;-0.308720
5.776000;-0.017411;0.198560;-0.318370
5.776500;0.017185;0.211190;-0.317850
5.777000;0.092580;0.169570;-0.330540
5.777500;0.149930;0.174300;-0.280010
5.778000;0.190910;0.149670;-0.271400
5.778500;0.251710;0.113470;-0.224890
5.779000;0.322470;0.091370;-0.219010
5.779500;0.343640;0.085990;-0.193740
5.780000;0.373770;0.080231;-0.164980
5.780500;0.387390;0.025612;-0.124490
5.781000;0.365980;0.050281;-0.050281
5.781500;0.342950;0.075874;-0.043670
5.782000;0.317430;0.085603;-0.019804
5.782500;0.323420;0.067393;-0.003080
5.783000;0.299140;0.086346;-0.005418
5.783500;0.254210;0.117050;-0.020525
5.784000;0.231520;0.103360;-0.015519
5.784500;0.172170;0.109110;0.001900
5.785000;0.117700;0.106380;0.038810
5.785500;0.078533;0.105170;0.077957
5.786000;0.030048;0.094409;0.129240
5.786500;-0.010386;0.084711;0.189510
5.787000;-0.070510;0.098534;0.233300
5.787500;-0.124050;0.096663;0.281750
5.788000;-0.165390;0.102220;0.298840
5.788500;-0.222750;0.119880;0.295310
5.789000;-0.259090;0.116910;0.293170
5.789500;-0.284830;0.113160;0.298610
5.790000;-0.313240;0.123670;0.299870
5.790500;-0.336910;0.131230;0.311230
5.791000;-0.334390;0.135860;0.301080
5.791500;-0.334840;0.143640;0.292100
5.792000;-0.298280;0.127400;0.297730
5.792500;-0.251090;0.121990;0.287420
5.793000;-0.202640;0.108800;0.270110
5.793500;-0.142610;0.084974;0.247250
5.794000;-0.104650;0.075514;0.232360
5.794500;-0.079235;0.082974;0.228810
5.795000;-0.056702;0.089822;0.227350
5.795500;-0.054243;0.099503;0.229970
5.796000;-0.053248;0.103240;0.236540
5.796500;-0.054634;0.123730;0.246950
5.797000;-0.057082;0.136110;0.254220
5.797500;-0.061085;0.137010;0.251980
5.798000;-0.070652;0.139660;0.262360
5.798500;-0.083285;0.135980;0.272260
5.799000;-0.088313;0.130170;0.306180
5.799500;-0.066890;0.110730;0.330360
5.800000;-0.036391;0.101470;0.362600
5.800500;-0.006588;0.097059;0.380970
5.801000;0.031181;0.080387;0.423840
5.801500;0.062549;0.068469;0.470710
5.802000;0.077256;0.070429;0.532800
5.802500;0.093138;0.066250;0.599610
5.803000;0.100840;0.079669;0.658030
5.803500;0.109440;0.095177;0.690070
5.804000;0.128960;0.101990;0.694870
5.804500;0.158410;0.121610;0.672980
5.805000;0.200480;0.144830;0.610570
5.805500;0.270000;0.170950;0.519150
5.806000;0.360100;0.189790;0.391380
5.806500;0.481430;0.205040;0.260680
5.807000;0.628250;0.214350;0.123570
5.807500;0.782450;0.228480;-0.001885
5.808000;0.934850;0.253090;-0.132950
5.808500;1.071000;0.289790;-0.250510
5.809000;1.198700;0.316260;-0.365130
5.809500;1.289900;0.335070;-0.459810
5.810000;1.350800;0.343910;-0.536830
5.810500;1.362000;0.331440;-0.579900
5.811000;1.314200;0.344010;-0.607660
5.811500;1.193800;0.354120;-0.645890
5.812000;1.047900;0.343260;-0.651740
5.812500;0.870190;0.317580;-0.648420
5.813000;0.673880;0.310650;-0.612350
5.813500;0.483780;0.283850;-0.564340
5.814000;0.291560;0.253350;-0.516990
5.814500;0.133910;0.222630;-0.463810
5.815000;0.008560;0.180030;-0.410520
5.815500;-0.104260;0.156690;-0.358900
5.816000;-0.171220;0.129000;-0.309000
5.816500;-0.203300;0.104920;-0.263580
5.817000;-0.234720;0.086855;-0.217260
5.817500;-0.227020;0.056417;-0.184100
5.818000;-0.198530;0.033183;-0.162440
5.818500;-0.172920;0.004448;-0.143600
5.819000;-0.173070;-0.029868;-0.113050
5.819500;-0.198450;-0.077856;-0.066354
5.820000;-0.268790;-0.115700;-0.023822
5.820500;-0.356930;-0.157630;0.024510
5.821000;-0.458450;-0.180780;0.091610
5.821500;-0.575590;-0.212250;0.168720
5.822000;-0.683870;-0.211670;0.226190
5.822500;-0.765880;-0.216370;0.246170
5.823000;-0.832110;-0.216330;0.242190
5.823500;-0.848640;-0.202540;0.218950
5.824000;-0.811240;-0.193610;0.188330
5.824500;-0.751630;-0.175700;0.162430
5.825000;-0.669790;-0.162280;0.134850
5.825500;-0.594320;-0.116290;0.092208
5.826000;-0.552230;-0.088832;0.063295
5.826500;-0.501340;-0.062113;0.039123
5.827000;-0.449110;-0.032175;0.008545
5.827500;-0.373160;-0.027156;0.010159
5.828000;-0.285500;-0.011930;0.015279
5.828500;-0.225770;-0.002413;-0.001454
5.829000;-0.153730;-0.015944;0.016008
5.829500;-0.091373;-0.023551;0.046564
5.830000;-0.064270;-0.008261;0.092692
5.830500;-0.041392;-0.017301;0.143630
5.831000;-0.028468;-0.026172;0.200600
5.831500;-0.016606;-0.022540;0.239590
5.832000;-0.016714;-0.026752;0.255840
5.832500;0.021571;-0.041526;0.251700
5.833000;0.083087;-0.057123;0.224130
5.833500;0.144390;-0.044814;0.167890
5.834000;0.228480;-0.062905;0.109310
5.834500;0.324370;-0.068915;0.049131
5.835000;0.408370;-0.058006;0.010521
5.835500;0.495470;-0.064855;0.001152
5.836000;0.549160;-0.057815;0.022106
5.836500;0.578350;-0.047899;0.063800
5.837000;0.582480;-0.029684;0.110040
5.837500;0.546300;-0.025224;0.169620
5.838000;0.479470;-0.008208;0.226700
5.838500;0.380650;0.004107;0.268530
5.839000;0.245570;0.038626;0.303940
5.839500;0.084880;0.048766;0.324760
5.840000;-0.078652;0.067223;0.339680
5.840500;-0.215350;0.063022;0.355500
5.841000;-0.335270;0.075304;0.353160
5.841500;-0.396720;0.065492;0.350570
5.842000;-0.399800;0.060260;0.339000
5.842500;-0.405610;0.038250;0.342100
5.843000;-0.277110;0.097190;0.277610
5.843500;-0.206210;0.085652;0.263160
5.844000;-0.065632;0.111720;0.212940
5.844500;0.083886;0.148310;0.136400
5.845000;0.226860;0.149590;0.036151
5.845500;0.374420;0.177420;-0.052824
5.846000;0.479330;0.198060;-0.168640
5.846500;0.534030;0.216380;-0.300770
5.847000;0.580660;0.226340;-0.439860
5.847500;0.615950;0.245280;-0.566260
5.848000;0.614550;0.250090;-0.679570
5.848500;0.635640;0.220150;-0.768050
5.849000;0.609870;0.203460;-0.814150
5.849500;0.562260;0.166850;-0.830470
5.850000;0.493660;0.118810;-0.787570
5.850500;0.378350;0.107410;-0.726050
5.851000;0.284830;0.074535;-0.650080
5.851500;0.199380;0.037350;-0.545270
5.852000;0.123420;0.006591;-0.435250
5.852500;0.041518;-0.006683;-0.333920
5.853000;-0.023917;-0.024030;-0.255670
5.853500;-0.084861;-0.030075;-0.198980
5.854000;-0.141390;-0.046547;-0.148540
5.854500;-0.190890;-0.045747;-0.134340
5.855000;-0.210110;-0.048061;-0.131560
5.855500;-0.188880;-0.036586;-0.150670
5.856000;-0.124190;-0.031997;-0.185760
5.856500;-0.044216;-0.025110;-0.229120
5.857000;0.083091;-0.031080;-0.273590
5.857500;0.229880;-0.042496;-0.308360
5.858000;0.359960;-0.017673;-0.345360
5.858500;0.475760;-0.025488;-0.348970
5.859000;0.582860;-0.030429;-0.301150
5.859500;0.655660;-0.028751;-0.267620
5.860000;0.672530;-0.009160;-0.255480
5.860500;0.669470;-0.007194;-0.216640
5.861000;0.638550;0.013698;-0.181250
5.861500;0.579420;0.026119;-0.123520
5.862000;0.485870;0.035897;-0.046029
5.862500;0.391210;0.042010;0.038273
5.863000;0.280800;0.062043;0.114950
5.863500;0.145810;0.093259;0.171090
5.864000;0.029564;0.095927;0.211430
5.864500;-0.070651;0.092433;0.254150
5.865000;-0.137770;0.100620;0.293470
5.865500;-0.182200;0.107990;0.310730
5.866000;-0.196300;0.106050;0.311940
5.866500;-0.159960;0.095519;0.283900
5.867000;-0.108280;0.086548;0.259940
5.867500;-0.058934;0.091699;0.236300
5.868000;-0.004843;0.091925;0.216890
5.868500;0.056598;0.077222;0.211400
5.869000;0.085973;0.082862;0.214800
5.869500;0.077414;0.102620;0.199380
5.870000;0.065947;0.107840;0.168710
5.870500;0.056492;0.093037;0.122360
5.871000;0.029154;0.098228;0.097222
5.871500;0.009631;0.096360;0.072919
5.872000;0.018349;0.087486;0.035466
5.872500;0.048536;0.076128;-0.013499
5.873000;0.093953;0.064415;-0.047161
5.873500;0.135890;0.071099;-0.044891
5.874000;0.187490;0.074134;-0.029910
5.874500;0.258140;0.075676;0.013535
5.875000;0.318410;0.102840;0.045420
5.875500;0.338270;0.130410;0.073202
5.876000;0.358430;0.146260;0.119700
5.876500;0.368210;0.145770;0.161070
5.877000;0.322720;0.169470;0.187680
5.877500;0.260280;0.169130;0.197480
5.878000;0.177180;0.178660;0.209300
5.878500;0.086025;0.180050;0.207490
5.879000;-0.009649;0.166630;0.208340
5.879500;-0.117340;0.162640;0.193810
5.880000;-0.173460;0.157050;0.182230
5.880500;-0.186940;0.133080;0.175600
5.881000;-0.176620;0.118250;0.187640
5.881500;-0.126600;0.099286;0.182150
5.882000;-0.054705;0.087875;0.183960
5.882500;0.041696;0.079778;0.171830
5.883000;0.140740;0.087399;0.184510
5.883500;0.254500;0.084703;0.175970
5.884000;0.376030;0.092843;0.170700
5.884500;0.477020;0.097771;0.162770
5.885000;0.574280;0.106450;0.155020
5.885500;0.651390;0.116680;0.158120
5.886000;0.704820;0.115540;0.180390
5.886500;0.715870;0.128290;0.210720
5.887000;0.694330;0.131880;0.233350
5.887500;0.623810;0.131470;0.250210
5.888000;0.504060;0.132040;0.266950
5.888500;0.356420;0.143570;0.301670
5.889000;0.205920;0.140220;0.351700
5.889500;0.059833;0.136040;0.411750
5.890000;-0.073208;0.129360;0.460000
5.890500;-0.165830;0.105680;0.509200
5.891000;-0.235300;0.088599;0.542550
5.891500;-0.268240;0.072933;0.561430
5.892000;-0.286530;0.077602;0.552170
5.892500;-0.266330;0.068374;0.549180
5.893000;-0.217330;0.046394;0.547550
5.893500;-0.196260;0.055475;0.516450
5.894000;-0.164240;0.042184;0.491640
5.894500;-0.106840;0.023166;0.480920
5.895000;-0.055810;0.017283;0.475260
5.895500;0.002426;0.004459;0.486620
5.896000;0.053287;-0.016532;0.486760
5.896500;0.080342;-0.028050;0.484930
5.897000;0.103020;-0.051854;0.496950
5.897500;0.099245;-0.060562;0.511800
5.898000;0.067900;-0.062091;0.535340
5.898500;0.028765;-0.066531;0.559900
5.899000;-0.016570;-0.072888;0.586360
5.899500;-0.068039;-0.074999;0.611620
5.900000;-0.130960;-0.057025;0.606770
5.900500;-0.159530;-0.065353;0.600110
5.901000;-0.185200;-0.061357;0.590360
5.901500;-0.217910;-0.055772;0.566780
5.902000;-0.221230;-0.056924;0.558490
5.902500;-0.207290;-0.071838;0.558740
5.903000;-0.204330;-0.079541;0.565380
5.903500;-0.201700;-0.086020;0.583160
5.904000;-0.185100;-0.083897;0.587110
5.904500;-0.162530;-0.079047;0.592910
5.905000;-0.109430;-0.078693;0.572900
5.905500;-0.045219;-0.076976;0.549590
5.906000;0.038088;-0.080937;0.501910
5.906500;0.130710;-0.067241;0.445280
5.907000;0.197830;-0.051000;0.382630
5.907500;0.268910;-0.046174;0.335320
5.908000;0.303700;-0.026175;0.272780
5.908500;0.304140;-0.006892;0.228570
5.909000;0.289130;0.012256;0.196960
5.909500;0.250290;0.027725;0.171570
5.910000;0.217930;0.035088;0.167420
5.910500;0.184700;0.028141;0.148560
5.911000;0.148820;0.019131;0.131330
5.911500;0.102540;0.007522;0.126230
5.912000;0.065194;-0.008372;0.128380
5.912500;-0.005414;-0.022134;0.152310
5.913000;-0.087591;-0.029679;0.174520
5.913500;-0.184660;-0.031155;0.204670
5.914000;-0.262530;-0.049851;0.250330
5.914500;-0.318350;-0.060150;0.311720
5.915000;-0.354730;-0.071623;0.363150
5.915500;-0.372190;-0.086780;0.383550
5.916000;-0.378380;-0.088479;0.359260
5.916500;-0.359440;-0.095172;0.317080
5.917000;-0.335030;-0.089481;0.289170
5.917500;-0.298600;-0.075728;0.264350
5.918000;-0.231510;-0.038315;0.223410
5.918500;-0.182210;-0.034998;0.184110
5.919000;-0.120610;-0.016767;0.139560
5.919500;-0.062136;0.008490;0.117190
5.920000;-0.003040;0.024168;0.104940
5.920500;0.056214;0.051334;0.075478
5.921000;0.112680;0.079046;0.027764
5.921500;0.187260;0.095214;-0.020894
5.922000;0.266530;0.106150;-0.090704
5.922500;0.320210;0.127620;-0.146200
5.923000;0.403240;0.129940;-0.191880
5.923500;0.485990;0.120380;-0.215710
5.924000;0.538350;0.115120;-0.229950
5.924500;0.595850;0.095218;-0.230240
5.925000;0.609640;0.088345;-0.207850
5.925500;0.619820;0.077254;-0.179040
5.926000;0.600350;0.067626;-0.116800
5.926500;0.558090;0.053606;-0.035643
5.927000;0.521570;0.037814;0.036262
5.927500;0.478410;0.035347;0.113880
5.928000;0.467890;0.000834;0.190760
5.928500;0.468530;-0.025513;0.270420
5.929000;0.466050;-0.057814;0.348350
5.929500;0.491130;-0.080051;0.435230
5.930000;0.481290;-0.080091;0.482910
5.930500;0.458950;-0.085913;0.525680
5.931000;0.454970;-0.102120;0.565010
5.931500;0.430980;-0.097297;0.608000
5.932000;0.397720;-0.104420;0.648440
5.932500;0.387830;-0.118180;0.697460
5.933000;0.371210;-0.132800;0.749660
5.933500;0.324910;-0.139100;0.787240
5.934000;0.278190;-0.170400;0.810500
5.934500;0.215000;-0.210140;0.844050
5.935000;0.128060;-0.230800;0.869160
5.935500;0.004275;-0.251060;0.888450
5.936000;-0.130340;-0.282030;0.907190
5.936500;-0.248590;-0.311030;0.936530
5.937000;-0.388110;-0.313830;0.951450
5.937500;-0.532440;-0.315000;0.941700
5.938000;-0.657060;-0.317470;0.907260
5.938500;-0.747800;-0.315220;0.844260
5.939000;-0.814180;-0.299890;0.780030
5.939500;-0.852810;-0.273890;0.691050
5.940000;-0.850420;-0.272580;0.597920
5.940500;-0.827420;-0.261790;0.515400
5.941000;-0.818830;-0.264560;0.445500
5.941500;-0.801160;-0.273500;0.411300
5.942000;-0.791150;-0.292480;0.385250
5.942500;-0.806970;-0.304530;0.404120
5.943000;-0.824920;-0.316270;0.435100
5.943500;-0.864770;-0.343870;0.475900
5.944000;-0.901260;-0.383120;0.556240
5.944500;-0.915300;-0.435530;0.636790
5.945000;-0.933290;-0.461730;0.733170
5.945500;-0.947240;-0.492090;0.814760
5.946000;-0.947570;-0.522960;0.891960
5.946500;-0.926210;-0.535440;0.944540
5.947000;-0.882930;-0.553800;0.977650
5.947500;-0.821270;-0.564960;1.005500
5.948000;-0.727330;-0.574390;1.013200
5.948500;-0.606140;-0.597430;0.985300
5.949000;-0.492270;-0.601870;0.943390
5.949500;-0.359790;-0.617070;0.898990
5.950000;-0.232280;-0.624630;0.857700
5.950500;-0.116720;-0.607040;0.790740
5.951000;-0.002617;-0.622480;0.760370
5.951500;0.103660;-0.630830;0.738020
5.952000;0.181840;-0.608150;0.724940
5.952500;0.249010;-0.598470;0.723090
5.953000;0.311440;-0.597700;0.730570
5.953500;0.355730;-0.581180;0.729550
5.954000;0.379090;-0.556340;0.732590
5.954500;0.395690;-0.529770;0.741960
5.955000;0.421850;-0.508780;0.757090
5.955500;0.458550;-0.481870;0.755660
5.956000;0.518520;-0.453710;0.737830
5.956500;0.600760;-0.433370;0.730310
5.957000;0.673810;-0.372890;0.719970
5.957500;0.779760;-0.310950;0.697100
5.958000;0.904490;-0.298790;0.671620
5.958500;0.977330;-0.229530;0.670130
5.959000;1.085400;-0.112360;0.663810
5.959500;1.214300;-0.254090;0.596480
5.960000;1.292100;-0.154780;0.657780
5.960500;1.319700;-0.158490;0.605360
5.961000;1.340000;-0.137770;0.616890
5.961500;1.344700;-0.136550;0.624510
5.962000;1.273000;-0.111400;0.628070
5.962500;1.156600;-0.102710;0.639250
5.963000;1.015000;-0.140670;0.641240
5.963500;0.832050;-0.080700;0.694390
5.964000;0.671830;-0.094170;0.709080
5.964500;0.558180;-0.175780;0.755800
5.965000;0.411780;-0.172150;0.796140
5.965500;0.368570;-0.119820;0.849890
5.966000;0.363120;-0.255410;0.837760
5.966500;0.400760;-0.254630;0.927500
5.967000;0.421160;-0.260390;0.899560
5.967500;0.535130;-0.295930;0.924900
5.968000;0.623680;-0.280890;0.901520
5.968500;0.709760;-0.269060;0.866390
5.969000;0.790650;-0.256430;0.855460
5.969500;0.787740;-0.218460;0.752740
5.970000;0.795900;-0.186280;0.683370
5.970500;0.813240;-0.180550;0.560180
5.971000;0.804700;-0.138680;0.407910
5.971500;0.797010;-0.145150;0.283650
5.972000;0.818180;-0.159620;0.190500
5.972500;0.773140;-0.161830;0.087022
5.973000;0.740620;-0.188040;0.027973
5.973500;0.655860;-0.218620;-0.014446
5.974000;0.566020;-0.221890;-0.007176
5.974500;0.461630;-0.258110;0.029397
5.975000;0.362060;-0.285380;0.105650
5.975500;0.233800;-0.307600;0.179440
5.976000;0.116690;-0.328990;0.250110
5.976500;0.022830;-0.383940;0.345850
5.977000;-0.068296;-0.390170;0.426710
5.977500;-0.156040;-0.417440;0.457630
5.978000;-0.214080;-0.446040;0.476960
5.978500;-0.238130;-0.471540;0.488400
5.979000;-0.240320;-0.491150;0.492270
5.979500;-0.230170;-0.523830;0.496480
5.980000;-0.205290;-0.536100;0.499020
5.980500;-0.171930;-0.543980;0.512780
5.981000;-0.122360;-0.569270;0.558230
5.981500;-0.070802;-0.573580;0.614100
5.982000;-0.038544;-0.580620;0.667310
5.982500;0.003717;-0.609080;0.712740
5.983000;-0.002449;-0.617480;0.715750
5.983500;-0.040742;-0.627700;0.701510
5.984000;-0.084902;-0.644500;0.689090
5.984500;-0.147270;-0.669600;0.684190
5.985000;-0.190640;-0.674690;0.581930
5.985500;-0.347440;-0.681110;0.625830
5.986000;-0.397340;-0.701830;0.519180
5.986500;-0.473870;-0.695240;0.567630
5.987000;-0.563860;-0.670000;0.545750
5.987500;-0.633580;-0.626880;0.525800
5.988000;-0.538000;-0.641480;0.418650
5.988500;-0.441810;-0.693820;0.423820
5.989000;-0.349600;-0.691130;0.362650
5.989500;-0.325110;-0.659140;0.349960
5.990000;-0.277720;-0.629510;0.344600
5.990500;-0.204380;-0.628770;0.290510
5.991000;-0.135760;-0.649500;0.248940
5.991500;-0.102160;-0.682060;0.245680
5.992000;-0.058187;-0.706610;0.229430
5.992500;-0.059513;-0.694500;0.186810
5.993000;-0.123070;-0.702450;0.119300
5.993500;-0.184510;-0.699400;0.040114
5.994000;-0.231700;-0.711220;-0.046393
5.994500;-0.262770;-0.729740;-0.141340
5.995000;-0.284050;-0.754880;-0.203000
5.995500;-0.282480;-0.757750;-0.246230
5.996000;-0.276120;-0.773020;-0.286720
5.996500;-0.210270;-0.776460;-0.304730
5.997000;-0.193210;-0.746630;-0.343230
5.997500;-0.132670;-0.718440;-0.385540
5.998000;0.005373;-0.738690;-0.427790
5.998500;0.095811;-0.707480;-0.431050
5.999000;0.192300;-0.696540;-0.448140
5.999500;0.307110;-0.648900;-0.452500
6.000000;0.386890;-0.631730;-0.490110
6.000500;0.412200;-0.605150;-0.494630
6.001000;0.431840;-0.534450;-0.533520
6.001500;0.435830;-0.512720;-0.569290
6.002000;0.425730;-0.487090;-0.573370
6.002500;0.422030;-0.457890;-0.577550
6.003000;0.410330;-0.421620;-0.621900
6.003500;0.385120;-0.422240;-0.634920
6.004000;0.396880;-0.420610;-0.629750
6.004500;0.363380;-0.389330;-0.594830
6.005000;0.331450;-0.359550;-0.553260
6.005500;0.333200;-0.362100;-0.503780
6.006000;0.318140;-0.331950;-0.469950
6.006500;0.351850;-0.327910;-0.461320
6.007000;0.409160;-0.332650;-0.436620
6.007500;0.466310;-0.318460;-0.404270
6.008000;0.531480;-0.318030;-0.384470
6.008500;0.571470;-0.321470;-0.320090
6.009000;0.588060;-0.299160;-0.277450
6.009500;0.603440;-0.292860;-0.242920
6.010000;0.597180;-0.289590;-0.183230
6.010500;0.556470;-0.291270;-0.139410
6.011000;0.461630;-0.279210;-0.064852
6.011500;0.363280;-0.285330;-0.001148
6.012000;0.248480;-0.291760;0.083261
6.012500;0.143130;-0.304030;0.147040
6.013000;0.045162;-0.316730;0.234720
6.013500;-0.043275;-0.326930;0.313780
6.014000;-0.092632;-0.356300;0.415070
6.014500;-0.105230;-0.383180;0.517970
6.015000;-0.108890;-0.403640;0.611820
6.015500;-0.079018;-0.434130;0.686120
6.016000;-0.045052;-0.461970;0.751240
6.016500;0.001714;-0.470620;0.799130
6.017000;0.047427;-0.485070;0.838950
6.017500;0.094341;-0.517520;0.877390
6.018000;0.131500;-0.474780;0.908410
6.018500;0.211900;-0.528210;0.923260
6.019000;0.230670;-0.510430;0.953620
6.019500;0.261090;-0.513840;0.950640
6.020000;0.275490;-0.543770;0.978910
6.020500;0.259650;-0.525450;0.998070
6.021000;0.247080;-0.544570;1.024000
6.021500;0.181260;-0.536920;1.072100
6.022000;0.110900;-0.545010;1.084900
6.022500;0.023454;-0.539880;1.098400
6.023000;-0.044768;-0.550380;1.094600
6.023500;-0.097722;-0.567160;1.092800
6.024000;-0.149010;-0.556740;1.060900
6.024500;-0.180370;-0.552990;1.038300
6.025000;-0.198550;-0.546650;0.965060
6.025500;-0.212130;-0.538370;0.894620
6.026000;-0.222550;-0.533970;0.814040
6.026500;-0.225990;-0.521300;0.747850
6.027000;-0.218280;-0.514140;0.696530
6.027500;-0.177540;-0.536080;0.681910
6.028000;-0.131280;-0.520730;0.652770
6.028500;-0.084533;-0.527140;0.605440
6.029000;-0.016109;-0.541160;0.576130
6.029500;0.026612;-0.528730;0.519170
6.030000;0.079287;-0.523890;0.462080
6.030500;0.123280;-0.517940;0.406670
6.031000;0.132970;-0.498660;0.348040
6.031500;0.142630;-0.480010;0.302600
6.032000;0.120800;-0.453370;0.249150
6.032500;0.084947;-0.415350;0.203170
6.033000;0.026028;-0.387120;0.153290
6.033500;-0.070296;-0.346290;0.117520
6.034000;-0.182040;-0.302140;0.071395
6.034500;-0.289200;-0.275860;0.047671
6.035000;-0.416340;-0.232790;0.022788
6.035500;-0.511160;-0.220570;0.000844
6.036000;-0.591960;-0.199250;-0.006838
6.036500;-0.647300;-0.193290;-0.012247
6.037000;-0.677910;-0.183950;-0.023414
6.037500;-0.706910;-0.166880;-0.047816
6.038000;-0.700920;-0.168730;-0.071127
6.038500;-0.678480;-0.157390;-0.101160
6.039000;-0.642760;-0.138620;-0.149020
6.039500;-0.611190;-0.133560;-0.193410
6.040000;-0.564440;-0.125020;-0.238550
6.040500;-0.522160;-0.118440;-0.283330
6.041000;-0.486570;-0.105980;-0.311760
6.041500;-0.445490;-0.098429;-0.345970
6.042000;-0.415510;-0.078469;-0.376460
6.042500;-0.393820;-0.055436;-0.404290
6.043000;-0.366960;-0.045432;-0.422580
6.043500;-0.344210;-0.024302;-0.420470
6.044000;-0.333830;-0.004698;-0.413600
6.044500;-0.306030;0.003574;-0.389340
6.045000;-0.301970;0.021849;-0.364040
6.045500;-0.281990;0.038946;-0.340090
6.046000;-0.262210;0.055292;-0.312600
6.046500;-0.253250;0.062087;-0.264210
6.047000;-0.215910;0.070444;-0.220800
6.047500;-0.184410;0.065174;-0.188330
6.048000;-0.161530;0.069769;-0.134380
6.048500;-0.092760;0.040649;-0.087177
6.049000;-0.051381;0.023308;0.001591
6.049500;0.002231;0.031485;0.086049
6.050000;0.080781;0.013906;0.171850
6.050500;0.142920;0.008458;0.251370
6.051000;0.194860;-0.006257;0.317280
6.051500;0.287800;-0.004266;0.380960
6.052000;0.370990;-0.002074;0.425440
6.052500;0.467260;-0.019566;0.484110
6.053000;0.539990;-0.007887;0.523800
6.053500;0.609520;-0.005228;0.561760
6.054000;0.640390;0.018372;0.594240
6.054500;0.666920;0.028591;0.602950
6.055000;0.673360;0.049664;0.633780
6.055500;0.658220;0.063922;0.654000
6.056000;0.635450;0.089802;0.670050
6.056500;0.583350;0.130940;0.663900
6.057000;0.550320;0.123910;0.664530
6.057500;0.467680;0.187850;0.675860
6.058000;0.403860;0.242970;0.694920
6.058500;0.371470;0.185640;0.706280
6.059000;0.280790;0.225140;0.720850
6.059500;0.213750;0.403090;0.714510
6.060000;0.240300;0.197330;0.625920
6.060500;0.203890;0.255240;0.725350
6.061000;0.092116;0.258330;0.620430
6.061500;0.104110;0.196840;0.649700
6.062000;0.048000;0.225680;0.606410
6.062500;-0.063656;0.283970;0.550730
6.063000;-0.097036;0.215690;0.524580
6.063500;-0.158440;0.269210;0.425350
6.064000;-0.250160;0.325910;0.350950
6.064500;-0.242040;0.295210;0.285480
6.065000;-0.238750;0.293460;0.177490
6.065500;-0.245040;0.279790;0.084148
6.066000;-0.211220;0.294000;0.002782
6.066500;-0.195540;0.289230;-0.102850
6.067000;-0.156020;0.294590;-0.139040
6.067500;-0.114520;0.295960;-0.209640
6.068000;-0.080521;0.287160;-0.233150
6.068500;-0.059619;0.302540;-0.301070
6.069000;0.000330;0.251010;-0.322270
6.069500;0.014011;0.241650;-0.314150
6.070000;-0.009211;0.263370;-0.346870
6.070500;-0.018551;0.207190;-0.315740
6.071000;-0.033129;0.203120;-0.318390
6.071500;-0.101780;0.208850;-0.343410
6.072000;-0.111360;0.174770;-0.326130
6.072500;-0.138280;0.164400;-0.328260
6.073000;-0.198220;0.193150;-0.339930
6.073500;-0.174230;0.151730;-0.322660
6.074000;-0.155370;0.167820;-0.341340
6.074500;-0.134760;0.156270;-0.361460
6.075000;-0.067765;0.123540;-0.340670
6.075500;-0.055898;0.147300;-0.329620
6.076000;-0.043303;0.140490;-0.297520
6.076500;-0.041673;0.138910;-0.249310
6.077000;-0.066526;0.146100;-0.223090
6.077500;-0.088471;0.136250;-0.192810
6.078000;-0.116270;0.131300;-0.182680
6.078500;-0.145570;0.135030;-0.186960
6.079000;-0.175700;0.136010;-0.202810
6.079500;-0.192220;0.143560;-0.221970
6.080000;-0.197150;0.145140;-0.242480
6.080500;-0.192510;0.156960;-0.280630
6.081000;-0.174350;0.170630;-0.325030
6.081500;-0.140340;0.180000;-0.363640
6.082000;-0.096626;0.209000;-0.398400
6.082500;-0.025024;0.214030;-0.422810
6.083000;0.057312;0.226270;-0.430810
6.083500;0.114620;0.245030;-0.474140
6.084000;0.156270;0.242890;-0.501700
6.084500;0.161430;0.259640;-0.514650
6.085000;0.140220;0.271130;-0.508930
6.085500;0.096844;0.272300;-0.452310
6.086000;0.023390;0.274400;-0.427560
6.086500;-0.077531;0.283860;-0.406640
6.087000;-0.165060;0.265010;-0.376640
6.087500;-0.275830;0.262270;-0.325390
6.088000;-0.380510;0.249290;-0.277840
6.088500;-0.470810;0.233600;-0.208300
6.089000;-0.554030;0.211330;-0.144380
6.089500;-0.609740;0.190720;-0.063209
6.090000;-0.660220;0.182180;0.014590
6.090500;-0.692600;0.171230;0.096426
6.091000;-0.700270;0.164120;0.191020
6.091500;-0.688040;0.157120;0.266960
6.092000;-0.654330;0.135890;0.328840
6.092500;-0.594160;0.130730;0.375910
6.093000;-0.513060;0.142960;0.413960
6.093500;-0.419090;0.137070;0.437060
6.094000;-0.352250;0.113050;0.437990
6.094500;-0.274560;0.123820;0.463470
6.095000;-0.257090;0.148850;0.439790
6.095500;-0.233330;0.148960;0.419420
6.096000;-0.210830;0.154510;0.413710
6.096500;-0.227380;0.207810;0.349830
6.097000;-0.227290;0.202260;0.314230
6.097500;-0.216780;0.190150;0.285870
6.098000;-0.212930;0.218300;0.256430
6.098500;-0.196030;0.225640;0.230810
6.099000;-0.174840;0.227180;0.198920
6.099500;-0.175730;0.247240;0.178760
6.100000;-0.160810;0.256680;0.176230
6.100500;-0.149040;0.271260;0.170010
6.101000;-0.120600;0.291820;0.166290
6.101500;-0.054069;0.304630;0.146650
6.102000;0.015378;0.312740;0.111600
6.102500;0.084952;0.344450;0.062313
6.103000;0.190680;0.358830;-0.003805
6.103500;0.296780;0.361550;-0.057891
6.104000;0.421160;0.386660;-0.098627
6.104500;0.502960;0.400590;-0.171640
6.105000;0.619750;0.384110;-0.217510
6.105500;0.715570;0.391920;-0.265920
6.106000;0.765010;0.411110;-0.325840
6.106500;0.815860;0.374060;-0.328650
6.107000;0.826890;0.369020;-0.346130
6.107500;0.803130;0.379870;-0.350710
6.108000;0.786840;0.345250;-0.340040
6.108500;0.724530;0.333530;-0.325530
6.109000;0.635030;0.315260;-0.303140
6.109500;0.555060;0.294820;-0.252320
6.110000;0.436470;0.291860;-0.234710
6.110500;0.326960;0.280480;-0.205390
6.111000;0.212770;0.259200;-0.184090
6.111500;0.096997;0.265750;-0.181880
6.112000;0.000687;0.271270;-0.181860
6.112500;-0.063529;0.255200;-0.186710
6.113000;-0.086931;0.244980;-0.195930
6.113500;-0.098931;0.236440;-0.232740
6.114000;-0.091155;0.222140;-0.264550
6.114500;-0.044992;0.212570;-0.287030
6.115000;0.005864;0.211760;-0.303050
6.115500;0.054745;0.225880;-0.318380
6.116000;0.124870;0.191190;-0.312280
6.116500;0.173100;0.185480;-0.311760
6.117000;0.214610;0.170450;-0.321100
6.117500;0.221250;0.181570;-0.314480
6.118000;0.217710;0.180250;-0.317270
6.118500;0.204470;0.163750;-0.311120
6.119000;0.184970;0.160840;-0.308230
6.119500;0.139930;0.155160;-0.324220
6.120000;0.106120;0.147450;-0.311820
6.120500;0.049245;0.133830;-0.304660
6.121000;-0.028768;0.142050;-0.273450
6.121500;-0.088587;0.118870;-0.224930
6.122000;-0.166940;0.116890;-0.181760
6.122500;-0.239810;0.112560;-0.128780
6.123000;-0.301270;0.098329;-0.091305
6.123500;-0.365050;0.101540;-0.071217
6.124000;-0.401390;0.080730;-0.055853
6.124500;-0.441770;0.079449;-0.056781
6.125000;-0.466990;0.067645;-0.057625
6.125500;-0.477000;0.063297;-0.061644
6.126000;-0.488460;0.064269;-0.070295
6.126500;-0.460820;0.060119;-0.061454
6.127000;-0.455440;0.085187;-0.078690
6.127500;-0.428810;0.089024;-0.086449
6.128000;-0.386050;0.082710;-0.079635
6.128500;-0.332530;0.102680;-0.105010
6.129000;-0.280100;0.111350;-0.114470
6.129500;-0.210970;0.111500;-0.128570
6.130000;-0.159410;0.128650;-0.151530
6.130500;-0.106750;0.126700;-0.163310
6.131000;-0.057957;0.131610;-0.173890
6.131500;-0.023987;0.151920;-0.212100
6.132000;0.003611;0.152740;-0.251440
6.132500;0.012679;0.162570;-0.286360
6.133000;0.001553;0.164280;-0.305480
6.133500;-0.000515;0.152630;-0.294710
6.134000;-0.040763;0.188620;-0.295690
6.134500;-0.089932;0.219710;-0.282650
6.135000;-0.127390;0.180490;-0.268480
6.135500;-0.213770;0.194230;-0.242280
6.136000;-0.287550;0.278980;-0.213640
6.136500;-0.299790;0.167210;-0.220720
6.137000;-0.358710;0.187200;-0.162310
6.137500;-0.421290;0.161080;-0.194440
6.138000;-0.415120;0.105220;-0.177030
6.138500;-0.452730;0.115020;-0.193770
6.139000;-0.450880;0.081999;-0.194240
6.139500;-0.396830;0.044509;-0.179540
6.140000;-0.361510;0.024024;-0.219240
6.140500;-0.288830;0.026128;-0.220430
6.141000;-0.161350;-0.015097;-0.245680
6.141500;-0.055688;-0.015008;-0.261360
6.142000;0.054484;-0.018695;-0.272660
6.142500;0.161430;-0.014824;-0.259200
6.143000;0.222690;-0.001978;-0.274170
6.143500;0.278860;-0.004411;-0.279630
6.144000;0.286880;0.011693;-0.292830
6.144500;0.269450;0.033724;-0.307950
6.145000;0.233070;0.050707;-0.325900
6.145500;0.219220;0.042789;-0.314240
6.146000;0.171500;0.072289;-0.310540
6.146500;0.128240;0.083446;-0.341310
6.147000;0.133490;0.043452;-0.329240
6.147500;0.110910;0.068505;-0.333760
6.148000;0.089001;0.076078;-0.304940
6.148500;0.086634;0.054742;-0.246710
6.149000;0.067736;0.072695;-0.201900
6.149500;0.037096;0.084475;-0.152750
6.150000;0.038258;0.072785;-0.095755
6.150500;0.025714;0.085730;-0.049410
6.151000;0.016790;0.088704;0.014668
6.151500;0.031802;0.078509;0.071905
6.152000;0.026660;0.093326;0.099499
6.152500;0.029736;0.090942;0.133450
6.153000;0.048146;0.078650;0.167820
6.153500;0.036117;0.100700;0.181660
6.154000;0.028461;0.114330;0.181690
6.154500;0.029402;0.115580;0.171350
6.155000;0.023722;0.138020;0.150400
6.155500;0.029641;0.160570;0.092788
6.156000;0.025091;0.179890;0.038917
6.156500;0.015481;0.197820;-0.024981
6.157000;0.029672;0.217950;-0.087349
6.157500;0.039317;0.233640;-0.131940
6.158000;0.039391;0.258560;-0.174900
6.158500;0.040228;0.273660;-0.217760
6.159000;0.041960;0.286030;-0.263400
6.159500;0.022274;0.300740;-0.328400
6.160000;0.006362;0.293060;-0.367990
6.160500;-0.029702;0.294210;-0.386810
6.161000;-0.074575;0.298190;-0.400410
6.161500;-0.124070;0.287970;-0.395500
6.162000;-0.165750;0.278000;-0.395300
6.162500;-0.209010;0.268850;-0.378520
6.163000;-0.233020;0.259540;-0.358240
6.163500;-0.227040;0.241540;-0.341010
6.164000;-0.203920;0.222430;-0.324140
6.164500;-0.173420;0.199800;-0.320440
6.165000;-0.141360;0.188170;-0.302340
6.165500;-0.127170;0.176560;-0.284250
6.166000;-0.111940;0.164460;-0.270690
6.166500;-0.106590;0.154920;-0.246190
6.167000;-0.098079;0.144440;-0.224050
6.167500;-0.089139;0.141710;-0.209080
6.168000;-0.069501;0.128870;-0.189360
6.168500;-0.029358;0.111920;-0.177580
6.169000;0.017009;0.102570;-0.177470
6.169500;0.051691;0.078955;-0.176190
6.170000;0.081134;0.053564;-0.161490
6.170500;0.093920;0.038460;-0.135420
6.171000;0.087072;0.023584;-0.109710
6.171500;0.064058;0.006716;-0.077174
6.172000;0.031222;-0.004100;-0.037382
6.172500;0.023836;-0.020130;0.000072
6.173000;0.007209;-0.020038;0.038205
6.173500;-0.001966;-0.025547;0.070088
6.174000;0.013633;-0.026992;0.099085
6.174500;0.030876;-0.020656;0.114510
6.175000;0.050367;-0.008845;0.130240
6.175500;0.084480;0.003911;0.135870
6.176000;0.130010;0.013951;0.146840
6.176500;0.170780;0.040669;0.134480
6.177000;0.208520;0.079600;0.088251
6.177500;0.254300;0.099875;0.028095
6.178000;0.320250;0.116030;-0.057983
6.178500;0.375780;0.153060;-0.147250
6.179000;0.432000;0.133200;-0.252490
6.179500;0.484740;0.138990;-0.327280
6.180000;0.494640;0.150090;-0.412510
6.180500;0.507280;0.119100;-0.444830
6.181000;0.482940;0.123670;-0.455670
6.181500;0.414180;0.124580;-0.453580
6.182000;0.344590;0.090602;-0.416250
6.182500;0.243250;0.078473;-0.383140
6.183000;0.111800;0.066849;-0.329970
6.183500;-0.015288;0.048422;-0.259190
6.184000;-0.154740;0.035128;-0.200310
6.184500;-0.303290;0.030012;-0.139200
6.185000;-0.426900;0.009143;-0.086507
6.185500;-0.540480;-0.003409;-0.066867
6.186000;-0.616110;-0.016640;-0.053732
6.186500;-0.655550;-0.045558;-0.057081
6.187000;-0.667540;-0.056991;-0.080268
6.187500;-0.652820;-0.069030;-0.112750
6.188000;-0.611700;-0.091009;-0.139620
6.188500;-0.558950;-0.090172;-0.151900
6.189000;-0.502160;-0.081617;-0.175860
6.189500;-0.407030;-0.084833;-0.192740
6.190000;-0.318160;-0.068156;-0.219160
6.190500;-0.232840;-0.043633;-0.256910
6.191000;-0.127390;-0.042852;-0.302480
6.191500;-0.035299;-0.028222;-0.363820
6.192000;0.026050;-0.005592;-0.430030
6.192500;0.068158;0.007441;-0.483700
6.193000;0.076783;0.024455;-0.510660
6.193500;0.062704;0.034174;-0.539860
6.194000;0.045601;0.035858;-0.538030
6.194500;0.010874;0.054162;-0.531970
6.195000;0.003582;0.056483;-0.496560
6.195500;-0.002999;0.052766;-0.442390
6.196000;-0.006394;0.059505;-0.380000
6.196500;-0.001098;0.061677;-0.313490
6.197000;0.001541;0.068293;-0.248230
6.197500;-0.000727;0.074099;-0.180930
6.198000;-0.015265;0.085966;-0.120230
6.198500;-0.033196;0.094353;-0.063441
6.199000;-0.052864;0.105530;-0.018769
6.199500;-0.067922;0.116430;0.007597
6.200000;-0.064416;0.114740;0.037005
6.200500;-0.039561;0.114200;0.058194
6.201000;-0.005615;0.113210;0.073808
6.201500;0.047476;0.093977;0.085138
6.202000;0.106630;0.071776;0.109310
6.202500;0.152740;0.063024;0.136920
6.203000;0.193240;0.051663;0.171950
6.203500;0.208220;0.045080;0.212350
6.204000;0.209390;0.034337;0.237910
6.204500;0.204920;0.033781;0.262660
6.205000;0.181570;0.040705;0.262580
6.205500;0.157260;0.039704;0.250700
6.206000;0.139830;0.048587;0.227080
6.206500;0.110100;0.065343;0.201990
6.207000;0.062566;0.085623;0.187710
6.207500;0.022405;0.108790;0.158980
6.208000;-0.040612;0.155120;0.135090
6.208500;-0.078102;0.166760;0.102860
6.209000;-0.120510;0.182010;0.067865
6.209500;-0.159950;0.195470;0.036957
6.210000;-0.166960;0.190790;-0.003392
6.210500;-0.178060;0.198770;-0.044693
6.211000;-0.180220;0.191720;-0.080416
6.211500;-0.176260;0.187180;-0.097151
6.212000;-0.184450;0.188460;-0.117730
6.212500;-0.176720;0.165430;-0.132240
6.213000;-0.162370;0.147110;-0.163540
6.213500;-0.167360;0.137070;-0.191610
6.214000;-0.151780;0.108120;-0.210520
6.214500;-0.138580;0.090157;-0.227610
6.215000;-0.143570;0.082817;-0.241270
6.215500;-0.145010;0.059015;-0.241210
6.216000;-0.140290;0.043532;-0.237860
6.216500;-0.126250;0.029767;-0.236160
6.217000;-0.105970;0.021178;-0.231720
6.217500;-0.076022;-0.023443;-0.239910
6.218000;-0.055519;-0.027153;-0.241090
6.218500;-0.050027;0.037109;-0.268520
6.219000;0.047695;-0.076686;-0.267350
6.219500;0.055760;-0.040261;-0.254040
6.220000;0.140680;-0.022835;-0.264390
6.220500;0.134070;0.032978;-0.328730
6.221000;0.201530;-0.009368;-0.318380
6.221500;0.276870;-0.017070;-0.292980
6.222000;0.252250;0.077439;-0.352750
6.222500;0.280980;0.013615;-0.357890
6.223000;0.296980;0.001258;-0.331450
6.223500;0.244780;0.041347;-0.328110
6.224000;0.192680;0.050492;-0.296540
6.224500;0.180290;0.024186;-0.255150
6.225000;0.132370;0.054815;-0.217460
6.225500;0.104220;0.055038;-0.172960
6.226000;0.092781;0.082289;-0.135190
6.226500;0.101190;0.104530;-0.143670
6.227000;0.145550;0.112030;-0.150990
6.227500;0.215210;0.106050;-0.169180
6.228000;0.257580;0.152650;-0.193900
6.228500;0.307870;0.165470;-0.258410
6.229000;0.369800;0.160810;-0.295530
6.229500;0.387860;0.196960;-0.350280
6.230000;0.399330;0.197000;-0.388870
6.230500;0.424630;0.183220;-0.395500
6.231000;0.430610;0.194120;-0.428630
6.231500;0.414660;0.201840;-0.445170
6.232000;0.407420;0.175830;-0.442530
6.232500;0.367510;0.180380;-0.441510
6.233000;0.310440;0.167160;-0.424820
6.233500;0.246870;0.136250;-0.382610
6.234000;0.152350;0.117340;-0.358350
6.234500;0.050668;0.082729;-0.303320
6.235000;-0.057668;0.048102;-0.241380
6.235500;-0.167120;0.023375;-0.197360
6.236000;-0.250680;-0.018268;-0.145510
6.236500;-0.300260;-0.072745;-0.090880
6.237000;-0.329260;-0.113140;-0.052352
6.237500;-0.336120;-0.153010;-0.011245
6.238000;-0.296930;-0.195110;0.026731
6.238500;-0.266710;-0.206830;0.056368
6.239000;-0.230280;-0.207820;0.096703
6.239500;-0.182080;-0.215510;0.118900
6.240000;-0.142690;-0.200730;0.132560
6.240500;-0.106980;-0.183550;0.144320
6.241000;-0.085923;-0.163640;0.153370
6.241500;-0.063650;-0.154250;0.163390
6.242000;-0.052247;-0.150730;0.174930
6.242500;-0.064761;-0.139150;0.175960
6.243000;-0.112720;-0.124420;0.179640
6.243500;-0.164110;-0.128670;0.202460
6.244000;-0.213270;-0.135460;0.239060
6.244500;-0.263110;-0.133990;0.286010
6.245000;-0.293160;-0.133930;0.329580
6.245500;-0.290050;-0.134240;0.366060
6.246000;-0.267740;-0.131150;0.397170
6.246500;-0.223030;-0.124910;0.441350
6.247000;-0.156490;-0.105170;0.489150
6.247500;-0.103590;-0.076047;0.534240
6.248000;-0.036020;-0.046393;0.573000
6.248500;0.045733;-0.030096;0.603100
6.249000;0.117750;0.001551;0.627780
6.249500;0.168330;0.033788;0.621050
6.250000;0.225100;0.049582;0.578190
6.250500;0.274950;0.044205;0.520300
6.251000;0.309720;0.044685;0.454210
6.251500;0.327140;0.052429;0.371790
6.252000;0.342240;0.044995;0.297610
6.252500;0.355860;0.037454;0.231600
6.253000;0.338980;0.044278;0.146940
6.253500;0.317570;0.042725;0.074978
6.254000;0.284080;0.042246;0.009371
6.254500;0.240400;0.055220;-0.052763
6.255000;0.190410;0.062992;-0.101340
6.255500;0.139480;0.067392;-0.137250
6.256000;0.080177;0.076511;-0.172310
6.256500;0.026315;0.074578;-0.199420
6.257000;-0.019455;0.063142;-0.217420
6.257500;-0.066704;0.064708;-0.236040
6.258000;-0.100210;0.045105;-0.231060
6.258500;-0.135830;0.029535;-0.206520
6.259000;-0.167290;0.004165;-0.194160
6.259500;-0.195310;-0.020386;-0.186470
6.260000;-0.236260;-0.057559;-0.182920
6.260500;-0.287210;-0.076185;-0.177500
6.261000;-0.323930;-0.113910;-0.169720
6.261500;-0.356590;-0.150340;-0.168640
6.262000;-0.392870;-0.181920;-0.169600
6.262500;-0.394020;-0.215470;-0.172090
6.263000;-0.399940;-0.222680;-0.169220
6.263500;-0.383300;-0.243840;-0.164020
6.264000;-0.342700;-0.258200;-0.160920
6.264500;-0.321160;-0.265970;-0.176100
6.265000;-0.283130;-0.282910;-0.177920
6.265500;-0.233980;-0.308780;-0.178540
6.266000;-0.181600;-0.329950;-0.154730
6.266500;-0.142530;-0.325530;-0.126500
6.267000;-0.111580;-0.318520;-0.097988
6.267500;-0.098014;-0.309550;-0.100330
6.268000;-0.072347;-0.305290;-0.095154
6.268500;-0.060203;-0.294090;-0.088689
6.269000;-0.045009;-0.275450;-0.074191
6.269500;-0.019698;-0.278620;-0.044867
6.270000;-0.020042;-0.268060;-0.003980
6.270500;-0.039049;-0.253270;0.015300
6.271000;-0.055678;-0.231710;0.044438
6.271500;-0.078064;-0.207880;0.079354
6.272000;-0.090490;-0.189920;0.111130
6.272500;-0.094161;-0.164280;0.125170
6.273000;-0.094835;-0.149370;0.124930
6.273500;-0.082880;-0.134130;0.115880
6.274000;-0.043919;-0.111410;0.098859
6.274500;-0.002752;-0.090998;0.082256
6.275000;0.053364;-0.079788;0.064015
6.275500;0.117420;-0.065147;0.036034
6.276000;0.183650;-0.039427;-0.007659
6.276500;0.234060;-0.010997;-0.071358
6.277000;0.311390;-0.005835;-0.138410
6.277500;0.373820;0.012479;-0.207120
6.278000;0.430000;0.046580;-0.283340
6.278500;0.483620;0.053543;-0.365670
6.279000;0.529960;0.060711;-0.440920
6.279500;0.552560;0.083301;-0.513100
6.280000;0.572190;0.107330;-0.567060
6.280500;0.581330;0.120480;-0.607990
6.281000;0.570190;0.141570;-0.630120
6.281500;0.546240;0.164740;-0.641690
6.282000;0.494810;0.185050;-0.649700
6.282500;0.439180;0.180820;-0.640560
6.283000;0.359220;0.183620;-0.628890
6.283500;0.249340;0.187230;-0.610130
6.284000;0.123370;0.185600;-0.586210
6.284500;0.002217;0.179740;-0.571470
6.285000;-0.123200;0.170790;-0.559650
6.285500;-0.205470;0.152540;-0.559010
6.286000;-0.278000;0.145090;-0.574070
6.286500;-0.292180;0.115000;-0.593860
6.287000;-0.245500;0.092725;-0.611380
6.287500;-0.184200;0.078553;-0.642060
6.288000;-0.100180;0.065548;-0.658670
6.288500;-0.012679;0.059649;-0.689250
6.289000;0.069151;0.049590;-0.712240
6.289500;0.145840;0.055878;-0.722850
6.290000;0.218510;0.051380;-0.741370
6.290500;0.275360;0.059371;-0.747230
6.291000;0.326600;0.052653;-0.761350
6.291500;0.346780;0.056464;-0.764130
6.292000;0.347070;0.052729;-0.759550
6.292500;0.330370;0.051474;-0.731070
6.293000;0.309900;0.039279;-0.686670
6.293500;0.265200;0.021981;-0.620160
6.294000;0.182990;0.054777;-0.560610
6.294500;0.108920;0.028647;-0.485790
6.295000;0.018403;-0.000699;-0.390390
6.295500;-0.065283;0.025734;-0.291640
6.296000;-0.147830;0.033095;-0.229150
6.296500;-0.173350;-0.019121;-0.139180
6.297000;-0.198050;-0.017211;-0.057481
6.297500;-0.252900;0.041265;-0.022867
6.298000;-0.250650;-0.002091;0.039638
6.298500;-0.261090;-0.015852;0.098827
6.299000;-0.295850;0.024463;0.132830
6.299500;-0.307730;0.016187;0.149400
6.300000;-0.285660;0.004137;0.168630
6.300500;-0.268610;0.014359;0.173100
6.301000;-0.248270;0.023798;0.170190
6.301500;-0.208360;0.016321;0.149320
6.302000;-0.152650;0.026364;0.114990
6.302500;-0.096568;0.034964;0.044480
6.303000;-0.035257;0.039155;-0.017152
6.303500;0.010919;0.059411;-0.067377
6.304000;0.080719;0.055475;-0.105810
6.304500;0.137460;0.061542;-0.132130
6.305000;0.142400;0.104440;-0.167230
6.305500;0.176930;0.101970;-0.166450
6.306000;0.210750;0.096250;-0.131540
6.306500;0.210420;0.127230;-0.106950
6.307000;0.207630;0.131340;-0.061951
6.307500;0.225500;0.109440;-0.020018
6.308000;0.193410;0.112290;0.038526
6.308500;0.150540;0.101650;0.101800
6.309000;0.094720;0.096335;0.180840
6.309500;0.022449;0.095771;0.273570
6.310000;-0.042352;0.086516;0.384460
6.310500;-0.094318;0.086405;0.475400
6.311000;-0.129840;0.082277;0.544970
6.311500;-0.132880;0.064206;0.614170
6.312000;-0.120800;0.055562;0.674430
6.312500;-0.117560;0.060866;0.704670
6.313000;-0.104430;0.053285;0.713460
6.313500;-0.073374;0.055745;0.694440
6.314000;-0.042703;0.063115;0.656970
6.314500;0.007316;0.057290;0.612630
6.315000;0.062238;0.068211;0.547740
6.315500;0.124480;0.100410;0.468600
6.316000;0.203270;0.112770;0.367170
6.316500;0.260770;0.155550;0.251060
6.317000;0.342770;0.169670;0.112310
6.317500;0.405240;0.211210;-0.011531
6.318000;0.443230;0.241330;-0.151660
6.318500;0.482930;0.273000;-0.252590
6.319000;0.516160;0.305270;-0.347620
6.319500;0.514510;0.330480;-0.406090
6.320000;0.512340;0.339530;-0.432060
6.320500;0.524760;0.347000;-0.432110
6.321000;0.533850;0.359590;-0.423940
6.321500;0.528490;0.357430;-0.399560
6.322000;0.528360;0.369890;-0.368990
6.322500;0.523530;0.370080;-0.337350
6.323000;0.525000;0.348000;-0.287750
6.323500;0.471300;0.415360;-0.240170
6.324000;0.453830;0.389530;-0.210390
6.324500;0.395790;0.422150;-0.174910
6.325000;0.353100;0.400430;-0.154340
6.325500;0.342710;0.370520;-0.079043
6.326000;0.295290;0.391350;-0.060466
6.326500;0.288520;0.354630;-0.014076
6.327000;0.275450;0.304610;0.033638
6.327500;0.267060;0.259370;0.082212
6.328000;0.219430;0.247270;0.146810
6.328500;0.182130;0.211720;0.208490
6.329000;0.126200;0.166770;0.297300
6.329500;0.063435;0.129170;0.354400
6.330000;-0.021526;0.117540;0.417960
6.330500;-0.102920;0.082697;0.447370
6.331000;-0.173820;0.049120;0.488890
6.331500;-0.262680;0.041424;0.511800
6.332000;-0.314700;0.038914;0.540210
6.332500;-0.391350;0.037838;0.546510
6.333000;-0.454360;0.024891;0.555750
6.333500;-0.517190;0.041687;0.558570
6.334000;-0.599610;0.055709;0.543140
6.334500;-0.676220;0.050401;0.574070
6.335000;-0.760310;0.070305;0.584810
6.335500;-0.835120;0.099021;0.587570
6.336000;-0.866070;0.078453;0.572410
6.336500;-0.878750;0.085699;0.547690
6.337000;-0.868770;0.102770;0.508170
6.337500;-0.800390;0.072502;0.488640
6.338000;-0.710720;0.062796;0.477490
6.338500;-0.629840;0.071813;0.459770
6.339000;-0.541160;0.074655;0.451530
6.339500;-0.437800;0.087128;0.454950
6.340000;-0.354570;0.100790;0.473080
6.340500;-0.276390;0.114350;0.499040
6.341000;-0.207890;0.108810;0.527180
6.341500;-0.151810;0.116520;0.539040
6.342000;-0.091693;0.104070;0.527670
6.342500;-0.044043;0.078793;0.504820
6.343000;-0.015165;0.056211;0.480560
6.343500;-0.007439;0.037904;0.472220
6.344000;-0.001566;0.013285;0.461070
6.344500;-0.017442;-0.012141;0.434180
6.345000;-0.043704;-0.029104;0.404410
6.345500;-0.061394;-0.043850;0.384500
6.346000;-0.077057;-0.058207;0.376140
6.346500;-0.078009;-0.062459;0.396460
6.347000;-0.081353;-0.052790;0.412630
6.347500;-0.064319;-0.047990;0.417440
6.348000;-0.050520;-0.043057;0.422100
6.348500;-0.040174;-0.027393;0.435090
6.349000;-0.039115;-0.012322;0.442870
6.349500;-0.041177;0.000208;0.445760
6.350000;-0.064497;0.029352;0.435200
6.350500;-0.085277;0.048915;0.410240
6.351000;-0.077699;0.063384;0.353060
6.351500;-0.083347;0.097959;0.268660
6.352000;-0.061570;0.128820;0.178570
6.352500;-0.007715;0.151470;0.081958
6.353000;0.036481;0.193710;-0.023352
6.353500;0.106240;0.221380;-0.120080
6.354000;0.180970;0.249100;-0.216490
6.354500;0.242710;0.283220;-0.333230
6.355000;0.303810;0.315480;-0.426360
6.355500;0.352240;0.335860;-0.510600
6.356000;0.376120;0.358200;-0.574640
6.356500;0.373610;0.370850;-0.643200
6.357000;0.376330;0.369420;-0.707660
6.357500;0.343080;0.374950;-0.784330
6.358000;0.312910;0.358080;-0.830080
6.358500;0.294960;0.332490;-0.855500
6.359000;0.255300;0.317840;-0.864280
6.359500;0.221140;0.279900;-0.854410
6.360000;0.183850;0.262370;-0.834140
6.360500;0.147510;0.227170;-0.818130
6.361000;0.172840;0.207760;-0.774800
6.361500;0.156060;0.175070;-0.695820
6.362000;0.167170;0.155480;-0.620140
6.362500;0.173320;0.138020;-0.563340
6.363000;0.186820;0.116650;-0.517840
6.363500;0.205330;0.075435;-0.463420
6.364000;0.207290;0.073239;-0.405610
6.364500;0.179820;0.108910;-0.363720
6.365000;0.211780;0.031051;-0.336710
6.365500;0.171030;0.042173;-0.301620
6.366000;0.189250;0.073509;-0.277490
6.366500;0.147210;0.094881;-0.333740
6.367000;0.146600;0.059420;-0.338370
6.367500;0.198400;0.022942;-0.317330
6.368000;0.163310;0.118520;-0.375930
6.368500;0.205310;0.085974;-0.373690
6.369000;0.265940;0.042691;-0.345970
6.369500;0.268320;0.087395;-0.343750
6.370000;0.296420;0.079892;-0.324560
6.370500;0.342520;0.049462;-0.269770
6.371000;0.340480;0.062740;-0.223690
6.371500;0.334290;0.039855;-0.181090
6.372000;0.308150;0.029695;-0.127380
6.372500;0.264420;0.043713;-0.092463
6.373000;0.197990;0.045698;-0.047762
6.373500;0.130720;0.031726;0.013076
6.374000;0.035830;0.056369;0.071130
6.374500;-0.066157;0.050413;0.095925
6.375000;-0.157450;0.036800;0.124580
6.375500;-0.260000;0.049782;0.122430
6.376000;-0.335090;0.022136;0.138470
6.376500;-0.408510;0.000919;0.163390
6.377000;-0.465780;0.000730;0.139710
6.377500;-0.495590;-0.022648;0.108210
6.378000;-0.495520;-0.067292;0.093595
6.378500;-0.482960;-0.083715;0.064641
6.379000;-0.450800;-0.103030;0.033826
6.379500;-0.391340;-0.136820;0.014381
6.380000;-0.319200;-0.167340;0.005335
6.380500;-0.269720;-0.181010;0.017194
6.381000;-0.223010;-0.194940;0.024694
6.381500;-0.181680;-0.202070;0.021402
6.382000;-0.169880;-0.213930;0.024855
6.382500;-0.189270;-0.226650;0.045556
6.383000;-0.251310;-0.216970;0.065128
6.383500;-0.328820;-0.223500;0.084147
6.384000;-0.391870;-0.240220;0.108200
6.384500;-0.483840;-0.246930;0.124690
6.385000;-0.572690;-0.250830;0.153600
6.385500;-0.636370;-0.264910;0.193010
6.386000;-0.667850;-0.280060;0.234720
6.386500;-0.682180;-0.284340;0.258770
6.387000;-0.651540;-0.293700;0.266140
6.387500;-0.596140;-0.295850;0.264240
6.388000;-0.522360;-0.293130;0.277150
6.388500;-0.421870;-0.296030;0.289340
6.389000;-0.318460;-0.269770;0.294050
6.389500;-0.204560;-0.263380;0.283240
6.390000;-0.080425;-0.254400;0.263600
6.390500;0.034749;-0.228580;0.247320
6.391000;0.140140;-0.222590;0.248680
6.391500;0.244810;-0.217020;0.260460
6.392000;0.321370;-0.214230;0.271260
6.392500;0.406630;-0.216340;0.274600
6.393000;0.475380;-0.218150;0.268260
6.393500;0.530540;-0.210150;0.261960
6.394000;0.581760;-0.208170;0.266530
6.394500;0.624550;-0.204410;0.280650
6.395000;0.658410;-0.196970;0.291560
6.395500;0.689720;-0.187750;0.297980
6.396000;0.708900;-0.169900;0.283270
6.396500;0.702990;-0.150300;0.276970
6.397000;0.681660;-0.131280;0.283350
6.397500;0.646120;-0.109240;0.332070
6.398000;0.594530;-0.095929;0.382960
6.398500;0.517370;-0.068316;0.417090
6.399000;0.449720;-0.025962;0.447490
6.399500;0.403040;-0.014437;0.495220
6.400000;0.372180;-0.069763;0.534250
6.400500;0.288580;0.031708;0.584290
6.401000;0.312560;-0.006824;0.567530
6.401500;0.296160;0.020363;0.541190
6.402000;0.311690;0.005271;0.535110
6.402500;0.359790;0.003987;0.520980
6.403000;0.390300;0.042260;0.462530
6.403500;0.449780;0.016196;0.469400
6.404000;0.502250;0.018160;0.479770
6.404500;0.548850;0.025072;0.474510
6.405000;0.585060;0.042893;0.491170
6.405500;0.624600;0.037222;0.518960
6.406000;0.637320;0.049650;0.564370
6.406500;0.619610;0.057619;0.598150
6.407000;0.579220;0.060843;0.675000
6.407500;0.538970;0.052402;0.715340
6.408000;0.457260;0.065170;0.733810
6.408500;0.378530;0.051922;0.729270
6.409000;0.310890;0.037529;0.726440
6.409500;0.222660;0.033215;0.690960
6.410000;0.169590;0.016259;0.669680
6.410500;0.113260;0.019626;0.634400
6.411000;0.072271;0.004463;0.579680
6.411500;0.061707;-0.025801;0.556240
6.412000;0.061439;-0.043697;0.511800
6.412500;0.075185;-0.043345;0.488760
6.413000;0.118760;-0.081915;0.457970
6.413500;0.136000;-0.091310;0.445680
6.414000;0.146510;-0.101540;0.426210
6.414500;0.156840;-0.118420;0.407930
6.415000;0.130830;-0.133400;0.390630
6.415500;0.072264;-0.117680;0.371180
6.416000;0.010620;-0.110180;0.338380
6.416500;-0.048103;-0.109930;0.319030
6.417000;-0.121870;-0.104800;0.282270
6.417500;-0.185690;-0.113400;0.219730
6.418000;-0.229640;-0.128460;0.187090
6.418500;-0.248380;-0.131750;0.151310
6.419000;-0.269190;-0.136560;0.101210
6.419500;-0.260930;-0.140140;0.070767
6.420000;-0.245090;-0.148550;0.031123
6.420500;-0.225710;-0.161000;0.025083
6.421000;-0.200390;-0.175460;0.033864
6.421500;-0.179610;-0.172690;0.031242
6.422000;-0.144900;-0.172070;0.034444
6.422500;-0.119760;-0.179270;0.031199
6.423000;-0.105840;-0.185110;0.030174
6.423500;-0.090586;-0.205060;0.040668
6.424000;-0.099475;-0.213590;0.043222
6.424500;-0.139780;-0.209500;0.031162
6.425000;-0.185570;-0.214030;0.033088
6.425500;-0.236440;-0.213670;0.048149
6.426000;-0.293130;-0.206460;0.039667
6.426500;-0.341820;-0.203580;0.021316
6.427000;-0.363340;-0.222390;-0.001148
6.427500;-0.363260;-0.213680;-0.038342
6.428000;-0.345280;-0.216530;-0.082003
6.428500;-0.311120;-0.226730;-0.117130
6.429000;-0.263770;-0.225070;-0.154750
6.429500;-0.219010;-0.214380;-0.188990
6.430000;-0.180330;-0.203040;-0.208970
6.430500;-0.136750;-0.194660;-0.226690
6.431000;-0.094878;-0.167490;-0.250160
6.431500;-0.047076;-0.164080;-0.271350
6.432000;0.004450;-0.149200;-0.304190
6.432500;0.034848;-0.137460;-0.346430
6.433000;0.092776;-0.134700;-0.376130
6.433500;0.119710;-0.128570;-0.411120
6.434000;0.177020;-0.172300;-0.447890
6.434500;0.243950;-0.102650;-0.475130
6.435000;0.248670;-0.143450;-0.512720
6.435500;0.275000;-0.163210;-0.515110
6.436000;0.314120;-0.168270;-0.498460
6.436500;0.349790;-0.163400;-0.458690
6.437000;0.399820;-0.171900;-0.436450
6.437500;0.440910;-0.157670;-0.384610
6.438000;0.474860;-0.158170;-0.328360
6.438500;0.497240;-0.154110;-0.278320
6.439000;0.470560;-0.144580;-0.222460
6.439500;0.462730;-0.140020;-0.166070
6.440000;0.419500;-0.118960;-0.091251
6.440500;0.376560;-0.112640;-0.017434
6.441000;0.353870;-0.126500;0.034966
6.441500;0.313600;-0.119200;0.080024
6.442000;0.311410;-0.097998;0.071202
6.442500;0.330690;-0.128800;0.051002
6.443000;0.347440;-0.137250;0.038253
6.443500;0.358200;-0.070682;-0.011278
6.444000;0.424800;-0.096584;-0.034551
6.444500;0.459630;-0.158900;-0.083153
6.445000;0.512630;-0.086856;-0.057423
6.445500;0.509640;-0.070925;-0.123870
6.446000;0.574610;-0.116590;-0.115880
6.446500;0.613460;-0.107700;-0.082780
6.447000;0.577850;-0.018244;-0.134870
6.447500;0.586140;-0.042408;-0.111550
6.448000;0.571490;-0.075577;-0.094106
6.448500;0.501930;-0.013035;-0.093914
6.449000;0.438910;-0.042669;-0.108500
6.449500;0.401180;-0.074207;-0.097506
6.450000;0.290280;0.000947;-0.100340
6.450500;0.248690;-0.054377;-0.105800
6.451000;0.130970;-0.029160;-0.122010
6.451500;0.109570;-0.040811;-0.156730
6.452000;0.024121;-0.002667;-0.209850
6.452500;0.012553;-0.072453;-0.177620
6.453000;0.021168;-0.129930;-0.095441
6.453500;-0.035973;-0.086685;-0.082121
6.454000;-0.025824;-0.155730;-0.002835
6.454500;-0.046864;-0.192410;0.060299
6.455000;-0.098997;-0.208950;0.168420
6.455500;-0.128150;-0.254700;0.312270
6.456000;-0.205720;-0.259350;0.403190
6.456500;-0.276220;-0.289330;0.504780
6.457000;-0.339470;-0.335850;0.583150
6.457500;-0.458360;-0.323120;0.635520
6.458000;-0.531870;-0.374900;0.674250
6.458500;-0.604400;-0.401140;0.693790
6.459000;-0.681410;-0.426250;0.694470
6.459500;-0.700590;-0.452900;0.719380
6.460000;-0.712020;-0.466330;0.722840
6.460500;-0.671690;-0.499720;0.726600
6.461000;-0.623240;-0.501000;0.711490
6.461500;-0.590800;-0.487200;0.684010
6.462000;-0.498690;-0.508350;0.717380
6.462500;-0.406890;-0.481980;0.737170
6.463000;-0.332340;-0.447040;0.744340
6.463500;-0.243510;-0.447790;0.725870
6.464000;-0.185450;-0.412650;0.666790
6.464500;-0.130880;-0.407970;0.625400
6.465000;-0.059247;-0.402820;0.613410
6.465500;-0.016064;-0.386490;0.577560
6.466000;0.013319;-0.388390;0.547260
6.466500;0.047293;-0.404030;0.525520
6.467000;0.052316;-0.385530;0.511240
6.467500;0.075372;-0.379760;0.520480
6.468000;0.093839;-0.373010;0.524350
6.468500;0.096769;-0.358420;0.529580
6.469000;0.125240;-0.330690;0.525180
6.469500;0.146390;-0.302310;0.500170
6.470000;0.175190;-0.281890;0.479420
6.470500;0.199730;-0.262740;0.444720
6.471000;0.220020;-0.242830;0.422420
6.471500;0.235250;-0.228920;0.403740
6.472000;0.244860;-0.209300;0.385390
6.472500;0.260660;-0.186080;0.379770
6.473000;0.261080;-0.177890;0.365680
6.473500;0.243280;-0.170270;0.346270
6.474000;0.232270;-0.161440;0.324330
6.474500;0.223760;-0.157970;0.303790
6.475000;0.197990;-0.155500;0.279360
6.475500;0.167250;-0.150990;0.261670
6.476000;0.144200;-0.143560;0.237620
6.476500;0.125330;-0.134310;0.214860
6.477000;0.135930;-0.129390;0.204580
6.477500;0.154760;-0.129660;0.195170
6.478000;0.181850;-0.114650;0.163130
6.478500;0.218760;-0.104260;0.105910
6.479000;0.257160;-0.086766;0.033757
6.479500;0.275640;-0.057964;-0.034249
6.480000;0.296220;-0.049629;-0.079757
6.480500;0.304650;-0.040420;-0.117580
6.481000;0.302690;-0.025163;-0.161790
6.481500;0.300690;-0.013363;-0.220010
6.482000;0.295190;-0.018533;-0.268990
6.482500;0.281340;-0.014594;-0.300990
6.483000;0.255990;-0.011811;-0.316510
6.483500;0.231580;-0.012994;-0.322850
6.484000;0.192390;-0.017174;-0.339940
6.484500;0.139360;-0.027034;-0.337450
6.485000;0.091500;-0.050093;-0.321250
6.485500;0.051783;-0.063579;-0.279000
6.486000;0.025009;-0.084259;-0.230350
6.486500;0.017320;-0.108110;-0.170850
6.487000;0.000332;-0.119360;-0.129210
6.487500;0.015563;-0.142500;-0.093249
6.488000;0.045027;-0.170350;-0.052701
6.488500;0.062268;-0.191710;0.006458
6.489000;0.071400;-0.206480;0.073638
6.489500;0.062377;-0.224500;0.134820
6.490000;0.034112;-0.229020;0.181130
6.490500;-0.000959;-0.232420;0.223750
6.491000;-0.014349;-0.239710;0.257560
6.491500;-0.022624;-0.244900;0.285650
6.492000;-0.022800;-0.246580;0.312130
6.492500;0.005693;-0.249260;0.312630
6.493000;0.015100;-0.216970;0.286620
6.493500;0.058886;-0.205070;0.233290
6.494000;0.125970;-0.253950;0.198180
6.494500;0.135730;-0.232730;0.171310
6.495000;0.161440;-0.143470;0.172150
6.495500;0.224280;-0.248650;0.121540
6.496000;0.239050;-0.190030;0.180430
6.496500;0.212940;-0.159370;0.112980
6.497000;0.268230;-0.215380;0.127810
6.497500;0.269230;-0.178070;0.132060
6.498000;0.239780;-0.151440;0.100270
6.498500;0.231920;-0.152710;0.126770
6.499000;0.182800;-0.145070;0.095071
6.499500;0.115360;-0.070818;0.092651
6.500000;0.075798;-0.062155;0.077325
6.500500;0.055226;-0.065232;0.052433
6.501000;0.003337;-0.035261;0.002910
6.501500;0.013737;-0.023615;-0.034184
6.502000;0.038321;-0.031279;-0.109440
6.502500;0.095927;-0.034250;-0.177890
6.503000;0.148580;-0.044613;-0.234710
6.503500;0.220490;-0.061767;-0.274940
6.504000;0.261280;-0.041994;-0.321510
6.504500;0.318210;-0.062828;-0.351870
6.505000;0.368580;-0.069278;-0.343750
6.505500;0.362940;-0.048947;-0.362440
6.506000;0.372990;-0.083461;-0.313940
6.506500;0.341950;-0.071017;-0.264480
6.507000;0.275470;-0.049090;-0.236120
6.507500;0.224120;-0.069579;-0.159300
6.508000;0.131450;-0.075563;-0.107150
6.508500;-0.006488;-0.059086;-0.047718
6.509000;-0.092307;-0.088422;0.009760
6.509500;-0.182470;-0.107350;0.076844
6.510000;-0.283720;-0.106730;0.125410
6.510500;-0.312410;-0.136760;0.202460
6.511000;-0.340770;-0.141460;0.243200
6.511500;-0.348060;-0.146280;0.265610
6.512000;-0.320940;-0.155600;0.282190
6.512500;-0.278070;-0.150420;0.269090
6.513000;-0.216330;-0.138990;0.268200
6.513500;-0.131710;-0.119660;0.240690
6.514000;-0.048931;-0.102450;0.214520
6.514500;0.016261;-0.074164;0.173990
6.515000;0.084398;-0.053961;0.138450
6.515500;0.138030;-0.033297;0.108820
6.516000;0.188790;-0.013123;0.072020
6.516500;0.232870;-0.013689;0.041274
6.517000;0.254920;-0.000262;0.045517
6.517500;0.261900;0.000768;0.044219
6.518000;0.247890;-0.004843;0.090018
6.518500;0.229660;-0.004449;0.123600
6.519000;0.198790;-0.000945;0.160710
6.519500;0.178770;-0.014109;0.197240
6.520000;0.162800;-0.012745;0.240500
6.520500;0.144730;-0.002187;0.277900
6.521000;0.126530;0.006244;0.302190
6.521500;0.100300;0.011716;0.320050
6.522000;0.090458;0.011990;0.331770
6.522500;0.103760;0.015517;0.340150
6.523000;0.103610;0.021251;0.351140
6.523500;0.113930;0.022068;0.359920
6.524000;0.132550;0.008754;0.344030
6.524500;0.147280;0.005921;0.314210
6.525000;0.183680;0.017863;0.270080
6.525500;0.247840;-0.009739;0.231150
6.526000;0.293820;-0.032763;0.199950
6.526500;0.364470;-0.045787;0.177270
6.527000;0.398320;-0.043760;0.137660
6.527500;0.442880;-0.078576;0.133260
6.528000;0.484650;-0.101830;0.149470
6.528500;0.455570;-0.078409;0.138810
6.529000;0.399210;-0.100280;0.139760
6.529500;0.315990;-0.101550;0.141330
6.530000;0.203130;-0.093562;0.129240
6.530500;0.084351;-0.083044;0.129750
6.531000;-0.029710;-0.082972;0.118060
6.531500;-0.136290;-0.084551;0.120040
6.532000;-0.226140;-0.100330;0.100780
6.532500;-0.323810;-0.078528;0.089862
6.533000;-0.370980;-0.023620;0.075435
6.533500;-0.340440;-0.124740;0.023374
6.534000;-0.339100;-0.082037;0.048061
6.534500;-0.364050;-0.083778;-0.019671
6.535000;-0.300180;-0.135730;-0.005637
6.535500;-0.254520;-0.144730;-0.010876
6.536000;-0.244460;-0.084489;-0.034961
6.536500;-0.197580;-0.136060;-0.036265
6.537000;-0.144910;-0.150870;-0.039954
6.537500;-0.128220;-0.116820;-0.051833
6.538000;-0.078825;-0.119580;-0.053348
6.538500;-0.032622;-0.130950;-0.074870
6.539000;-0.012104;-0.113590;-0.092748
6.539500;0.024640;-0.096129;-0.106520
6.540000;0.022183;-0.075246;-0.149220
6.540500;0.012493;-0.043668;-0.180600
6.541000;0.012594;-0.033923;-0.211400
6.541500;0.017709;-0.019544;-0.227030
6.542000;0.020565;0.011990;-0.256470
6.542500;0.076919;-0.005442;-0.287420
6.543000;0.108550;0.001898;-0.299660
6.543500;0.105550;0.036044;-0.344690
6.544000;0.154730;0.001217;-0.327200
6.544500;0.193360;-0.005065;-0.310800
6.545000;0.189270;0.023614;-0.305850
6.545500;0.190130;0.022246;-0.271950
6.546000;0.170180;0.009773;-0.234260
6.546500;0.118820;0.028942;-0.193940
6.547000;0.072687;0.025502;-0.135510
6.547500;0.001890;0.046568;-0.086065
6.548000;-0.081555;0.058669;-0.073951
6.548500;-0.155070;0.036481;-0.057274
6.549000;-0.236890;0.055075;-0.051674
6.549500;-0.292720;0.058714;-0.075528
6.550000;-0.325300;0.046873;-0.081236
6.550500;-0.338640;0.033082;-0.109300
6.551000;-0.321680;0.034113;-0.154980
6.551500;-0.310430;0.041835;-0.199230
6.552000;-0.261810;0.025277;-0.242260
6.552500;-0.226590;0.045246;-0.278170
6.553000;-0.182380;0.042495;-0.325430
6.553500;-0.149780;0.056856;-0.343350
6.554000;-0.129760;0.073258;-0.390020
6.554500;-0.120880;0.085354;-0.392050
6.555000;-0.130980;0.091320;-0.397980
6.555500;-0.159690;0.104510;-0.408360
6.556000;-0.185050;0.086034;-0.395860
6.556500;-0.216040;0.072166;-0.384980
6.557000;-0.287170;0.069678;-0.374960
6.557500;-0.344780;0.032036;-0.343470
6.558000;-0.396500;0.010575;-0.289870
6.558500;-0.451210;-0.011874;-0.239810
6.559000;-0.487690;-0.047907;-0.171280
6.559500;-0.491610;-0.076596;-0.118430
6.560000;-0.485570;-0.100340;-0.056814
6.560500;-0.471280;-0.113450;0.000738
6.561000;-0.437490;-0.133250;0.048625
6.561500;-0.393230;-0.142860;0.084471
6.562000;-0.344510;-0.142160;0.112380
6.562500;-0.289510;-0.141720;0.125970
6.563000;-0.238760;-0.132470;0.121560
6.563500;-0.187500;-0.122220;0.106570
6.564000;-0.127270;-0.122890;0.093489
6.564500;-0.069997;-0.109180;0.062335
6.565000;-0.012377;-0.107120;0.020691
6.565500;0.054052;-0.117890;-0.025342
6.566000;0.100620;-0.131580;-0.066573
6.566500;0.146480;-0.145010;-0.082815
6.567000;0.196220;-0.161380;-0.100160
6.567500;0.203470;-0.160430;-0.116130
6.568000;0.200820;-0.174010;-0.129070
6.568500;0.191790;-0.188730;-0.133070
6.569000;0.164380;-0.187290;-0.125760
6.569500;0.142770;-0.179920;-0.118460
6.570000;0.104930;-0.125010;-0.117430
6.570500;0.058236;-0.177820;-0.114410
6.571000;0.026922;-0.125270;-0.110520
6.571500;0.000346;-0.094543;-0.135110
6.572000;-0.043659;-0.073470;-0.145290
6.572500;-0.070415;-0.057425;-0.177270
6.573000;-0.073012;-0.031572;-0.194990
6.573500;-0.072239;-0.033189;-0.233170
6.574000;-0.049194;-0.015987;-0.278870
6.574500;-0.007843;-0.024521;-0.360020
6.575000;0.019391;-0.023615;-0.409720
6.575500;0.044119;-0.008264;-0.469430
6.576000;0.072807;0.007746;-0.502260
6.576500;0.085108;-0.004341;-0.531050
6.577000;0.107190;0.012295;-0.546490
6.577500;0.077275;0.037836;-0.556540
6.578000;0.073353;0.018017;-0.547330
6.578500;0.069437;0.038000;-0.532150
6.579000;0.019481;0.071457;-0.528630
6.579500;0.012059;0.054181;-0.491720
6.580000;-0.013754;0.048807;-0.470150
6.580500;-0.064454;0.069984;-0.444660
6.581000;-0.105180;0.070175;-0.410530
6.581500;-0.146430;0.070718;-0.360270
6.582000;-0.198160;0.080377;-0.313790
6.582500;-0.249030;0.080351;-0.250840
6.583000;-0.306250;0.079924;-0.198260
6.583500;-0.358510;0.089749;-0.134720
6.584000;-0.409770;0.096937;-0.074943
6.584500;-0.443740;0.098044;-0.020149
6.585000;-0.464810;0.108670;0.032908
6.585500;-0.475040;0.111290;0.059190
6.586000;-0.480170;0.120470;0.094699
6.586500;-0.482660;0.138500;0.092991
6.587000;-0.468370;0.140140;0.089342
6.587500;-0.442970;0.145360;0.067426
6.588000;-0.414440;0.160840;0.013822
6.588500;-0.361670;0.165260;-0.038295
6.589000;-0.299500;0.175570;-0.103720
6.589500;-0.247950;0.190330;-0.183430
6.590000;-0.184990;0.194370;-0.255020
6.590500;-0.133380;0.202170;-0.318950
6.591000;-0.090721;0.207640;-0.372180
6.591500;-0.056163;0.207840;-0.396280
6.592000;-0.038424;0.209140;-0.404540
6.592500;-0.034240;0.202910;-0.388390
6.593000;-0.041215;0.198810;-0.366920
6.593500;-0.075065;0.201360;-0.337460
6.594000;-0.118060;0.203600;-0.305350
6.594500;-0.160100;0.207030;-0.275080
6.595000;-0.220410;0.211940;-0.248280
6.595500;-0.266190;0.210950;-0.239090
6.596000;-0.295850;0.215680;-0.231510
6.596500;-0.308010;0.206630;-0.219370
6.597000;-0.292800;0.204480;-0.202620
6.597500;-0.265340;0.197710;-0.191070
6.598000;-0.209740;0.178130;-0.169260
6.598500;-0.151590;0.169810;-0.152910
6.599000;-0.103710;0.159600;-0.129810
6.599500;-0.045448;0.144830;-0.097769
6.600000;0.002927;0.131980;-0.073424
6.600500;0.043876;0.116860;-0.053207
6.601000;0.063558;0.108980;-0.046263
6.601500;0.081272;0.100640;-0.055245
6.602000;0.093105;0.093479;-0.075359
6.602500;0.104180;0.089019;-0.109180
6.603000;0.103540;0.089248;-0.155750
6.603500;0.087385;0.101850;-0.214830
6.604000;0.088662;0.111100;-0.281600
6.604500;0.079631;0.121140;-0.330780
6.605000;0.087351;0.122750;-0.369650
6.605500;0.103710;0.131650;-0.396230
6.606000;0.129910;0.133920;-0.414250
6.606500;0.145720;0.150490;-0.427810
6.607000;0.165300;0.159320;-0.442770
6.607500;0.184350;0.150710;-0.436800
6.608000;0.174080;0.175380;-0.420970
6.608500;0.133560;0.186870;-0.409330
6.609000;0.103780;0.163280;-0.367150
6.609500;0.017775;0.217720;-0.341220
6.610000;-0.020181;0.189200;-0.313970
6.610500;-0.092033;0.208030;-0.287640
6.611000;-0.164300;0.206970;-0.287090
6.611500;-0.184140;0.182860;-0.242600
6.612000;-0.225510;0.215100;-0.233960
6.612500;-0.248970;0.217320;-0.209330
6.613000;-0.220120;0.194110;-0.164060
6.613500;-0.186950;0.194080;-0.151780
6.614000;-0.170300;0.221720;-0.116670
6.614500;-0.095356;0.195750;-0.064028
6.615000;-0.041619;0.216610;-0.018841
6.615500;0.002680;0.226570;0.000971
6.616000;0.073070;0.237360;0.030735
6.616500;0.125390;0.247460;0.012983
6.617000;0.182920;0.241200;0.018608
6.617500;0.207520;0.236750;0.027813
6.618000;0.195920;0.247080;0.058047
6.618500;0.156670;0.249830;0.082056
6.619000;0.110530;0.221350;0.131440
6.619500;0.021596;0.230040;0.188110
6.620000;-0.088328;0.232070;0.216680
6.620500;-0.172200;0.206790;0.279320
6.621000;-0.273120;0.217290;0.302370
6.621500;-0.373120;0.234790;0.322960
6.622000;-0.426970;0.217730;0.331930
6.622500;-0.460850;0.227660;0.311210
6.623000;-0.486030;0.245490;0.257690
6.623500;-0.459990;0.234470;0.196180
6.624000;-0.434980;0.257650;0.108860
6.624500;-0.414280;0.280680;0.002274
6.625000;-0.351430;0.276700;-0.079987
6.625500;-0.292500;0.297820;-0.189880
6.626000;-0.232460;0.303280;-0.314270
6.626500;-0.182490;0.300250;-0.426630
6.627000;-0.140260;0.298420;-0.521260
6.627500;-0.103870;0.283930;-0.597160
6.628000;-0.077148;0.270630;-0.638940
6.628500;-0.073043;0.254090;-0.692720
6.629000;-0.100570;0.236430;-0.726030
6.629500;-0.135280;0.205050;-0.739170
6.630000;-0.191560;0.179770;-0.714600
6.630500;-0.272650;0.153880;-0.672880
6.631000;-0.346510;0.122680;-0.593020
6.631500;-0.443380;0.092524;-0.510640
6.632000;-0.535010;0.063239;-0.415920
6.632500;-0.625380;0.030037;-0.312180
6.633000;-0.714210;0.020836;-0.218190
6.633500;-0.792880;0.011533;-0.130810
6.634000;-0.838260;-0.017206;-0.068572
6.634500;-0.855300;-0.032581;-0.030320
6.635000;-0.847270;-0.048489;-0.031608
6.635500;-0.811250;-0.075351;-0.042673
6.636000;-0.750790;-0.074960;-0.057724
6.636500;-0.669460;-0.083146;-0.085623
6.637000;-0.584140;-0.100220;-0.106860
6.637500;-0.492840;-0.088540;-0.155930
6.638000;-0.388470;-0.083747;-0.205930
6.638500;-0.284890;-0.115310;-0.267450
6.639000;-0.195260;-0.095120;-0.290130
6.639500;-0.135210;-0.079161;-0.346860
6.640000;-0.055379;-0.105490;-0.369540
6.640500;-0.000893;-0.086942;-0.396550
6.641000;0.004828;-0.039940;-0.451850
6.641500;0.027882;-0.053839;-0.478950
6.642000;0.031310;-0.027022;-0.496390
6.642500;-0.020304;-0.007980;-0.519210
6.643000;-0.032038;0.022098;-0.517920
6.643500;-0.049490;0.038054;-0.537670
6.644000;-0.080479;0.083429;-0.543560
6.644500;-0.111320;0.119430;-0.550410
6.645000;-0.147840;0.149410;-0.542930
6.645500;-0.177050;0.186980;-0.535800
6.646000;-0.197410;0.216500;-0.537880
6.646500;-0.218590;0.236800;-0.551400
6.647000;-0.240270;0.258450;-0.553660
6.647500;-0.258780;0.269200;-0.567490
6.648000;-0.273820;0.286590;-0.571280
6.648500;-0.282160;0.306540;-0.598460
6.649000;-0.263120;0.293920;-0.621890
6.649500;-0.240130;0.293990;-0.648170
6.650000;-0.187050;0.302280;-0.708380
6.650500;-0.111650;0.290890;-0.760470
6.651000;-0.017986;0.281810;-0.803950
6.651500;0.067850;0.282400;-0.841180
6.652000;0.161690;0.274000;-0.862190
6.652500;0.247590;0.285000;-0.881200
6.653000;0.314430;0.295630;-0.899820
6.653500;0.363870;0.300360;-0.885430
6.654000;0.394700;0.313100;-0.886230
6.654500;0.392510;0.326410;-0.882140
6.655000;0.355710;0.345690;-0.889060
6.655500;0.299140;0.359750;-0.905110
6.656000;0.241350;0.355700;-0.913830
6.656500;0.163120;0.360990;-0.918250
6.657000;0.075832;0.376270;-0.939970
6.657500;-0.000875;0.373520;-0.963320
6.658000;-0.076565;0.366420;-0.980250
6.658500;-0.143750;0.363810;-1.001200
6.659000;-0.184670;0.349070;-1.020300
6.659500;-0.205540;0.318050;-1.031800
6.660000;-0.214240;0.315140;-1.047800
6.660500;-0.197990;0.291490;-1.050400
6.661000;-0.166110;0.267010;-1.069200
6.661500;-0.113340;0.242420;-1.081900
6.662000;-0.064126;0.222200;-1.083800
6.662500;-0.029099;0.210800;-1.084500
6.663000;0.019507;0.180980;-1.080200
6.663500;0.032644;0.161960;-1.058500
6.664000;0.021878;0.151730;-1.015700
6.664500;0.000964;0.127090;-0.963690
6.665000;-0.036990;0.098186;-0.903580
6.665500;-0.098478;0.100420;-0.826370
6.666000;-0.127950;0.065900;-0.755290
6.666500;-0.192330;0.078938;-0.678010
6.667000;-0.249930;0.058374;-0.628290
6.667500;-0.251730;0.013705;-0.558330
6.668000;-0.288090;0.027973;-0.534210
6.668500;-0.315980;0.023302;-0.498130
6.669000;-0.306180;-0.020072;-0.449340
6.669500;-0.316200;-0.017817;-0.408780
6.670000;-0.355740;0.007321;-0.367110
6.670500;-0.368980;0.007118;-0.326610
6.671000;-0.363670;0.007924;-0.266790
6.671500;-0.366680;0.011482;-0.215760
6.672000;-0.353310;0.011969;-0.163450
6.672500;-0.333920;0.001602;-0.131350
6.673000;-0.299000;0.002833;-0.112730
6.673500;-0.278530;0.013137;-0.105590
6.674000;-0.270130;0.006062;-0.102640
6.674500;-0.255100;0.011541;-0.101470
6.675000;-0.255330;0.027732;-0.126540
6.675500;-0.268070;0.063910;-0.151350
6.676000;-0.267230;0.083396;-0.194240
6.676500;-0.222930;0.083238;-0.208970
6.677000;-0.194980;0.097842;-0.235670
6.677500;-0.153950;0.123140;-0.267930
6.678000;-0.111140;0.128580;-0.295560
6.678500;-0.072118;0.124830;-0.308360
6.679000;-0.068607;0.146440;-0.311870
6.679500;-0.098067;0.160890;-0.306370
6.680000;-0.114580;0.158630;-0.282920
6.680500;-0.160390;0.166160;-0.253180
6.681000;-0.214840;0.158240;-0.220160
6.681500;-0.273040;0.152460;-0.179880
6.682000;-0.332030;0.152450;-0.155440
6.682500;-0.384050;0.149110;-0.123210
6.683000;-0.435850;0.145090;-0.097991
6.683500;-0.483350;0.143750;-0.063329
6.684000;-0.506110;0.142650;-0.022388
6.684500;-0.511910;0.140600;0.014475
6.685000;-0.506830;0.145320;0.052312
6.685500;-0.480360;0.153720;0.066566
6.686000;-0.435820;0.162610;0.091026
6.686500;-0.400590;0.176010;0.092877
6.687000;-0.358740;0.197780;0.081910
6.687500;-0.305550;0.217550;0.057686
6.688000;-0.257700;0.238430;0.029095
6.688500;-0.227370;0.265650;0.001349
6.689000;-0.187590;0.286540;-0.038616
6.689500;-0.158870;0.313200;-0.089504
6.690000;-0.139660;0.335150;-0.142450
6.690500;-0.125180;0.349190;-0.180870
6.691000;-0.120410;0.361470;-0.222180
6.691500;-0.107210;0.361580;-0.269870
6.692000;-0.124650;0.375730;-0.295370
6.692500;-0.136000;0.367920;-0.326780
6.693000;-0.134790;0.358120;-0.330370
6.693500;-0.137470;0.333170;-0.337110
6.694000;-0.146420;0.324270;-0.340350
6.694500;-0.172610;0.310740;-0.349580
6.695000;-0.188940;0.286570;-0.340320
6.695500;-0.218140;0.270610;-0.318980
6.696000;-0.245990;0.244940;-0.281820
6.696500;-0.282150;0.231870;-0.246310
6.697000;-0.324330;0.244190;-0.234270
6.697500;-0.334780;0.238360;-0.230300
6.698000;-0.335120;0.185180;-0.217080
6.698500;-0.351450;0.214390;-0.199230
6.699000;-0.315060;0.253480;-0.185420
6.699500;-0.273780;0.152690;-0.224380
6.700000;-0.228630;0.189740;-0.176000
6.700500;-0.234180;0.190960;-0.261970
6.701000;-0.139750;0.115230;-0.238680
6.701500;-0.081690;0.106900;-0.223220
6.702000;-0.088922;0.173550;-0.272820
6.702500;-0.047364;0.114460;-0.280850
6.703000;-0.020962;0.087611;-0.316940
6.703500;-0.052571;0.157080;-0.320830
6.704000;-0.037241;0.128910;-0.312140
6.704500;-0.012767;0.126620;-0.280260
6.705000;-0.041983;0.145230;-0.278940
6.705500;-0.043551;0.128930;-0.224210
6.706000;-0.084467;0.144180;-0.208230
6.706500;-0.108410;0.150970;-0.169210
6.707000;-0.143130;0.144880;-0.100630
6.707500;-0.184050;0.145470;-0.023061
6.708000;-0.281180;0.212630;0.010558
6.708500;-0.302710;0.180230;0.047127
6.709000;-0.315110;0.170030;0.110880
6.709500;-0.366360;0.216610;0.100260
6.710000;-0.354440;0.174760;0.133080
6.710500;-0.325670;0.176060;0.159550
6.711000;-0.321540;0.210830;0.134830
6.711500;-0.305910;0.212080;0.138330
6.712000;-0.276550;0.213070;0.122900
6.712500;-0.279160;0.259980;0.092031
6.713000;-0.244700;0.243730;0.067651
6.713500;-0.220830;0.261770;0.024984
6.714000;-0.230180;0.285590;-0.077130
6.714500;-0.181970;0.260130;-0.152510
6.715000;-0.154150;0.289500;-0.237170
6.715500;-0.137160;0.315410;-0.340090
6.716000;-0.087435;0.314240;-0.419850
6.716500;-0.050241;0.325280;-0.524140
6.717000;-0.033169;0.357030;-0.616260
6.717500;-0.010440;0.355040;-0.689460
6.718000;0.018295;0.358140;-0.729900
6.718500;0.008305;0.382300;-0.760880
6.719000;-0.006099;0.394610;-0.766190
6.719500;-0.047515;0.423110;-0.773690
6.720000;-0.085406;0.435130;-0.790120
6.720500;-0.134460;0.444600;-0.790520
6.721000;-0.172560;0.453190;-0.812360
6.721500;-0.204520;0.465030;-0.838340
6.722000;-0.231120;0.447880;-0.855630
6.722500;-0.261460;0.441030;-0.866030
6.723000;-0.315750;0.450030;-0.880550
6.723500;-0.323800;0.427970;-0.884210
6.724000;-0.339930;0.439550;-0.871210
6.724500;-0.364100;0.423310;-0.900360
6.725000;-0.343250;0.421200;-0.925410
6.725500;-0.297730;0.396760;-0.966660
6.726000;-0.241520;0.385280;-0.993140
6.726500;-0.162380;0.353530;-1.028400
6.727000;-0.087957;0.326720;-1.063800
6.727500;-0.034125;0.310350;-1.099900
6.728000;0.018932;0.269770;-1.128900
6.728500;0.025497;0.250380;-1.150500
6.729000;0.010820;0.241150;-1.150700
6.729500;-0.007348;0.226330;-1.125800
6.730000;-0.048301;0.212980;-1.099800
6.730500;-0.099821;0.200240;-1.057500
6.731000;-0.138370;0.179240;-1.018800
6.731500;-0.176490;0.176650;-0.981830
6.732000;-0.224800;0.179030;-0.932440
6.732500;-0.249490;0.162010;-0.897190
6.733000;-0.272140;0.150270;-0.878110
6.733500;-0.310280;0.151970;-0.865140
6.734000;-0.309310;0.142990;-0.854720
6.734500;-0.299940;0.116140;-0.818920
6.735000;-0.310980;0.182630;-0.774170
6.735500;-0.254790;0.147380;-0.740250
6.736000;-0.241580;0.174230;-0.689930
6.736500;-0.219070;0.189520;-0.660890
6.737000;-0.143590;0.165870;-0.612820
6.737500;-0.133650;0.234610;-0.587880
6.738000;-0.104160;0.226140;-0.559920
6.738500;-0.067721;0.222500;-0.510050
6.739000;-0.067950;0.237250;-0.521870
6.739500;-0.066051;0.241550;-0.509410
6.740000;-0.047162;0.213890;-0.517010
6.740500;-0.049985;0.203400;-0.513460
6.741000;-0.047692;0.195400;-0.510870
6.741500;-0.033882;0.176070;-0.482160
6.742000;-0.036582;0.165890;-0.467600
6.742500;-0.027426;0.152890;-0.424440
6.743000;-0.031912;0.141590;-0.364120
6.743500;-0.043705;0.151110;-0.276180
6.744000;-0.063470;0.160390;-0.202870
6.744500;-0.090054;0.154950;-0.108290
6.745000;-0.112250;0.171150;-0.035495
6.745500;-0.155440;0.202810;-0.010413
6.746000;-0.158480;0.185930;0.022599
6.746500;-0.161870;0.200890;0.004778
6.747000;-0.177100;0.219480;-0.040788
6.747500;-0.178010;0.208670;-0.080992
6.748000;-0.178130;0.213220;-0.173720
6.748500;-0.189460;0.228150;-0.275750
6.749000;-0.160410;0.196220;-0.361970
6.749500;-0.150850;0.215590;-0.449830
6.750000;-0.139230;0.217950;-0.518500
6.750500;-0.088791;0.196970;-0.549270
6.751000;-0.076154;0.220050;-0.579870
6.751500;-0.044762;0.231310;-0.603810
6.752000;-0.011147;0.219120;-0.600110
6.752500;0.009894;0.219410;-0.588000
6.753000;0.022818;0.235500;-0.556540
6.753500;0.024320;0.238810;-0.514880
6.754000;0.017230;0.242960;-0.489090
6.754500;0.000643;0.249890;-0.465410
6.755000;-0.024843;0.242860;-0.446010
6.755500;-0.055322;0.228120;-0.404160
6.756000;-0.100790;0.221380;-0.372000
6.756500;-0.137590;0.205110;-0.331860
6.757000;-0.182770;0.186870;-0.296440
6.757500;-0.215940;0.166390;-0.242870
6.758000;-0.229100;0.155310;-0.184860
6.758500;-0.224500;0.147780;-0.115170
6.759000;-0.189960;0.130630;-0.065758
6.759500;-0.136870;0.132190;-0.030719
6.760000;-0.075322;0.132100;-0.032577
6.760500;-0.001734;0.133780;-0.047023
6.761000;0.070611;0.120160;-0.067197
6.761500;0.134350;0.124260;-0.077545
6.762000;0.165920;0.137910;-0.105230
6.762500;0.191470;0.150090;-0.124860
6.763000;0.212700;0.144490;-0.129860
6.763500;0.245300;0.133970;-0.125580
6.764000;0.237940;0.149680;-0.126710
6.764500;0.242360;0.142830;-0.118910
6.765000;0.257140;0.146530;-0.114250
6.765500;0.240730;0.143400;-0.095634
6.766000;0.212930;0.134700;-0.040451
6.766500;0.183660;0.137280;0.001282
6.767000;0.141010;0.136660;0.049748
6.767500;0.086779;0.135710;0.111750
6.768000;0.017390;0.153670;0.154550
6.768500;-0.025603;0.162390;0.190620
6.769000;-0.028752;0.153980;0.208140
6.769500;-0.032722;0.159660;0.223210
6.770000;-0.021439;0.152790;0.234970
6.770500;0.013110;0.147250;0.252330
6.771000;0.041662;0.147280;0.263800
6.771500;0.067161;0.134650;0.273700
6.772000;0.079118;0.138850;0.282840
6.772500;0.075952;0.146420;0.276270
6.773000;0.063083;0.154230;0.273800
6.773500;0.056333;0.161430;0.257420
6.774000;0.051002;0.161730;0.239270
6.774500;0.039950;0.160620;0.219480
6.775000;0.035738;0.151680;0.200970
6.775500;0.018260;0.158970;0.179180
6.776000;-0.034930;0.157890;0.161610
6.776500;-0.070978;0.155350;0.166160
6.777000;-0.130170;0.173170;0.182190
6.777500;-0.179490;0.183830;0.207710
6.778000;-0.202990;0.190920;0.235720
6.778500;-0.214790;0.203300;0.274700
6.779000;-0.217980;0.210800;0.313950
6.779500;-0.219360;0.226650;0.343220
6.780000;-0.211960;0.230940;0.360200
6.780500;-0.206090;0.225360;0.390050
6.781000;-0.210590;0.229100;0.390170
6.781500;-0.249900;0.234080;0.379010
6.782000;-0.280960;0.229890;0.338710
6.782500;-0.302030;0.214800;0.278490
6.783000;-0.337780;0.202990;0.214720
6.783500;-0.328420;0.181620;0.143150
6.784000;-0.309680;0.161860;0.068454
6.784500;-0.277800;0.160900;-0.012694
6.785000;-0.243120;0.168550;-0.094770
6.785500;-0.206430;0.166870;-0.165380
6.786000;-0.161350;0.182640;-0.223060
6.786500;-0.114520;0.199470;-0.285480
6.787000;-0.068636;0.221110;-0.331750
6.787500;-0.023466;0.227630;-0.380440
6.788000;0.014359;0.239970;-0.427490
6.788500;0.044225;0.252060;-0.486930
6.789000;0.059207;0.253390;-0.527970
6.789500;0.060883;0.281100;-0.569880
6.790000;0.058114;0.282470;-0.629400
6.790500;0.037968;0.286500;-0.688130
6.791000;0.003413;0.285980;-0.750540
6.791500;-0.014827;0.279800;-0.788230
6.792000;-0.046962;0.284040;-0.824910
6.792500;-0.081810;0.273860;-0.844060
6.793000;-0.106330;0.267260;-0.860960
6.793500;-0.121360;0.254900;-0.881120
6.794000;-0.118540;0.241450;-0.892590
6.794500;-0.102410;0.229190;-0.899620
6.795000;-0.081543;0.199440;-0.908340
6.795500;-0.039303;0.176470;-0.924660
6.796000;-0.010697;0.162420;-0.943240
6.796500;0.030473;0.149220;-0.953870
6.797000;0.096505;0.139800;-0.974930
6.797500;0.185180;0.119980;-0.992050
6.798000;0.260020;0.110440;-1.016700
6.798500;0.353750;0.104330;-1.029100
6.799000;0.419250;0.102320;-1.053100
6.799500;0.480310;0.104020;-1.057500
6.800000;0.514750;0.098109;-1.055600
6.800500;0.493160;0.128710;-1.041400
6.801000;0.458420;0.141760;-1.037100
6.801500;0.413940;0.176360;-1.032200
6.802000;0.350300;0.181270;-1.008600
6.802500;0.271530;0.190870;-0.975700
6.803000;0.176190;0.240320;-0.936960
6.803500;0.133330;0.194120;-0.891300
6.804000;0.045006;0.171310;-0.840110
6.804500;-0.018939;0.178440;-0.731740
6.805000;-0.115780;0.179580;-0.671970
6.805500;-0.195110;0.151920;-0.585120
6.806000;-0.233210;0.147180;-0.476680
6.806500;-0.291860;0.173050;-0.470590
6.807000;-0.301370;0.166820;-0.449300
6.807500;-0.269940;0.131940;-0.427350
6.808000;-0.234340;0.157020;-0.426230
6.808500;-0.173330;0.169180;-0.445260
6.809000;-0.073795;0.149150;-0.455910
6.809500;-0.011549;0.174510;-0.487240
6.810000;0.032456;0.189090;-0.508170
6.810500;0.094708;0.165320;-0.504070
6.811000;0.140940;0.170900;-0.479230
6.811500;0.152990;0.187700;-0.466400
6.812000;0.176800;0.156180;-0.427060
6.812500;0.184340;0.147280;-0.395530
6.813000;0.179510;0.146510;-0.378580
6.813500;0.147830;0.135980;-0.357250
6.814000;0.106590;0.135020;-0.342800
6.814500;0.038524;0.139190;-0.343140
6.815000;-0.034818;0.148220;-0.334060
6.815500;-0.126280;0.166530;-0.354840
6.816000;-0.208080;0.180890;-0.372330
6.816500;-0.246410;0.165380;-0.376890
6.817000;-0.275490;0.163560;-0.387280
6.817500;-0.271120;0.156230;-0.372990
6.818000;-0.206700;0.123250;-0.344710
6.818500;-0.138980;0.116450;-0.326310
6.819000;-0.069037;0.103690;-0.295010
6.819500;0.021782;0.082409;-0.269500
6.820000;0.090796;0.076275;-0.250040
6.820500;0.139820;0.059752;-0.238690
6.821000;0.161770;0.033294;-0.218070
6.821500;0.164200;0.022580;-0.188580
6.822000;0.151780;0.018488;-0.174130
6.822500;0.140000;-0.000891;-0.165810
6.823000;0.106670;-0.015466;-0.165800
6.823500;0.073664;-0.019841;-0.191750
6.824000;0.063635;-0.044340;-0.215420
6.824500;0.037788;-0.050231;-0.241230
6.825000;0.014716;-0.045374;-0.265840
6.825500;0.015661;-0.066984;-0.289720
6.826000;0.002442;-0.068347;-0.303060
6.826500;-0.003531;-0.064524;-0.320280
6.827000;-0.008293;-0.048145;-0.313350
6.827500;-0.001409;-0.044301;-0.300990
6.828000;0.018270;-0.031776;-0.273710
6.828500;0.007069;-0.009177;-0.262660
6.829000;-0.009088;-0.001675;-0.260510
6.829500;-0.038848;0.008163;-0.257920
6.830000;-0.113520;0.012307;-0.234830
6.830500;-0.203530;0.022884;-0.194020
6.831000;-0.311460;0.016550;-0.153090
6.831500;-0.415370;0.005752;-0.118910
6.832000;-0.506240;0.007713;-0.091896
6.832500;-0.579540;-0.003505;-0.061570
6.833000;-0.627310;-0.002792;-0.049967
6.833500;-0.615500;-0.013765;-0.040543
6.834000;-0.584950;-0.002833;-0.036773
6.834500;-0.516350;-0.001799;-0.038581
6.835000;-0.403660;-0.001203;-0.034282
6.835500;-0.284880;0.022458;-0.033146
6.836000;-0.174470;0.050835;-0.039374
6.836500;-0.036253;0.067983;-0.051684
6.837000;0.069643;0.094702;-0.063658
6.837500;0.150680;0.116010;-0.071886
6.838000;0.214280;0.123730;-0.099099
6.838500;0.236220;0.141290;-0.133640
6.839000;0.254680;0.126520;-0.166210
6.839500;0.217180;0.141980;-0.212830
6.840000;0.156150;0.146570;-0.254480
6.840500;0.083542;0.142680;-0.282590
6.841000;0.010776;0.149250;-0.301560
6.841500;-0.062847;0.154120;-0.304470
6.842000;-0.122230;0.164610;-0.310860
6.842500;-0.133260;0.167920;-0.306720
6.843000;-0.123710;0.171400;-0.284840
6.843500;-0.095354;0.181190;-0.246790
6.844000;-0.064691;0.196450;-0.211200
6.844500;-0.019890;0.203680;-0.181090
6.845000;0.026576;0.210080;-0.147950
6.845500;0.074898;0.211550;-0.123240
6.846000;0.122590;0.228590;-0.105710
6.846500;0.172780;0.232730;-0.098542
6.847000;0.237180;0.231100;-0.092479
6.847500;0.293410;0.237430;-0.108100
6.848000;0.355830;0.237470;-0.114260
6.848500;0.421480;0.248270;-0.120400
6.849000;0.479110;0.260660;-0.121620
6.849500;0.529650;0.268760;-0.111480
6.850000;0.569460;0.276760;-0.111680
6.850500;0.609380;0.276530;-0.106910
6.851000;0.627950;0.278250;-0.098494
6.851500;0.626160;0.275790;-0.071330
6.852000;0.599810;0.277340;-0.030806
6.852500;0.564680;0.285080;-0.001766
6.853000;0.508180;0.284290;0.032674
6.853500;0.433710;0.334000;0.062589
6.854000;0.382340;0.320090;0.080304
6.854500;0.343380;0.302500;0.122640
6.855000;0.269270;0.359840;0.154570
6.855500;0.275150;0.302700;0.205340
6.856000;0.191850;0.291810;0.193020
6.856500;0.220530;0.268280;0.268240
6.857000;0.060945;0.418820;0.219900
6.857500;0.077305;0.293160;0.223320
6.858000;0.059037;0.325850;0.322180
6.858500;0.018921;0.444400;0.243690
6.859000;0.039413;0.315480;0.236520
6.859500;0.093675;0.243080;0.247870
6.860000;0.062463;0.267650;0.176400
6.860500;0.099994;0.284900;0.170400
6.861000;0.201870;0.187070;0.137170
6.861500;0.188610;0.253280;0.074600
6.862000;0.251900;0.202560;0.013264
6.862500;0.278570;0.201840;-0.064671
6.863000;0.282230;0.224870;-0.142170
6.863500;0.319130;0.205710;-0.175640
6.864000;0.325990;0.204920;-0.219280
6.864500;0.291570;0.232340;-0.255830
6.865000;0.269560;0.207970;-0.282090
6.865500;0.273420;0.183080;-0.264610
6.866000;0.209400;0.216280;-0.242360
6.866500;0.146140;0.221870;-0.201710
6.867000;0.137390;0.119730;-0.104680
6.867500;0.046209;0.189460;-0.063582
6.868000;0.010177;0.157100;-0.007564
6.868500;0.005510;0.126210;0.087160
6.869000;-0.054451;0.132840;0.129230
6.869500;-0.090989;0.104590;0.204830
6.870000;-0.105890;0.102390;0.261850
6.870500;-0.163660;0.128370;0.261650
6.871000;-0.189840;0.103820;0.276660
6.871500;-0.203400;0.109010;0.304830
6.872000;-0.211500;0.112380;0.301420
6.872500;-0.189580;0.108720;0.300200
6.873000;-0.157900;0.121430;0.260600
6.873500;-0.104840;0.142920;0.263690
6.874000;-0.006147;0.158730;0.258090
6.874500;0.095785;0.170430;0.222680
6.875000;0.192730;0.168160;0.207350
6.875500;0.278230;0.184870;0.172220
6.876000;0.323100;0.195510;0.156370
6.876500;0.358930;0.192900;0.173780
6.877000;0.357120;0.209720;0.172120
6.877500;0.313750;0.221670;0.190630
6.878000;0.260820;0.229040;0.207020
6.878500;0.169880;0.246580;0.233440
6.879000;0.070267;0.248740;0.287970
6.879500;-0.044742;0.276710;0.326770
6.880000;-0.178290;0.281620;0.368950
6.880500;-0.292170;0.285930;0.401350
6.881000;-0.407160;0.309670;0.418740
6.881500;-0.490710;0.310220;0.437050
6.882000;-0.542130;0.311900;0.434900
6.882500;-0.555300;0.311630;0.413820
6.883000;-0.510490;0.295930;0.387440
6.883500;-0.449540;0.288100;0.332350
6.884000;-0.350210;0.269580;0.277640
6.884500;-0.226920;0.240260;0.220860
6.885000;-0.115010;0.216590;0.167770
6.885500;-0.012231;0.187170;0.140710
6.886000;0.050514;0.185820;0.109820
6.886500;0.081944;0.170300;0.076018
6.887000;0.103200;0.146720;0.052163
6.887500;0.072817;0.132980;0.025087
6.888000;0.031291;0.109980;0.016634
6.888500;-0.024850;0.088104;0.018736
6.889000;-0.091582;0.075284;0.023883
6.889500;-0.144870;0.059155;0.043709
6.890000;-0.166710;0.037234;0.064824
6.890500;-0.187830;0.031974;0.088540
6.891000;-0.190090;0.018518;0.098043
6.891500;-0.167200;0.008771;0.098587
6.892000;-0.140000;0.002249;0.091610
6.892500;-0.096832;-0.000707;0.077538
6.893000;-0.062190;-0.014088;0.064632
6.893500;-0.019417;-0.021826;0.057893
6.894000;0.001300;-0.026251;0.051994
6.894500;0.018485;-0.039448;0.068763
6.895000;0.037605;-0.052118;0.090182
6.895500;0.054906;-0.062667;0.112180
6.896000;0.078662;-0.074337;0.127320
6.896500;0.090793;-0.082369;0.136820
6.897000;0.123030;-0.096419;0.129960
6.897500;0.173170;-0.111460;0.129150
6.898000;0.219320;-0.112810;0.101830
6.898500;0.261810;-0.109330;0.072609
6.899000;0.316680;-0.101030;0.031720
6.899500;0.363880;-0.084672;-0.008958
6.900000;0.435890;-0.087987;-0.062895
6.900500;0.503940;-0.080016;-0.095250
6.901000;0.579660;-0.079345;-0.132380
6.901500;0.638380;-0.079964;-0.132610
6.902000;0.650160;-0.076745;-0.127060
6.902500;0.638720;-0.075531;-0.089818
6.903000;0.596220;-0.068802;-0.055024
6.903500;0.508400;-0.046242;-0.003053
6.904000;0.400620;-0.049667;0.074282
6.904500;0.283620;-0.026680;0.143540
6.905000;0.163230;-0.032761;0.226800
6.905500;0.095614;-0.053687;0.306070
6.906000;0.022797;-0.061679;0.353350
6.906500;-0.043950;-0.072082;0.383380
6.907000;-0.081454;-0.084110;0.421110
6.907500;-0.114330;-0.078685;0.425430
6.908000;-0.143160;-0.071711;0.443400
6.908500;-0.123470;-0.105050;0.426300
6.909000;-0.109000;-0.079730;0.386610
6.909500;-0.044384;-0.104650;0.334860
6.910000;0.010416;-0.096783;0.273800
6.910500;0.076216;-0.088040;0.200820
6.911000;0.145800;-0.107730;0.155460
6.911500;0.210330;-0.096963;0.099379
6.912000;0.258970;-0.131410;0.042198
6.912500;0.245860;-0.129600;-0.001018
6.913000;0.229810;-0.128510;-0.025736
6.913500;0.156360;-0.135440;-0.027616
6.914000;0.106530;-0.136810;0.012102
6.914500;0.025104;-0.153100;0.009528
6.915000;-0.023277;-0.167770;0.019384
6.915500;-0.063042;-0.210480;-0.001448
6.916000;-0.072111;-0.240160;0.002360
6.916500;-0.079162;-0.266600;0.019305
6.917000;-0.102170;-0.240250;0.035531
6.917500;-0.081080;-0.264480;0.082448
6.918000;-0.078827;-0.252460;0.108510
6.918500;-0.075144;-0.244800;0.119890
6.919000;-0.057327;-0.236580;0.157970
6.919500;-0.039694;-0.243330;0.186850
6.920000;-0.020916;-0.249490;0.205320
6.920500;-0.009355;-0.249390;0.194490
6.921000;-0.006318;-0.243400;0.140540
6.921500;0.003422;-0.259220;0.088360
6.922000;0.012992;-0.284640;0.042710
6.922500;0.023683;-0.293820;0.016195
6.923000;0.036282;-0.302670;-0.016471
6.923500;0.069768;-0.298450;-0.071159
6.924000;0.108710;-0.311370;-0.127420
6.924500;0.166600;-0.294010;-0.188580
6.925000;0.247270;-0.287670;-0.236750
6.925500;0.320940;-0.262290;-0.253440
6.926000;0.398580;-0.243240;-0.282800
6.926500;0.479410;-0.221070;-0.306060
6.927000;0.534100;-0.189290;-0.328480
6.927500;0.551530;-0.162600;-0.337460
6.928000;0.560910;-0.143960;-0.309030
6.928500;0.559440;-0.136380;-0.262180
6.929000;0.522490;-0.119420;-0.224250
6.929500;0.495010;-0.120220;-0.177170
6.930000;0.440840;-0.127100;-0.158670
6.930500;0.404260;-0.145580;-0.134300
6.931000;0.346280;-0.168900;-0.110420
6.931500;0.267330;-0.169050;-0.074124
6.932000;0.209880;-0.191720;-0.043244
6.932500;0.168470;-0.197400;-0.009544
6.933000;0.147700;-0.204920;0.006753
6.933500;0.147760;-0.217020;0.013478
6.934000;0.175350;-0.222290;0.011890
6.934500;0.223610;-0.223190;-0.002082
6.935000;0.295310;-0.240180;-0.012211
6.935500;0.377560;-0.250100;-0.039613
6.936000;0.439570;-0.257360;-0.069907
6.936500;0.505860;-0.264730;-0.078038
6.937000;0.548730;-0.261370;-0.107970
6.937500;0.570440;-0.262450;-0.131000
6.938000;0.574440;-0.257380;-0.168050
6.938500;0.551620;-0.256030;-0.222160
6.939000;0.510120;-0.263410;-0.269160
6.939500;0.481320;-0.276530;-0.315670
6.940000;0.426740;-0.277640;-0.353830
6.940500;0.354280;-0.271290;-0.395320
6.941000;0.281760;-0.276070;-0.417600
6.941500;0.207790;-0.276230;-0.437070
6.942000;0.138380;-0.262580;-0.430830
6.942500;0.094242;-0.261740;-0.413570
6.943000;0.075227;-0.255300;-0.394600
6.943500;0.065988;-0.251200;-0.366450
6.944000;0.092523;-0.250090;-0.347390
6.944500;0.097438;-0.219450;-0.325880
6.945000;0.127550;-0.254790;-0.289580
6.945500;0.144480;-0.252680;-0.236600
6.946000;0.130440;-0.197010;-0.217990
6.946500;0.159370;-0.232800;-0.182220
6.947000;0.158350;-0.278680;-0.165490
6.947500;0.162930;-0.230530;-0.104310
6.948000;0.143240;-0.230120;-0.099157
6.948500;0.169530;-0.250480;-0.031724
6.949000;0.202410;-0.251500;0.023356
6.949500;0.222140;-0.225790;0.036160
6.950000;0.267350;-0.241370;0.081452
6.950500;0.306890;-0.250080;0.138020
6.951000;0.339240;-0.234560;0.226020
6.951500;0.361630;-0.204950;0.287560
6.952000;0.393280;-0.207100;0.353850
6.952500;0.404570;-0.179770;0.388340
6.953000;0.425190;-0.174990;0.422300
6.953500;0.421060;-0.163480;0.455500
6.954000;0.405060;-0.150340;0.486530
6.954500;0.386250;-0.151280;0.505370
6.955000;0.355370;-0.158400;0.519560
6.955500;0.284870;-0.128630;0.508340
6.956000;0.213620;-0.143560;0.502300
6.956500;0.138560;-0.148050;0.518250
6.957000;0.032318;-0.122900;0.520640
6.957500;-0.044807;-0.135050;0.526540
6.958000;-0.094243;-0.145810;0.523190
6.958500;-0.132170;-0.142660;0.495220
6.959000;-0.145200;-0.149250;0.485210
6.959500;-0.128600;-0.163900;0.485200
6.960000;-0.094907;-0.159690;0.477160
6.960500;-0.037629;-0.164190;0.464900
6.961000;0.017670;-0.162040;0.443940
6.961500;0.050654;-0.146700;0.400160
6.962000;0.109580;-0.158350;0.390990
6.962500;0.155630;-0.158700;0.401200
6.963000;0.180770;-0.145120;0.419560
6.963500;0.179740;-0.153060;0.445840
6.964000;0.180710;-0.172180;0.464360
6.964500;0.179920;-0.186060;0.484080
6.965000;0.146340;-0.201620;0.526720
6.965500;0.086682;-0.219270;0.573340
6.966000;0.013252;-0.232770;0.618560
6.966500;-0.061193;-0.251440;0.652320
6.967000;-0.123910;-0.272600;0.697920
6.967500;-0.166710;-0.288980;0.733690
6.968000;-0.181990;-0.305680;0.774140
6.968500;-0.164790;-0.339780;0.801310
6.969000;-0.120140;-0.344000;0.825890
6.969500;-0.058825;-0.346370;0.815030
6.970000;0.032569;-0.347550;0.821530
6.970500;0.120020;-0.352640;0.808710
6.971000;0.200310;-0.342440;0.806810
6.971500;0.266700;-0.340640;0.801970
6.972000;0.328700;-0.331350;0.790180
6.972500;0.367810;-0.311140;0.763530
6.973000;0.410060;-0.305840;0.732300
6.973500;0.448060;-0.287540;0.701290
6.974000;0.484120;-0.282790;0.675880
6.974500;0.512320;-0.269150;0.664000
6.975000;0.519320;-0.249330;0.635230
6.975500;0.510650;-0.240520;0.619700
6.976000;0.497940;-0.231390;0.606940
6.976500;0.455020;-0.216800;0.618580
6.977000;0.379530;-0.195630;0.629490
6.977500;0.326340;-0.188580;0.654250
6.978000;0.260990;-0.166640;0.676700
6.978500;0.173710;-0.138540;0.684910
6.979000;0.100370;-0.134740;0.704600
6.979500;0.039609;-0.131120;0.729860
6.980000;-0.021649;-0.116120;0.751890
6.980500;-0.083029;-0.110990;0.766440
6.981000;-0.138030;-0.100120;0.785030
6.981500;-0.180600;-0.106600;0.808600
6.982000;-0.204110;-0.110310;0.819310
6.982500;-0.232600;-0.108080;0.825620
6.983000;-0.235120;-0.110710;0.810210
6.983500;-0.213650;-0.124290;0.792560
6.984000;-0.188630;-0.135240;0.763880
6.984500;-0.171030;-0.154400;0.743270
6.985000;-0.141050;-0.158210;0.708080
6.985500;-0.107600;-0.168830;0.677010
6.986000;-0.089335;-0.174860;0.658500
6.986500;-0.079017;-0.169870;0.614790
6.987000;-0.072120;-0.170250;0.583080
6.987500;-0.055001;-0.169030;0.547920
6.988000;-0.052007;-0.154460;0.534220
6.988500;-0.048472;-0.139650;0.510480
6.989000;-0.009514;-0.143200;0.478070
6.989500;0.025657;-0.138520;0.425760
6.990000;0.038287;-0.128800;0.349810
6.990500;0.068686;-0.136240;0.293390
6.991000;0.093753;-0.143740;0.245790
6.991500;0.106150;-0.134130;0.205320
6.992000;0.119510;-0.144600;0.145100
6.992500;0.127660;-0.152000;0.082239
6.993000;0.124940;-0.160360;0.030456
6.993500;0.134060;-0.174650;0.003116
6.994000;0.133280;-0.178390;0.002745
6.994500;0.122450;-0.168730;0.004749
6.995000;0.114540;-0.166690;0.018174
6.995500;0.097003;-0.165810;0.033111
6.996000;0.098720;-0.170920;0.061764
6.996500;0.100370;-0.170580;0.104160
6.997000;0.111520;-0.166240;0.142550
6.997500;0.107100;-0.166320;0.173780
6.998000;0.116230;-0.168360;0.187920
6.998500;0.139450;-0.179710;0.194820
6.999000;0.145920;-0.164220;0.178600
6.999500;0.176110;-0.178410;0.176550
7.000000;0.218250;-0.186170;0.173610
7.000500;0.257240;-0.174570;0.156390
7.001000;0.311000;-0.188720;0.148640
7.001500;0.348670;-0.190240;0.149220
7.002000;0.367810;-0.175100;0.138890
7.002500;0.376790;-0.171970;0.154920
7.003000;0.366550;-0.168330;0.183820
7.003500;0.325120;-0.156210;0.216480
7.004000;0.283020;-0.139400;0.245410
7.004500;0.238220;-0.140570;0.255670
7.005000;0.171450;-0.148370;0.245740
7.005500;0.110740;-0.151090;0.238330
7.006000;0.049217;-0.152050;0.230160
7.006500;0.005022;-0.148650;0.211050
7.007000;-0.013466;-0.141830;0.188000
7.007500;-0.040438;-0.134460;0.158750
7.008000;-0.015949;-0.133110;0.148720
7.008500;0.006297;-0.141720;0.160800
7.009000;0.035783;-0.130790;0.152190
7.009500;0.048855;-0.108850;0.136170
7.010000;0.083119;-0.112550;0.110450
7.010500;0.089435;-0.097058;0.097985
7.011000;0.068916;-0.073769;0.079705
7.011500;0.066103;-0.069855;0.049930
7.012000;0.064568;-0.080275;0.007741
7.012500;0.032599;-0.063813;-0.022771
7.013000;0.025008;-0.080207;-0.042257
7.013500;0.010615;-0.084553;-0.074052
7.014000;-0.005042;-0.109220;-0.081269
7.014500;-0.005730;-0.130160;-0.059208
7.015000;-0.035320;-0.102690;-0.070754
7.015500;-0.023840;-0.134240;-0.052631
7.016000;0.013688;-0.168190;-0.017406
7.016500;0.029251;-0.162590;0.020859
7.017000;0.056995;-0.162370;0.044764
7.017500;0.109970;-0.172120;0.073870
7.018000;0.162220;-0.171230;0.096182
7.018500;0.218660;-0.163700;0.115900
7.019000;0.276600;-0.165560;0.123960
7.019500;0.321760;-0.156850;0.137070
7.020000;0.348260;-0.147190;0.110860
7.020500;0.372910;-0.157170;0.105190
7.021000;0.364770;-0.147740;0.092057
7.021500;0.346310;-0.145130;0.071049
7.022000;0.347750;-0.150680;0.054083
7.022500;0.333500;-0.150200;0.051266
7.023000;0.323270;-0.149410;0.037916
7.023500;0.322420;-0.134900;0.033229
7.024000;0.334030;-0.135830;0.008573
7.024500;0.348390;-0.119690;-0.011508
7.025000;0.375880;-0.122480;-0.016509
7.025500;0.396950;-0.103640;-0.024650
7.026000;0.419630;-0.086218;-0.040815
7.026500;0.450760;-0.073311;-0.055899
7.027000;0.464080;-0.066721;-0.065765
7.027500;0.458520;-0.052331;-0.068053
7.028000;0.423670;-0.049742;-0.062170
7.028500;0.393550;-0.063271;-0.051974
7.029000;0.336900;-0.080197;-0.036314
7.029500;0.277130;-0.110970;-0.011771
7.030000;0.208910;-0.123750;0.020234
7.030500;0.139260;-0.136940;0.045540
7.031000;0.071496;-0.145830;0.085589
7.031500;0.016129;-0.147270;0.103380
7.032000;-0.022921;-0.141100;0.133250
7.032500;-0.049205;-0.145840;0.146280
7.033000;-0.045526;-0.157490;0.164250
7.033500;-0.037736;-0.161800;0.173920
7.034000;-0.026114;-0.166460;0.189830
7.034500;-0.024946;-0.165290;0.209710
7.035000;-0.027618;-0.161230;0.226740
7.035500;-0.034566;-0.176660;0.249610
7.036000;-0.034089;-0.191190;0.275740
7.036500;-0.028409;-0.204730;0.291950
7.037000;-0.000078;-0.241410;0.322930
7.037500;0.034609;-0.265140;0.351990
7.038000;0.066636;-0.279460;0.375180
7.038500;0.087371;-0.291430;0.399930
7.039000;0.101310;-0.291890;0.406700
7.039500;0.097194;-0.292640;0.427090
7.040000;0.106370;-0.291510;0.441610
7.040500;0.108570;-0.290810;0.462770
7.041000;0.118600;-0.287250;0.492490
7.041500;0.150110;-0.279510;0.523160
7.042000;0.171530;-0.276430;0.550250
7.042500;0.204400;-0.278180;0.586340
7.043000;0.247510;-0.289150;0.607730
7.043500;0.275640;-0.277300;0.625770
7.044000;0.291370;-0.252200;0.613620
7.044500;0.296280;-0.232630;0.587150
7.045000;0.291380;-0.216920;0.550230
7.045500;0.278810;-0.198740;0.500350
7.046000;0.265000;-0.191250;0.436130
7.046500;0.258470;-0.175680;0.377420
7.047000;0.270460;-0.162860;0.323830
7.047500;0.292080;-0.152150;0.277440
7.048000;0.309460;-0.131920;0.229730
7.048500;0.334050;-0.110750;0.179650
7.049000;0.357510;-0.094726;0.146870
7.049500;0.366930;-0.082673;0.132930
7.050000;0.372410;-0.063273;0.147260
7.050500;0.367480;-0.056330;0.174680
7.051000;0.360530;-0.043301;0.203830
7.051500;0.337320;-0.030272;0.212150
7.052000;0.308860;-0.026182;0.226290
7.052500;0.265510;-0.024738;0.235670
7.053000;0.214390;-0.016978;0.265960
7.053500;0.149220;-0.015188;0.299640
7.054000;0.089024;-0.008309;0.323040
7.054500;0.025900;-0.007160;0.337960
7.055000;-0.039105;-0.001017;0.353530
7.055500;-0.077364;-0.001075;0.369120
7.056000;-0.106280;-0.003813;0.377930
7.056500;-0.110280;-0.009625;0.384930
7.057000;-0.101740;-0.014076;0.360120
7.057500;-0.087190;-0.024647;0.327640
7.058000;-0.043752;-0.047852;0.304270
7.058500;-0.018059;-0.065079;0.284730
7.059000;-0.006454;-0.082477;0.294590
7.059500;-0.005509;-0.094585;0.306760
7.060000;-0.004355;-0.105520;0.321860
7.060500;-0.013969;-0.116110;0.334000
7.061000;-0.040433;-0.117600;0.323600
7.061500;-0.079450;-0.107090;0.310380
7.062000;-0.120590;-0.120000;0.298390
7.062500;-0.178470;-0.096170;0.300680
7.063000;-0.235820;-0.083729;0.282800
7.063500;-0.267330;-0.125050;0.266740
7.064000;-0.297670;-0.131010;0.235640
7.064500;-0.303060;-0.069411;0.223200
7.065000;-0.255100;-0.167790;0.198020
7.065500;-0.221330;-0.131190;0.250920
7.066000;-0.195500;-0.131840;0.214720
7.066500;-0.084417;-0.196490;0.236700
7.067000;-0.016894;-0.170040;0.228450
7.067500;0.044707;-0.139950;0.230510
7.068000;0.130170;-0.172580;0.281070
7.068500;0.183410;-0.203180;0.310940
7.069000;0.187450;-0.138960;0.331550
7.069500;0.223800;-0.149940;0.315730
7.070000;0.238930;-0.144540;0.322310
7.070500;0.217340;-0.140020;0.311030
7.071000;0.220570;-0.152160;0.358730
7.071500;0.195180;-0.173020;0.367570
7.072000;0.186030;-0.164820;0.396600
7.072500;0.177700;-0.189810;0.407920
7.073000;0.188600;-0.186700;0.449760
7.073500;0.164200;-0.157940;0.462470
7.074000;0.170020;-0.167520;0.502090
7.074500;0.177770;-0.156650;0.554620
7.075000;0.149990;-0.117170;0.548590
7.075500;0.162930;-0.126120;0.569340
7.076000;0.165890;-0.117510;0.580980
7.076500;0.135950;-0.081093;0.601610
7.077000;0.107520;-0.082699;0.634490
7.077500;0.093952;-0.082038;0.672840
7.078000;0.037788;-0.042723;0.666320
7.078500;0.005232;-0.046645;0.662530
7.079000;-0.027177;-0.046015;0.661240
7.079500;-0.073288;-0.044702;0.633740
7.080000;-0.096564;-0.056943;0.634710
7.080500;-0.129070;-0.058721;0.597600
7.081000;-0.150680;-0.054794;0.551150
7.081500;-0.156990;-0.064781;0.483440
7.082000;-0.157400;-0.055926;0.426980
7.082500;-0.164940;-0.020972;0.370650
7.083000;-0.133950;-0.002387;0.294790
7.083500;-0.088490;0.004446;0.227890
7.084000;-0.057623;0.040223;0.119790
7.084500;-0.027348;0.078397;-0.001078
7.085000;0.011712;0.087282;-0.101960
7.085500;0.037508;0.119990;-0.207790
7.086000;0.046416;0.152690;-0.317980
7.086500;0.055480;0.179020;-0.413080
7.087000;0.071756;0.190550;-0.521250
7.087500;0.091006;0.186800;-0.588620
7.088000;0.120940;0.183210;-0.642010
7.088500;0.129100;0.183370;-0.667080
7.089000;0.134820;0.169070;-0.658830
7.089500;0.148930;0.157690;-0.630480
7.090000;0.149730;0.145820;-0.588710
7.090500;0.159390;0.127310;-0.546130
7.091000;0.174290;0.115220;-0.482190
7.091500;0.178770;0.099487;-0.411630
7.092000;0.172450;0.105230;-0.338900
7.092500;0.202390;0.080209;-0.261910
7.093000;0.219180;0.079902;-0.190610
7.093500;0.232750;0.071736;-0.124680
7.094000;0.235200;0.064447;-0.060070
7.094500;0.236800;0.049665;-0.001548
7.095000;0.223660;0.055989;0.062371
7.095500;0.213980;0.064315;0.115360
7.096000;0.193490;0.060454;0.143730
7.096500;0.203080;0.064880;0.156800
7.097000;0.243640;0.077339;0.169440
7.097500;0.302350;0.040374;0.195910
7.098000;0.338600;0.064414;0.219000
7.098500;0.393250;0.074705;0.205610
7.099000;0.410210;0.103760;0.166680
7.099500;0.428860;0.111960;0.146380
7.100000;0.426920;0.113780;0.163020
7.100500;0.371530;0.176520;0.143740
7.101000;0.325740;0.170440;0.174560
7.101500;0.263000;0.181240;0.216430
7.102000;0.159020;0.215580;0.243910
7.102500;0.063024;0.216010;0.298350
7.103000;-0.023941;0.205050;0.354870
7.103500;-0.138930;0.219060;0.409840
7.104000;-0.242710;0.215020;0.466150
7.104500;-0.331910;0.204720;0.525160
7.105000;-0.404800;0.202780;0.583890
7.105500;-0.458640;0.185230;0.641370
7.106000;-0.489630;0.168680;0.704170
7.106500;-0.515290;0.168810;0.747650
7.107000;-0.535210;0.161720;0.779720
7.107500;-0.530260;0.143470;0.830810
7.108000;-0.508880;0.139720;0.862240
7.108500;-0.490200;0.127870;0.906930
7.109000;-0.445060;0.107700;0.962720
7.109500;-0.398920;0.087187;1.004900
7.110000;-0.353400;0.067477;1.040000
7.110500;-0.309720;0.038845;1.076900
7.111000;-0.274890;0.016726;1.087400
7.111500;-0.261880;-0.002797;1.096300
7.112000;-0.231570;-0.032579;1.106800
7.112500;-0.212760;-0.039104;1.084300
7.113000;-0.175560;-0.076096;1.061900
7.113500;-0.112540;-0.077119;1.045400
7.114000;-0.072079;-0.070629;1.026600
7.114500;-0.047571;-0.070433;1.042300
7.115000;-0.044141;-0.061542;1.042000
7.115500;-0.034749;-0.038965;1.040300
7.116000;-0.018212;-0.022647;1.019900
7.116500;-0.001429;-0.015832;1.015200
7.117000;0.005458;0.009515;0.996720
7.117500;0.009310;0.035382;0.974280
7.118000;0.030675;0.072881;0.916440
7.118500;0.058421;0.085956;0.823990
7.119000;0.096165;0.117810;0.730350
7.119500;0.150120;0.113350;0.628180
7.120000;0.212360;0.129410;0.558670
7.120500;0.299710;0.124440;0.477990
7.121000;0.387760;0.117610;0.413630
7.121500;0.471730;0.109820;0.363620
7.122000;0.559050;0.094872;0.326320
7.122500;0.605960;0.113790;0.311390
7.123000;0.635590;0.097311;0.312450
7.123500;0.636280;0.103490;0.313760
7.124000;0.627680;0.103400;0.307440
7.124500;0.609880;0.098682;0.302350
7.125000;0.557140;0.105780;0.305810
7.125500;0.535080;0.087427;0.327620
7.126000;0.491180;0.072008;0.354310
7.126500;0.398740;0.054448;0.409180
7.127000;0.290450;0.050612;0.474530
7.127500;0.183630;0.030615;0.543430
7.128000;0.077547;-0.031536;0.619560
7.128500;-0.090065;0.048628;0.699950
7.129000;-0.169390;-0.021685;0.754480
7.129500;-0.308620;-0.007913;0.818970
7.130000;-0.391750;-0.033376;0.876420
7.130500;-0.392360;-0.062964;0.952450
7.131000;-0.443920;-0.015093;0.919860
7.131500;-0.414430;-0.046130;0.922450
7.132000;-0.334830;-0.062522;0.911750
7.132500;-0.260060;-0.046705;0.845890
7.133000;-0.163010;-0.025239;0.801110
7.133500;-0.018064;-0.045923;0.742690
7.134000;0.082552;-0.022138;0.667780
7.134500;0.175060;-0.032532;0.604330
7.135000;0.226540;0.011803;0.543240
7.135500;0.254820;0.021556;0.474590
7.136000;0.290500;0.007452;0.422310
7.136500;0.297260;0.015387;0.365110
7.137000;0.286550;0.015240;0.305730
7.137500;0.261340;-0.005773;0.260780
7.138000;0.213470;-0.023876;0.250110
7.138500;0.123940;-0.011653;0.235000
7.139000;0.026587;-0.022029;0.220200
7.139500;-0.054728;-0.056516;0.238830
7.140000;-0.147940;-0.046559;0.246960
7.140500;-0.207370;-0.049980;0.248630
7.141000;-0.218750;-0.086301;0.269740
7.141500;-0.220490;-0.089322;0.279930
7.142000;-0.194520;-0.100940;0.289190
7.142500;-0.123500;-0.125290;0.305090
7.143000;-0.047339;-0.135240;0.323230
7.143500;0.046420;-0.147610;0.345500
7.144000;0.147810;-0.162440;0.387550
7.144500;0.212880;-0.170120;0.401540
7.145000;0.293260;-0.187290;0.430420
7.145500;0.357630;-0.197880;0.457400
7.146000;0.383700;-0.194070;0.498580
7.146500;0.413800;-0.189450;0.529920
7.147000;0.442970;-0.200900;0.555570
7.147500;0.438660;-0.193260;0.579260
7.148000;0.413520;-0.179330;0.587290
7.148500;0.395270;-0.173580;0.616150
7.149000;0.375200;-0.165000;0.646880
7.149500;0.350270;-0.148470;0.647760
7.150000;0.335370;-0.138360;0.646790
7.150500;0.334470;-0.131880;0.617550
7.151000;0.356980;-0.121430;0.577180
7.151500;0.369610;-0.117910;0.529900
7.152000;0.365540;-0.100130;0.459780
7.152500;0.361260;-0.100750;0.388480
7.153000;0.340530;-0.090602;0.321200
7.153500;0.296270;-0.092514;0.264700
7.154000;0.244590;-0.090748;0.215520
7.154500;0.174910;-0.093712;0.182800
7.155000;0.106260;-0.111050;0.151600
7.155500;0.029225;-0.122160;0.131640
7.156000;-0.035933;-0.143430;0.115440
7.156500;-0.086286;-0.172190;0.110490
7.157000;-0.144470;-0.199310;0.115050
7.157500;-0.187020;-0.233600;0.141970
7.158000;-0.231640;-0.248060;0.160540
7.158500;-0.260560;-0.267780;0.166470
7.159000;-0.270970;-0.284600;0.169760
7.159500;-0.279800;-0.294350;0.151730
7.160000;-0.253650;-0.304360;0.130040
7.160500;-0.196930;-0.327310;0.085975
7.161000;-0.156470;-0.312510;0.051853
7.161500;-0.099558;-0.317680;-0.000496
7.162000;-0.016784;-0.356390;-0.008819
7.162500;0.052801;-0.353240;-0.004450
7.163000;0.095632;-0.354950;0.017883
7.163500;0.120910;-0.336390;0.052045
7.164000;0.156370;-0.353910;0.083599
7.164500;0.167160;-0.344260;0.118930
7.165000;0.159050;-0.340040;0.150340
7.165500;0.165390;-0.355580;0.203290
7.166000;0.159440;-0.371290;0.229650
7.166500;0.131510;-0.392460;0.259570
7.167000;0.100890;-0.393270;0.287600
7.167500;0.070964;-0.392260;0.301610
7.168000;0.035729;-0.409960;0.347160
7.168500;0.034585;-0.407590;0.375130
7.169000;0.034505;-0.397500;0.386550
7.169500;0.075400;-0.389950;0.381480
7.170000;0.156360;-0.382540;0.348970
7.170500;0.230630;-0.355270;0.300580
7.171000;0.354440;-0.347090;0.241700
7.171500;0.458550;-0.306070;0.152380
7.172000;0.543390;-0.265220;0.044133
7.172500;0.632550;-0.241470;-0.077383
7.173000;0.679860;-0.212150;-0.173290
7.173500;0.728080;-0.202200;-0.261340
7.174000;0.731010;-0.178110;-0.307970
7.174500;0.699690;-0.176080;-0.358760
7.175000;0.652090;-0.166310;-0.372230
7.175500;0.590480;-0.172690;-0.377930
7.176000;0.510180;-0.174140;-0.364630
7.176500;0.416580;-0.182450;-0.326650
7.177000;0.324900;-0.199780;-0.290280
7.177500;0.226570;-0.203830;-0.245910
7.178000;0.131920;-0.223030;-0.220020
7.178500;0.044474;-0.228750;-0.191980
7.179000;-0.026294;-0.243370;-0.178840
7.179500;-0.057544;-0.263690;-0.153170
7.180000;-0.076152;-0.280040;-0.129780
7.180500;-0.047151;-0.285680;-0.091276
7.181000;0.018494;-0.303510;-0.066583
7.181500;0.100910;-0.353150;-0.040365
7.182000;0.160390;-0.336610;0.003648
7.182500;0.240800;-0.382730;0.043339
7.183000;0.265780;-0.377930;0.098108
7.183500;0.278670;-0.418800;0.160070
7.184000;0.295870;-0.467650;0.233530
7.184500;0.240290;-0.452180;0.257850
7.185000;0.172360;-0.487050;0.305120
7.185500;0.106400;-0.526720;0.362870
7.186000;0.014350;-0.544560;0.390710
7.186500;-0.075367;-0.569830;0.434750
7.187000;-0.149660;-0.603510;0.475130
7.187500;-0.228740;-0.621380;0.493830
7.188000;-0.307690;-0.633950;0.524360
7.188500;-0.353440;-0.657420;0.549940
7.189000;-0.401850;-0.669860;0.579110
7.189500;-0.416060;-0.689710;0.607970
7.190000;-0.412620;-0.703250;0.643220
7.190500;-0.392140;-0.706090;0.669330
7.191000;-0.357560;-0.715620;0.689300
7.191500;-0.330050;-0.711050;0.715560
7.192000;-0.303390;-0.705720;0.739770
7.192500;-0.280760;-0.711850;0.770830
7.193000;-0.284140;-0.705430;0.785680
7.193500;-0.304880;-0.683100;0.776090
7.194000;-0.315000;-0.669460;0.765090
7.194500;-0.323480;-0.666590;0.767980
7.195000;-0.354870;-0.627020;0.757810
7.195500;-0.360040;-0.608790;0.723080
7.196000;-0.328580;-0.593960;0.692670
7.196500;-0.283510;-0.575220;0.641000
7.197000;-0.220710;-0.555600;0.604230
7.197500;-0.128770;-0.553480;0.585740
7.198000;-0.036894;-0.526520;0.579180
7.198500;0.073397;-0.524400;0.586410
7.199000;0.158540;-0.518830;0.626870
7.199500;0.220600;-0.504770;0.661670
7.200000;0.263600;-0.481360;0.712530
7.200500;0.310920;-0.477530;0.764250
7.201000;0.341920;-0.465330;0.802930
7.201500;0.334240;-0.440410;0.818840
7.202000;0.327670;-0.433880;0.833500
7.202500;0.305850;-0.430600;0.839440
7.203000;0.246590;-0.402090;0.833560
7.203500;0.161450;-0.384410;0.837780
7.204000;0.089105;-0.370480;0.841790
7.204500;0.024162;-0.361580;0.847520
7.205000;-0.035460;-0.362500;0.853880
7.205500;-0.069620;-0.354950;0.865570
7.206000;-0.087587;-0.341140;0.870200
7.206500;-0.081585;-0.334300;0.877150
7.207000;-0.046895;-0.322400;0.860370
7.207500;-0.014547;-0.312310;0.830940
7.208000;0.018315;-0.303310;0.792440
7.208500;0.029118;-0.280290;0.725250
7.209000;0.023458;-0.263730;0.658740
7.209500;0.011122;-0.239210;0.580340
7.210000;-0.004457;-0.224120;0.485370
7.210500;-0.031394;-0.205160;0.405100
7.211000;-0.037344;-0.183700;0.313030
7.211500;-0.016686;-0.191880;0.242490
7.212000;-0.019824;-0.192600;0.177570
7.212500;0.047297;-0.184700;0.178750
7.213000;0.069806;-0.175060;0.142800
7.213500;0.126950;-0.208050;0.142480
7.214000;0.191940;-0.226170;0.168940
7.214500;0.194730;-0.179210;0.157820
7.215000;0.206730;-0.195010;0.200800
7.215500;0.201610;-0.228650;0.238940
7.216000;0.167590;-0.205860;0.254940
7.216500;0.134070;-0.195690;0.249960
7.217000;0.115160;-0.220050;0.259860
7.217500;0.065522;-0.214510;0.259310
7.218000;0.008452;-0.211030;0.256210
7.218500;-0.046622;-0.216540;0.281380
7.219000;-0.076325;-0.245440;0.305850
7.219500;-0.117630;-0.241420;0.333380
7.220000;-0.144950;-0.244710;0.346650
7.220500;-0.150100;-0.282060;0.385450
7.221000;-0.128370;-0.330930;0.405910
7.221500;-0.113340;-0.279480;0.445290
7.222000;-0.033453;-0.357870;0.452620
7.222500;0.012729;-0.367620;0.483040
7.223000;0.032345;-0.375190;0.477770
7.223500;0.107450;-0.431600;0.484900
7.224000;0.137700;-0.402940;0.471400
7.224500;0.163800;-0.413420;0.450390
7.225000;0.202180;-0.422680;0.472270
7.225500;0.211990;-0.410750;0.437470
7.226000;0.210800;-0.365690;0.441960
7.226500;0.200510;-0.356890;0.425140
7.227000;0.204690;-0.354940;0.441160
7.227500;0.162980;-0.329550;0.455960
7.228000;0.108330;-0.307440;0.501540
7.228500;0.056183;-0.305380;0.522670
7.229000;0.002257;-0.295170;0.534390
7.229500;-0.054027;-0.282390;0.548760
7.230000;-0.118830;-0.270280;0.561190
7.230500;-0.177080;-0.280650;0.548070
7.231000;-0.238910;-0.277540;0.549620
7.231500;-0.295000;-0.251120;0.542100
7.232000;-0.319390;-0.237650;0.516790
7.232500;-0.307690;-0.252000;0.514440
7.233000;-0.273720;-0.237870;0.506000
7.233500;-0.223910;-0.208250;0.499100
7.234000;-0.131080;-0.218550;0.504950
7.234500;-0.054626;-0.188680;0.519560
7.235000;0.020576;-0.164800;0.501160
7.235500;0.105720;-0.165400;0.494310
7.236000;0.188150;-0.157490;0.475230
7.236500;0.219820;-0.161610;0.466510
7.237000;0.271770;-0.144640;0.472450
7.237500;0.309720;-0.149120;0.450470
7.238000;0.316490;-0.132270;0.423310
7.238500;0.334660;-0.127510;0.394390
7.239000;0.331860;-0.117820;0.378400
7.239500;0.335160;-0.115800;0.373570
7.240000;0.327260;-0.102340;0.387820
7.240500;0.295530;-0.082662;0.411220
7.241000;0.277660;-0.078775;0.430030
7.241500;0.262190;-0.067334;0.426690
7.242000;0.245750;-0.055922;0.435040
7.242500;0.252730;-0.047254;0.421280
7.243000;0.270800;-0.043192;0.400420
7.243500;0.295630;-0.039669;0.354600
7.244000;0.337400;-0.027440;0.270380
7.244500;0.391110;-0.035870;0.187320
7.245000;0.454960;-0.032779;0.100390
7.245500;0.518450;-0.034597;0.023131
7.246000;0.565890;-0.030258;-0.049229
7.246500;0.603520;-0.019063;-0.151680
7.247000;0.638020;-0.035520;-0.233120
7.247500;0.649730;-0.051976;-0.307200
7.248000;0.611750;-0.052849;-0.349870
7.248500;0.554810;-0.067531;-0.352030
7.249000;0.475870;-0.094238;-0.324510
7.249500;0.333780;-0.097499;-0.262360
7.250000;0.194610;-0.114070;-0.174490
7.250500;0.054283;-0.164790;-0.058556
7.251000;-0.106320;-0.208940;0.081371
7.251500;-0.295430;-0.149450;0.229060
7.252000;-0.417880;-0.242470;0.329030
7.252500;-0.553370;-0.250180;0.448910
7.253000;-0.680160;-0.264060;0.525150
7.253500;-0.724250;-0.343470;0.603150
7.254000;-0.763570;-0.317110;0.638050
7.254500;-0.720780;-0.333760;0.611070
7.255000;-0.628870;-0.369090;0.667710
7.255500;-0.640830;-0.379180;0.706790
7.256000;-0.671630;-0.384600;0.768790
7.256500;-0.605160;-0.417880;0.797440
7.257000;-0.537480;-0.435680;0.781250
7.257500;-0.487390;-0.437550;0.784120
7.258000;-0.400980;-0.464330;0.771710
7.258500;-0.351030;-0.456170;0.757800
7.259000;-0.287470;-0.449330;0.694200
7.259500;-0.187430;-0.434920;0.607290
7.260000;-0.083959;-0.428430;0.549370
7.260500;0.006379;-0.416610;0.527910
7.261000;0.085504;-0.414670;0.528770
7.261500;0.147190;-0.420210;0.551730
7.262000;0.172990;-0.403830;0.575970
7.262500;0.196450;-0.415610;0.664310
7.263000;0.175910;-0.392670;0.763750
7.263500;0.121020;-0.367240;0.858870
7.264000;0.047833;-0.378570;0.984780
7.264500;-0.024167;-0.376200;1.081400
7.265000;-0.076877;-0.374280;1.146700
7.265500;-0.078283;-0.402170;1.193500
7.266000;-0.065605;-0.403770;1.193000
7.266500;-0.072168;-0.386260;1.154000
7.267000;-0.050779;-0.396700;1.121800
7.267500;-0.019660;-0.387240;1.068800
7.268000;0.011050;-0.374240;0.999910
7.268500;0.057048;-0.380490;0.942350
7.269000;0.100670;-0.373890;0.869880
7.269500;0.146560;-0.352980;0.818930
7.270000;0.185500;-0.318040;0.761570
7.270500;0.241670;-0.296860;0.718750
7.271000;0.307600;-0.298000;0.649090
7.271500;0.382750;-0.289140;0.598900
7.272000;0.462510;-0.261110;0.529800
7.272500;0.530040;-0.247770;0.460530
7.273000;0.575940;-0.229640;0.399300
7.273500;0.612060;-0.238330;0.332020
7.274000;0.603420;-0.198910;0.256860
7.274500;0.593450;-0.180050;0.154250
7.275000;0.590870;-0.141250;0.080171
7.275500;0.530720;-0.119740;-0.010326
7.276000;0.479330;-0.088189;-0.068611
7.276500;0.415700;-0.066308;-0.156990
7.277000;0.349350;-0.038546;-0.223960
7.277500;0.290290;-0.039014;-0.293170
7.278000;0.198300;-0.017562;-0.367270
7.278500;0.114850;-0.028481;-0.418460
7.279000;0.045084;-0.055875;-0.475680
7.279500;-0.020280;-0.064749;-0.519180
7.280000;-0.078749;-0.113150;-0.584700
7.280500;-0.124170;-0.123580;-0.655800
7.281000;-0.122190;-0.169240;-0.740740
7.281500;-0.096610;-0.165440;-0.804260
7.282000;-0.054524;-0.198350;-0.840710
7.282500;-0.008574;-0.247710;-0.825850
7.283000;0.045693;-0.274870;-0.828430
7.283500;0.102500;-0.300830;-0.863520
7.284000;0.141270;-0.310420;-0.838160
7.284500;0.160210;-0.315320;-0.825190
7.285000;0.144300;-0.316590;-0.783080
7.285500;0.129800;-0.334670;-0.728740
7.286000;0.082393;-0.344700;-0.709570
7.286500;0.064873;-0.351160;-0.668760
7.287000;0.014618;-0.374800;-0.674280
7.287500;-0.017251;-0.384710;-0.642750
7.288000;-0.049181;-0.391750;-0.628500
7.288500;-0.091584;-0.357300;-0.608540
7.289000;-0.128720;-0.353270;-0.616980
7.289500;-0.157890;-0.337610;-0.631440
7.290000;-0.189110;-0.317410;-0.652070
7.290500;-0.195090;-0.311140;-0.647360
7.291000;-0.209040;-0.297210;-0.615820
7.291500;-0.224210;-0.291030;-0.585950
7.292000;-0.208140;-0.299420;-0.543010
7.292500;-0.207950;-0.265860;-0.547210
7.293000;-0.176380;-0.272620;-0.514190
7.293500;-0.130200;-0.297040;-0.482720
7.294000;-0.085234;-0.304600;-0.440050
7.294500;-0.043192;-0.313710;-0.414760
7.295000;0.001699;-0.332620;-0.379500
7.295500;0.055905;-0.320120;-0.361340
7.296000;0.053460;-0.320190;-0.366610
7.296500;0.052992;-0.274600;-0.356330
7.297000;0.066263;-0.282720;-0.324180
7.297500;0.056277;-0.261390;-0.280380
7.298000;0.030917;-0.221890;-0.257060
7.298500;0.036658;-0.224520;-0.244650
7.299000;0.052048;-0.226010;-0.248330
7.299500;0.012246;-0.225410;-0.220470
7.300000;-0.036065;-0.205610;-0.178370
7.300500;-0.085458;-0.192680;-0.131140
7.301000;-0.156460;-0.187220;-0.077623
7.301500;-0.260980;-0.119850;-0.020302
7.302000;-0.330850;-0.122640;-0.003914
7.302500;-0.420510;-0.119490;0.072442
7.303000;-0.503420;-0.134460;0.107050
7.303500;-0.599480;-0.096930;0.158390
7.304000;-0.668200;-0.090382;0.154730
7.304500;-0.741300;-0.081370;0.132310
7.305000;-0.791050;-0.078948;0.081002
7.305500;-0.784750;-0.087860;0.039634
7.306000;-0.770220;-0.053674;-0.021731
7.306500;-0.686270;-0.042631;-0.070515
7.307000;-0.582230;-0.026362;-0.142780
7.307500;-0.450200;-0.007757;-0.229360
7.308000;-0.274400;0.015781;-0.300390
7.308500;-0.104580;0.053373;-0.361020
7.309000;0.062187;0.082493;-0.407390
7.309500;0.211150;0.106590;-0.462380
7.310000;0.321430;0.132450;-0.512530
7.310500;0.377900;0.176790;-0.558620
7.311000;0.399250;0.195940;-0.588400
7.311500;0.382160;0.212440;-0.611340
7.312000;0.328350;0.205950;-0.608640
7.312500;0.235370;0.214360;-0.607720
7.313000;0.126950;0.212750;-0.594770
7.313500;0.044500;0.184600;-0.569300
7.314000;-0.056121;0.168600;-0.531720
7.314500;-0.133430;0.165920;-0.489050
7.315000;-0.187900;0.150230;-0.451750
7.315500;-0.212960;0.141000;-0.408520
7.316000;-0.217240;0.135980;-0.347390
7.316500;-0.198730;0.143770;-0.297250
7.317000;-0.149240;0.150790;-0.262570
7.317500;-0.078092;0.152420;-0.249300
7.318000;0.004730;0.145690;-0.252960
7.318500;0.097795;0.151950;-0.282170
7.319000;0.176510;0.161050;-0.326940
7.319500;0.261400;0.170770;-0.371630
7.320000;0.335980;0.172980;-0.436290
7.320500;0.392680;0.180840;-0.498810
7.321000;0.441780;0.177380;-0.555800
7.321500;0.484280;0.177090;-0.597020
7.322000;0.496360;0.181780;-0.622920
7.322500;0.497370;0.191610;-0.631350
7.323000;0.465210;0.204480;-0.637610
7.323500;0.406820;0.216780;-0.617600
7.324000;0.320920;0.234850;-0.577740
7.324500;0.220710;0.259660;-0.528640
7.325000;0.114660;0.285660;-0.464630
7.325500;0.002929;0.315240;-0.397530
7.326000;-0.111360;0.338510;-0.335130
7.326500;-0.180960;0.344480;-0.285320
7.327000;-0.243450;0.347980;-0.235190
7.327500;-0.291930;0.345450;-0.183950
7.328000;-0.327180;0.343260;-0.141080
7.328500;-0.349970;0.330700;-0.098498
7.329000;-0.360830;0.322190;-0.061935
7.329500;-0.360850;0.311160;-0.033067
7.330000;-0.349300;0.294620;0.001625
7.330500;-0.321120;0.278060;0.042404
7.331000;-0.288900;0.269690;0.086928
7.331500;-0.251710;0.273610;0.126190
7.332000;-0.213430;0.274020;0.149410
7.332500;-0.176850;0.273590;0.172990
7.333000;-0.135920;0.266250;0.206800
7.333500;-0.121380;0.273080;0.249520
7.334000;-0.118620;0.288760;0.272250
7.334500;-0.116830;0.303860;0.282150
7.335000;-0.135930;0.309670;0.292270
7.335500;-0.151790;0.327010;0.295810
7.336000;-0.154690;0.339940;0.285020
7.336500;-0.143830;0.357680;0.279150
7.337000;-0.121680;0.371150;0.248620
7.337500;-0.094213;0.396170;0.206480
7.338000;-0.077019;0.409150;0.149760
7.338500;-0.062398;0.436790;0.099958
7.339000;-0.064893;0.457620;0.054198
7.339500;-0.073724;0.486570;0.036792
7.340000;-0.096402;0.500470;0.031335
7.340500;-0.133860;0.533160;0.023537
7.341000;-0.161890;0.562910;0.024538
7.341500;-0.194470;0.578310;0.033245
7.342000;-0.235770;0.580580;0.052366
7.342500;-0.265070;0.574880;0.080726
7.343000;-0.291710;0.613030;0.108480
7.343500;-0.318450;0.638890;0.090170
7.344000;-0.326310;0.654100;0.074125
7.344500;-0.330770;0.658070;0.044307
7.345000;-0.312090;0.645480;0.027229
7.345500;-0.309000;0.638570;0.002523
7.346000;-0.288070;0.661610;-0.039886
7.346500;-0.258520;0.645660;-0.100320
7.347000;-0.223960;0.664100;-0.134460
7.347500;-0.168490;0.665590;-0.161920
7.348000;-0.150010;0.676270;-0.176310
7.348500;-0.137460;0.676150;-0.186170
7.349000;-0.125760;0.657090;-0.197680
7.349500;-0.143340;0.669310;-0.192830
7.350000;-0.163830;0.667260;-0.159170
7.350500;-0.194680;0.684620;-0.113860
7.351000;-0.257950;0.688250;-0.077831
7.351500;-0.295860;0.679290;-0.024854
7.352000;-0.362310;0.680430;-0.016042
7.352500;-0.411680;0.685570;0.025055
7.353000;-0.462710;0.672650;0.039061
7.353500;-0.505840;0.677830;0.077071
7.354000;-0.538760;0.667160;0.106630
7.354500;-0.563940;0.668560;0.135380
7.355000;-0.580970;0.653100;0.172180
7.355500;-0.551430;0.617400;0.206690
7.356000;-0.542970;0.609290;0.212410
7.356500;-0.522420;0.613720;0.212890
7.357000;-0.470120;0.580520;0.197790
7.357500;-0.428350;0.563090;0.172980
7.358000;-0.392680;0.659290;0.154330
7.358500;-0.282310;0.544160;0.079446
7.359000;-0.212570;0.593510;0.109040
7.359500;-0.188070;0.581380;0.017782
7.360000;-0.052334;0.486730;0.069200
7.360500;0.016784;0.504040;0.063789
7.361000;0.068099;0.518770;0.074680
7.361500;0.134070;0.457360;0.135810
7.362000;0.138990;0.461230;0.160310
7.362500;0.120200;0.492120;0.224020
7.363000;0.130800;0.459470;0.307370
7.363500;0.105610;0.467230;0.378420
7.364000;0.054633;0.447500;0.442030
7.364500;0.029402;0.446930;0.525620
7.365000;-0.034201;0.460060;0.557400
7.365500;-0.076704;0.453040;0.601500
7.366000;-0.115650;0.455190;0.618470
7.366500;-0.148770;0.442650;0.645160
7.367000;-0.202210;0.471780;0.631940
7.367500;-0.186490;0.431360;0.641250
7.368000;-0.170720;0.432160;0.658140
7.368500;-0.193010;0.465410;0.605360
7.369000;-0.132660;0.423410;0.576590
7.369500;-0.086296;0.436500;0.520500
7.370000;-0.041356;0.472800;0.411280
7.370500;0.042264;0.452770;0.319080
7.371000;0.141030;0.454180;0.201970
7.371500;0.199770;0.485630;0.035253
7.372000;0.282170;0.473700;-0.076549
7.372500;0.321460;0.491480;-0.178420
7.373000;0.313900;0.517060;-0.264620
7.373500;0.312620;0.509990;-0.285250
7.374000;0.273240;0.540150;-0.297800
7.374500;0.215030;0.556090;-0.300940
7.375000;0.155210;0.550150;-0.285430
7.375500;0.076758;0.558310;-0.280780
7.376000;-0.026869;0.575740;-0.284540
7.376500;-0.133650;0.573530;-0.284250
7.377000;-0.255150;0.577700;-0.299820
7.377500;-0.366930;0.577130;-0.337160
7.378000;-0.469730;0.566630;-0.380830
7.378500;-0.561300;0.550430;-0.441770
7.379000;-0.625180;0.539410;-0.518930
7.379500;-0.673270;0.521200;-0.601960
7.380000;-0.700460;0.516400;-0.667580
7.380500;-0.687270;0.492300;-0.723200
7.381000;-0.634570;0.469810;-0.765910
7.381500;-0.564750;0.455890;-0.821220
7.382000;-0.478770;0.428990;-0.866590
7.382500;-0.394900;0.407320;-0.877480
7.383000;-0.327660;0.405830;-0.897740
7.383500;-0.259890;0.385710;-0.896520
7.384000;-0.205010;0.362220;-0.910920
7.384500;-0.177250;0.355800;-0.936390
7.385000;-0.152230;0.340430;-0.958560
7.385500;-0.129740;0.327300;-0.941540
7.386000;-0.111590;0.321070;-0.917400
7.386500;-0.103430;0.321000;-0.898330
7.387000;-0.105270;0.309140;-0.888610
7.387500;-0.105300;0.305070;-0.887740
7.388000;-0.101030;0.302060;-0.875940
7.388500;-0.115560;0.304610;-0.849530
7.389000;-0.135420;0.298210;-0.805300
7.389500;-0.133920;0.293620;-0.739710
7.390000;-0.135270;0.299220;-0.683330
7.390500;-0.128260;0.297650;-0.626680
7.391000;-0.095929;0.275530;-0.564040
7.391500;-0.060427;0.251960;-0.495410
7.392000;-0.025602;0.224530;-0.409210
7.392500;0.003916;0.199860;-0.316350
7.393000;0.011777;0.184610;-0.225890
7.393500;0.010403;0.162140;-0.156090
7.394000;-0.009210;0.153010;-0.089975
7.394500;-0.027918;0.122610;-0.016152
7.395000;-0.050811;0.109720;0.071330
7.395500;-0.066807;0.088290;0.171100
7.396000;-0.091967;0.085475;0.258160
7.396500;-0.091508;0.087372;0.327290
7.397000;-0.073821;0.074568;0.410470
7.397500;-0.059739;0.068664;0.491140
7.398000;-0.048573;0.071794;0.555620
7.398500;-0.039008;0.073961;0.613650
7.399000;-0.027217;0.071325;0.660520
7.399500;-0.027284;0.074799;0.683580
7.400000;-0.037101;0.073331;0.693120
7.400500;-0.032577;0.068576;0.682510
7.401000;-0.031199;0.064229;0.671630
7.401500;-0.041318;0.050043;0.646610
7.402000;-0.056926;0.036960;0.644960
7.402500;-0.067645;0.028166;0.650060
7.403000;-0.085663;0.015659;0.631260
7.403500;-0.108740;-0.005367;0.611260
7.404000;-0.125970;-0.010180;0.625480
7.404500;-0.160390;-0.019861;0.630900
7.405000;-0.165050;-0.039792;0.661930
7.405500;-0.172820;-0.050546;0.668050
7.406000;-0.171990;-0.062002;0.648890
7.406500;-0.130550;-0.078855;0.588900
7.407000;-0.096958;-0.086071;0.531800
7.407500;-0.046165;-0.111060;0.451060
7.408000;-0.015644;-0.100650;0.397260
7.408500;0.030160;-0.119720;0.326550
7.409000;0.045755;-0.084073;0.284440
7.409500;0.104170;-0.112080;0.233110
7.410000;0.120420;-0.111060;0.220330
7.410500;0.129980;-0.110830;0.203060
7.411000;0.140700;-0.103410;0.215450
7.411500;0.123060;-0.108860;0.220770
7.412000;0.120380;-0.125110;0.244570
7.412500;0.087078;-0.119330;0.265940
7.413000;0.063132;-0.126070;0.288510
7.413500;0.037223;-0.162760;0.311720
7.414000;0.012500;-0.178010;0.360810
7.414500;-0.026313;-0.191230;0.410720
7.415000;-0.051582;-0.209290;0.456730
7.415500;-0.062589;-0.224740;0.500040
7.416000;-0.078298;-0.222930;0.528460
7.416500;-0.077155;-0.236810;0.575570
7.417000;-0.072400;-0.237690;0.614060
7.417500;-0.063188;-0.235570;0.642630
7.418000;-0.050359;-0.234770;0.669080
7.418500;-0.037089;-0.205440;0.669820
7.419000;-0.040135;-0.176320;0.660990
7.419500;-0.005023;-0.168320;0.638690
7.420000;0.026069;-0.142800;0.596040
7.420500;0.069032;-0.145460;0.552650
7.421000;0.087918;-0.132470;0.484320
7.421500;0.127700;-0.139070;0.434080
7.422000;0.135560;-0.106500;0.349350
7.422500;0.151120;-0.117460;0.272870
7.423000;0.147070;-0.117350;0.227640
7.423500;0.131800;-0.105940;0.161960
7.424000;0.119870;-0.120940;0.127340
7.424500;0.093135;-0.122910;0.095412
7.425000;0.069233;-0.129130;0.051657
7.425500;0.041732;-0.130880;0.021880
7.426000;0.021165;-0.152140;-0.020724
7.426500;-0.003054;-0.173610;-0.052796
7.427000;-0.022276;-0.192640;-0.078166
7.427500;-0.049430;-0.201760;-0.092780
7.428000;-0.062528;-0.216150;-0.109610
7.428500;-0.067856;-0.229080;-0.135000
7.429000;-0.066318;-0.253250;-0.159390
7.429500;-0.057380;-0.271670;-0.174380
7.430000;-0.048892;-0.293090;-0.186160
7.430500;-0.042325;-0.312300;-0.191630
7.431000;-0.010494;-0.336350;-0.206270
7.431500;0.011755;-0.346180;-0.220370
7.432000;0.026540;-0.370740;-0.227440
7.432500;0.045812;-0.387420;-0.212150
7.433000;0.066849;-0.404640;-0.204800
7.433500;0.091534;-0.416290;-0.194810
7.434000;0.107960;-0.433660;-0.194520
7.434500;0.130970;-0.454060;-0.189530
7.435000;0.159740;-0.471010;-0.186010
7.435500;0.192300;-0.492610;-0.163030
7.436000;0.202360;-0.478330;-0.145760
7.436500;0.230050;-0.471590;-0.144980
7.437000;0.266760;-0.516840;-0.123770
7.437500;0.279730;-0.509570;-0.107110
7.438000;0.280350;-0.456980;-0.055907
7.438500;0.296220;-0.526680;-0.029155
7.439000;0.259240;-0.472580;0.065434
7.439500;0.191060;-0.446540;0.089536
7.440000;0.200290;-0.488080;0.176410
7.440500;0.146160;-0.431390;0.213990
7.441000;0.069935;-0.376490;0.205610
7.441500;0.079105;-0.400580;0.240490
7.442000;0.045805;-0.384800;0.212570
7.442500;0.004814;-0.322710;0.173640
7.443000;0.027723;-0.334130;0.107440
7.443500;0.067408;-0.353040;0.022463
7.444000;0.067034;-0.329060;-0.073365
7.444500;0.112890;-0.335730;-0.137740
7.445000;0.147030;-0.325870;-0.209790
7.445500;0.204320;-0.323480;-0.282470
7.446000;0.246070;-0.302550;-0.357350
7.446500;0.293870;-0.314670;-0.418460
7.447000;0.316460;-0.284460;-0.487330
7.447500;0.347190;-0.322570;-0.535870
7.448000;0.338000;-0.299660;-0.554380
7.448500;0.286570;-0.276600;-0.635090
7.449000;0.227830;-0.293570;-0.652960
7.449500;0.155050;-0.310360;-0.690970
7.450000;0.061373;-0.273940;-0.707880
7.450500;-0.029145;-0.282940;-0.724520
7.451000;-0.098196;-0.311990;-0.700470
7.451500;-0.177280;-0.307620;-0.711660
7.452000;-0.203250;-0.341840;-0.674130
7.452500;-0.232050;-0.333610;-0.661070
7.453000;-0.232770;-0.343520;-0.630490
7.453500;-0.213550;-0.367820;-0.594000
7.454000;-0.192680;-0.366390;-0.563240
7.454500;-0.180340;-0.347700;-0.567660
7.455000;-0.121630;-0.365540;-0.550830
7.455500;-0.075345;-0.370600;-0.528200
7.456000;-0.037124;-0.384320;-0.522640
7.456500;0.015781;-0.383860;-0.533740
7.457000;0.032314;-0.397320;-0.532870
7.457500;0.070920;-0.448520;-0.527890
7.458000;0.053506;-0.422150;-0.540240
7.458500;0.056251;-0.461580;-0.574450
7.459000;0.054878;-0.474950;-0.561610
7.459500;0.019679;-0.492800;-0.570700
7.460000;-0.019895;-0.468860;-0.538660
7.460500;-0.029060;-0.474240;-0.520280
7.461000;-0.022181;-0.483770;-0.467150
7.461500;-0.033455;-0.457360;-0.417570
7.462000;-0.005097;-0.437920;-0.367940
7.462500;0.012996;-0.423240;-0.318260
7.463000;0.040862;-0.421230;-0.264590
7.463500;0.083266;-0.403480;-0.210540
7.464000;0.080443;-0.386740;-0.177550
7.464500;0.102710;-0.378180;-0.157090
7.465000;0.111270;-0.378530;-0.142780
7.465500;0.118590;-0.380130;-0.144840
7.466000;0.097831;-0.345880;-0.157940
7.466500;0.091695;-0.363030;-0.187560
7.467000;0.093770;-0.368310;-0.213780
7.467500;0.074093;-0.374190;-0.253930
7.468000;0.074024;-0.375740;-0.266420
7.468500;0.077263;-0.370040;-0.280660
7.469000;0.091482;-0.360930;-0.277770
7.469500;0.109750;-0.353710;-0.272410
7.470000;0.122870;-0.337220;-0.270640
7.470500;0.128300;-0.311760;-0.272930
7.471000;0.151560;-0.295790;-0.285190
7.471500;0.166050;-0.259440;-0.303920
7.472000;0.181370;-0.253070;-0.329090
7.472500;0.183570;-0.228840;-0.340310
7.473000;0.183110;-0.225210;-0.354220
7.473500;0.176140;-0.218300;-0.339060
7.474000;0.158700;-0.214930;-0.331560
7.474500;0.129520;-0.227940;-0.288820
7.475000;0.101970;-0.234570;-0.255400
7.475500;0.073502;-0.241340;-0.217300
7.476000;0.040966;-0.263580;-0.172850
7.476500;0.007934;-0.277590;-0.136650
7.477000;-0.034437;-0.290690;-0.106720
7.477500;-0.078023;-0.306330;-0.086085
7.478000;-0.120350;-0.314550;-0.090399
7.478500;-0.152880;-0.325250;-0.082639
7.479000;-0.168740;-0.328010;-0.075609
7.479500;-0.179610;-0.318160;-0.083883
7.480000;-0.164230;-0.319060;-0.079196
7.480500;-0.133320;-0.314420;-0.098127
7.481000;-0.089444;-0.314510;-0.140850
7.481500;-0.054037;-0.319290;-0.183520
7.482000;-0.003356;-0.329270;-0.227140
7.482500;0.051615;-0.330010;-0.253360
7.483000;0.085221;-0.322150;-0.275100
7.483500;0.107660;-0.311950;-0.303120
7.484000;0.119050;-0.311690;-0.350210
7.484500;0.120230;-0.301650;-0.391660
7.485000;0.110410;-0.302790;-0.413820
7.485500;0.074340;-0.293160;-0.417760
7.486000;0.025648;-0.276750;-0.429290
7.486500;-0.017391;-0.254200;-0.436330
7.487000;-0.058359;-0.224770;-0.426070
7.487500;-0.102520;-0.193280;-0.400740
7.488000;-0.133020;-0.162490;-0.366030
7.488500;-0.151570;-0.130760;-0.324320
7.489000;-0.137820;-0.098092;-0.296730
7.489500;-0.092516;-0.089652;-0.272110
7.490000;-0.053305;-0.065007;-0.250000
7.490500;-0.014246;-0.054729;-0.210150
7.491000;0.034082;-0.057041;-0.158420
7.491500;0.060471;-0.056798;-0.092988
7.492000;0.079462;-0.054423;-0.029442
7.492500;0.092650;-0.042664;0.027579
7.493000;0.107140;-0.032396;0.063176
7.493500;0.103890;-0.030448;0.099721
7.494000;0.105530;-0.011775;0.131910
7.494500;0.108450;0.002932;0.155740
7.495000;0.100610;0.026638;0.165820
7.495500;0.109990;0.051464;0.147910
7.496000;0.116220;0.068954;0.126370
7.496500;0.109200;0.096567;0.093940
7.497000;0.110110;0.110510;0.067587
7.497500;0.107670;0.120360;0.053444
7.498000;0.093774;0.134290;0.039812
7.498500;0.084648;0.154030;0.030467
7.499000;0.074076;0.158390;0.023177
7.499500;0.058856;0.164960;0.020864
7.500000;0.032604;0.168550;0.039170
7.500500;-0.002714;0.178670;0.047830
7.501000;-0.051473;0.191680;0.050297
7.501500;-0.100010;0.191800;0.022339
7.502000;-0.162550;0.200480;-0.013556
7.502500;-0.214150;0.203220;-0.054332
7.503000;-0.251240;0.191280;-0.092260
7.503500;-0.288350;0.196770;-0.121530
7.504000;-0.282140;0.182900;-0.167220
7.504500;-0.287780;0.173940;-0.202140
7.505000;-0.269040;0.164540;-0.243010
7.505500;-0.246280;0.145190;-0.264390
7.506000;-0.202600;0.125220;-0.275330
7.506500;-0.159070;0.097599;-0.255370
7.507000;-0.134200;0.073987;-0.248970
7.507500;-0.108810;0.037199;-0.218140
7.508000;-0.105170;0.026777;-0.206490
7.508500;-0.107550;0.005427;-0.184240
7.509000;-0.150000;-0.006870;-0.158020
7.509500;-0.196370;-0.031665;-0.131400
7.510000;-0.246900;-0.035380;-0.092108
7.510500;-0.309540;-0.021366;-0.060677
7.511000;-0.347720;-0.044566;-0.001599
7.511500;-0.391580;-0.031977;0.058421
7.512000;-0.418430;-0.054749;0.105950
7.512500;-0.444350;-0.062689;0.156910
7.513000;-0.424820;-0.054772;0.208070
7.513500;-0.407360;-0.051620;0.239760
7.514000;-0.339840;-0.061341;0.263760
7.514500;-0.212050;-0.076885;0.266450
7.515000;-0.108600;-0.052673;0.270940
7.515500;-0.044775;-0.078250;0.297420
7.516000;-0.005859;-0.072589;0.342550
7.516500;0.018931;-0.041657;0.318380
7.517000;0.057276;-0.018428;0.306380
7.517500;0.079700;-0.007314;0.272070
7.518000;0.064157;0.057763;0.211030
7.518500;0.056516;0.063910;0.154040
7.519000;0.067697;0.063296;0.091251
7.519500;0.095170;0.066415;-0.000689
7.520000;0.094396;0.096870;-0.086557
7.520500;0.116310;0.152400;-0.149120
7.521000;0.160790;0.137200;-0.191660
7.521500;0.189930;0.143340;-0.212080
7.522000;0.227250;0.189330;-0.206910
7.522500;0.271150;0.221370;-0.190930
7.523000;0.304000;0.227260;-0.174240
7.523500;0.309950;0.242580;-0.136670
7.524000;0.308910;0.254910;-0.125050
7.524500;0.282710;0.268210;-0.133630
7.525000;0.278960;0.251600;-0.138890
7.525500;0.243580;0.224630;-0.142670
7.526000;0.175660;0.229650;-0.165870
7.526500;0.139850;0.217570;-0.198150
7.527000;0.072232;0.210980;-0.246990
7.527500;0.027100;0.191990;-0.279670
7.528000;-0.034043;0.167180;-0.305860
7.528500;-0.085447;0.168330;-0.297260
7.529000;-0.113380;0.156520;-0.283140
7.529500;-0.126800;0.144890;-0.284470
7.530000;-0.128480;0.143280;-0.282440
7.530500;-0.081405;0.135630;-0.311640
7.531000;-0.010708;0.138170;-0.327730
7.531500;0.071313;0.137040;-0.364650
7.532000;0.153480;0.144470;-0.407770
7.532500;0.249250;0.145940;-0.481700
7.533000;0.333420;0.154540;-0.566210
7.533500;0.385120;0.167750;-0.644000
7.534000;0.413850;0.171400;-0.705990
7.534500;0.431050;0.183520;-0.759740
7.535000;0.447600;0.182840;-0.808960
7.535500;0.437750;0.193120;-0.846010
7.536000;0.429550;0.202710;-0.901010
7.536500;0.393680;0.213540;-0.937200
7.537000;0.339290;0.217760;-0.982480
7.537500;0.263260;0.217950;-0.999010
7.538000;0.168280;0.226100;-1.005000
7.538500;0.070972;0.232390;-0.999850
7.539000;-0.026308;0.229950;-0.963910
7.539500;-0.114600;0.224260;-0.917740
7.540000;-0.191750;0.212800;-0.850960
7.540500;-0.255740;0.190380;-0.763330
7.541000;-0.300730;0.182110;-0.667470
7.541500;-0.312950;0.160270;-0.586320
7.542000;-0.309790;0.145130;-0.511480
7.542500;-0.304070;0.131060;-0.446200
7.543000;-0.280310;0.112260;-0.383830
7.543500;-0.259440;0.094055;-0.335640
7.544000;-0.229590;0.091843;-0.304150
7.544500;-0.192750;0.090570;-0.291260
7.545000;-0.135190;0.088452;-0.299700
7.545500;-0.056382;0.080702;-0.316430
7.546000;0.027193;0.067123;-0.337680
7.546500;0.099141;0.062767;-0.362920
7.547000;0.148650;0.060941;-0.375750
7.547500;0.163750;0.057880;-0.366020
7.548000;0.146330;0.059390;-0.337190
7.548500;0.089634;0.056568;-0.280950
7.549000;0.009896;0.056374;-0.205870
7.549500;-0.099471;0.054728;-0.130980
7.550000;-0.215600;0.044353;-0.060689
7.550500;-0.326260;0.056418;0.005077
7.551000;-0.428150;0.046282;0.057147
7.551500;-0.519940;0.047063;0.110470
7.552000;-0.605440;0.034346;0.139920
7.552500;-0.686050;0.042608;0.143850
7.553000;-0.743650;0.042153;0.123840
7.553500;-0.766080;0.024446;0.115040
7.554000;-0.772240;0.039170;0.096059
7.554500;-0.715140;0.018878;0.070759
7.555000;-0.622890;0.002385;0.052942
7.555500;-0.521350;-0.014566;0.017840
7.556000;-0.379640;-0.029743;-0.007727
7.556500;-0.243330;-0.055095;-0.020953
7.557000;-0.102670;-0.066061;-0.012925
7.557500;-0.015804;-0.063744;0.007964
7.558000;0.043712;-0.069896;0.026693
7.558500;0.066911;-0.058979;0.065165
7.559000;0.072891;-0.056626;0.085861
7.559500;0.052662;-0.030128;0.106930
7.560000;0.026259;-0.011783;0.106970
7.560500;0.016685;0.006750;0.101070
7.561000;0.004147;0.028812;0.088814
7.561500;0.001108;0.048405;0.082844
7.562000;0.012139;0.067440;0.071924
7.562500;0.013988;0.091951;0.066713
7.563000;0.000702;0.120560;0.065000
7.563500;-0.008095;0.156630;0.082937
7.564000;-0.009607;0.186180;0.095352
7.564500;0.013923;0.214900;0.108710
7.565000;0.060255;0.233960;0.101100
7.565500;0.123780;0.261030;0.074937
7.566000;0.195120;0.285340;0.019862
7.566500;0.273500;0.302170;-0.044002
7.567000;0.346100;0.326950;-0.123440
7.567500;0.414190;0.339610;-0.207990
7.568000;0.474250;0.355980;-0.290160
7.568500;0.515490;0.375760;-0.389520
7.569000;0.551550;0.386970;-0.479950
7.569500;0.584500;0.396920;-0.569200
7.570000;0.619470;0.404840;-0.650750
7.570500;0.657100;0.396210;-0.735210
7.571000;0.678390;0.412670;-0.831080
7.571500;0.689940;0.409700;-0.909520
7.572000;0.691670;0.397330;-0.963080
7.572500;0.628490;0.416140;-0.999360
7.573000;0.560200;0.418230;-1.050900
7.573500;0.552260;0.416770;-1.111900
7.574000;0.507690;0.436150;-1.170100
7.574500;0.454410;0.431570;-1.202100
7.575000;0.392520;0.439090;-1.214900
7.575500;0.309970;0.439620;-1.210200
7.576000;0.228340;0.442550;-1.191000
7.576500;0.149840;0.419550;-1.169800
7.577000;0.046246;0.409030;-1.115800
7.577500;-0.070204;0.395800;-1.049100
7.578000;-0.184810;0.369770;-0.986120
7.578500;-0.280740;0.346340;-0.944420
7.579000;-0.339740;0.304760;-0.915600
7.579500;-0.387810;0.278280;-0.882780
7.580000;-0.408010;0.257900;-0.867740
7.580500;-0.380570;0.235380;-0.876740
7.581000;-0.333480;0.213220;-0.886490
7.581500;-0.267700;0.195260;-0.883320
7.582000;-0.192970;0.197790;-0.866160
7.582500;-0.112820;0.185510;-0.837440
7.583000;-0.056145;0.198610;-0.803450
7.583500;-0.010429;0.212860;-0.807960
7.584000;0.008719;0.231680;-0.767750
7.584500;0.014122;0.243530;-0.741390
7.585000;0.000754;0.268470;-0.712360
7.585500;-0.014664;0.270940;-0.685990
7.586000;-0.030517;0.292580;-0.676120
7.586500;-0.050886;0.303650;-0.687780
7.587000;-0.063568;0.306800;-0.714320
7.587500;-0.077068;0.321740;-0.745740
7.588000;-0.076044;0.332740;-0.754200
7.588500;-0.063927;0.334350;-0.735980
7.589000;-0.050482;0.339090;-0.714110
7.589500;-0.052021;0.334650;-0.710460
7.590000;-0.041768;0.346440;-0.715270
7.590500;-0.036591;0.335820;-0.719140
7.591000;-0.030700;0.350990;-0.683740
7.591500;-0.049004;0.361290;-0.670390
7.592000;-0.048270;0.374410;-0.651860
7.592500;-0.071003;0.397430;-0.672070
7.593000;-0.081368;0.415470;-0.700130
7.593500;-0.092382;0.409930;-0.730520
7.594000;-0.089901;0.452440;-0.757700
7.594500;-0.071687;0.463100;-0.792430
7.595000;-0.036333;0.448530;-0.820490
7.595500;0.006512;0.449710;-0.868510
7.596000;0.036148;0.478830;-0.927060
7.596500;0.058004;0.527060;-0.981960
7.597000;0.101970;0.566250;-1.011200
7.597500;0.144060;0.542080;-0.997050
7.598000;0.158370;0.563100;-0.972210
7.598500;0.161540;0.581020;-0.950510
7.599000;0.153270;0.566370;-0.937600
7.599500;0.126890;0.558390;-0.898180
7.600000;0.082256;0.538050;-0.848200
7.600500;0.028159;0.529390;-0.797250
7.601000;-0.057435;0.530440;-0.767270
7.601500;-0.121110;0.511190;-0.739330
7.602000;-0.169460;0.487010;-0.708500
7.602500;-0.217550;0.481410;-0.682670
7.603000;-0.259570;0.470380;-0.663960
7.603500;-0.270860;0.459410;-0.661690
7.604000;-0.280400;0.446560;-0.676130
7.604500;-0.282020;0.439390;-0.692880
7.605000;-0.264310;0.443170;-0.708360
7.605500;-0.241880;0.438840;-0.729820
7.606000;-0.210480;0.445260;-0.733530
7.606500;-0.165320;0.441960;-0.749870
7.607000;-0.120790;0.439780;-0.763210
7.607500;-0.062109;0.434370;-0.769960
7.608000;-0.017368;0.435550;-0.771780
7.608500;0.026549;0.437270;-0.771890
7.609000;0.074599;0.429440;-0.779320
7.609500;0.100180;0.435140;-0.786310
7.610000;0.123270;0.427890;-0.800460
7.610500;0.161890;0.402610;-0.817170
7.611000;0.192860;0.385830;-0.820680
7.611500;0.222790;0.387500;-0.830740
7.612000;0.234270;0.392180;-0.837980
7.612500;0.232050;0.391820;-0.851090
7.613000;0.250440;0.394320;-0.870830
7.613500;0.258150;0.400140;-0.888280
7.614000;0.268580;0.396900;-0.877780
7.614500;0.280870;0.396680;-0.850140
7.615000;0.266490;0.409480;-0.813740
7.615500;0.247690;0.420850;-0.784690
7.616000;0.223200;0.428910;-0.729210
7.616500;0.204250;0.431190;-0.664570
7.617000;0.189370;0.426630;-0.593490
7.617500;0.156940;0.433530;-0.530260
7.618000;0.135920;0.416160;-0.477450
7.618500;0.118600;0.406370;-0.422550
7.619000;0.096925;0.397900;-0.383430
7.619500;0.078866;0.383760;-0.335710
7.620000;0.079375;0.366280;-0.296670
7.620500;0.071484;0.364560;-0.263050
7.621000;0.063010;0.362070;-0.221490
7.621500;0.057365;0.389500;-0.183980
7.622000;0.093025;0.266990;-0.155770
7.622500;0.058863;0.266410;-0.082181
7.623000;0.028649;0.391760;-0.041985
7.623500;0.129120;0.232760;0.020318
7.624000;0.023827;0.164630;0.066744
7.624500;0.078093;0.276620;0.187200
7.625000;-0.031217;0.358340;0.096942
7.625500;-0.055080;0.270380;0.110400
7.626000;-0.050419;0.231820;0.246590
7.626500;-0.229290;0.398670;0.167370
7.627000;-0.313350;0.322640;0.195410
7.627500;-0.403180;0.266600;0.231900
7.628000;-0.519070;0.305380;0.219090
7.628500;-0.637410;0.318740;0.211120
7.629000;-0.672820;0.254960;0.204620
7.629500;-0.755530;0.314820;0.211090
7.630000;-0.781810;0.285400;0.169420
7.630500;-0.815750;0.281880;0.164770
7.631000;-0.788660;0.278040;0.183340
7.631500;-0.778140;0.302650;0.181550
7.632000;-0.723560;0.293330;0.186940
7.632500;-0.650390;0.310680;0.237510
7.633000;-0.582930;0.314420;0.228920
7.633500;-0.489400;0.305150;0.269900
7.634000;-0.439620;0.357310;0.248730
7.634500;-0.375640;0.350170;0.233760
7.635000;-0.269820;0.320010;0.271760
7.635500;-0.218390;0.369410;0.229370
7.636000;-0.192040;0.387690;0.195070
7.636500;-0.121410;0.323980;0.166580
7.637000;-0.126140;0.363470;0.131620
7.637500;-0.117990;0.380780;0.104320
7.638000;-0.069732;0.351790;0.104580
7.638500;-0.079047;0.376760;0.068076
7.639000;-0.062294;0.364330;0.056435
7.639500;-0.050501;0.358040;0.083467
7.640000;-0.039890;0.370510;0.094246
7.640500;-0.043100;0.379790;0.125230
7.641000;-0.061200;0.394120;0.125430
7.641500;-0.063058;0.391320;0.144140
7.642000;-0.077309;0.427540;0.117510
7.642500;-0.063900;0.440110;0.072977
7.643000;-0.033525;0.453660;0.027864
7.643500;-0.003006;0.476280;-0.059808
7.644000;0.041426;0.495880;-0.127720
7.644500;0.085994;0.520140;-0.197520
7.645000;0.125610;0.543190;-0.247390
7.645500;0.165580;0.549090;-0.272530
7.646000;0.176260;0.558900;-0.288980
7.646500;0.158510;0.571380;-0.312040
7.647000;0.184830;0.561170;-0.299330
7.647500;0.158320;0.559920;-0.304370
7.648000;0.104420;0.588720;-0.277360
7.648500;0.065327;0.566690;-0.268290
7.649000;0.033319;0.482160;-0.212040
7.649500;-0.077344;0.636740;-0.129960
7.650000;-0.067471;0.544010;-0.084694
7.650500;-0.173470;0.596400;0.005011
7.651000;-0.250520;0.552070;0.046665
7.651500;-0.215400;0.454130;0.182380
7.652000;-0.276130;0.516270;0.206670
7.652500;-0.339030;0.479280;0.296380
7.653000;-0.340350;0.392450;0.436640
7.653500;-0.391910;0.400150;0.466370
7.654000;-0.432280;0.443880;0.514390
7.654500;-0.375360;0.383220;0.570060
7.655000;-0.353960;0.379620;0.595650
7.655500;-0.343580;0.359370;0.607050
7.656000;-0.306940;0.362500;0.621900
7.656500;-0.279420;0.344720;0.564780
7.657000;-0.261420;0.332630;0.528820
7.657500;-0.279850;0.332720;0.488010
7.658000;-0.291440;0.346720;0.469430
7.658500;-0.282400;0.330350;0.412430
7.659000;-0.216120;0.317590;0.390160
7.659500;-0.183690;0.348280;0.338550
7.660000;-0.129150;0.353690;0.265560
7.660500;-0.007048;0.302810;0.264060
7.661000;0.072512;0.339220;0.218210
7.661500;0.136350;0.367930;0.153660
7.662000;0.236050;0.326720;0.126160
7.662500;0.286100;0.356230;0.088264
7.663000;0.300500;0.378700;0.084748
7.663500;0.362020;0.358140;0.088213
7.664000;0.371540;0.394820;0.048014
7.664500;0.409390;0.388370;-0.003317
7.665000;0.476320;0.369500;-0.036020
7.665500;0.480180;0.409180;-0.113780
7.666000;0.491980;0.396120;-0.175450
7.666500;0.501640;0.370220;-0.243120
7.667000;0.467900;0.380590;-0.302660
7.667500;0.447010;0.368190;-0.339350
7.668000;0.433290;0.350000;-0.351530
7.668500;0.432220;0.348460;-0.354100
7.669000;0.443590;0.341810;-0.336650
7.669500;0.482700;0.332290;-0.319150
7.670000;0.536290;0.294970;-0.299000
7.670500;0.592920;0.288090;-0.276270
7.671000;0.622320;0.267540;-0.253060
7.671500;0.599160;0.260550;-0.238200
7.672000;0.568390;0.234230;-0.230660
7.672500;0.522490;0.228360;-0.222250
7.673000;0.454100;0.226250;-0.217710
7.673500;0.389490;0.222930;-0.223310
7.674000;0.325620;0.216500;-0.227720
7.674500;0.261620;0.230070;-0.232790
7.675000;0.216070;0.236030;-0.241210
7.675500;0.186050;0.220610;-0.201980
7.676000;0.173760;0.218870;-0.195490
7.676500;0.134220;0.235740;-0.171380
7.677000;0.101780;0.236680;-0.126610
7.677500;0.084625;0.247660;-0.102210
7.678000;0.062033;0.252730;-0.065039
7.678500;0.047785;0.238480;-0.064071
7.679000;0.053074;0.238410;-0.072740
7.679500;0.073983;0.229930;-0.093543
7.680000;0.098830;0.231320;-0.111050
7.680500;0.128610;0.203240;-0.126630
7.681000;0.127940;0.208740;-0.167910
7.681500;0.133050;0.191190;-0.186020
7.682000;0.118080;0.177330;-0.198270
7.682500;0.070515;0.191410;-0.207460
7.683000;0.037857;0.156890;-0.207270
7.683500;-0.008407;0.133760;-0.197920
7.684000;-0.062992;0.128890;-0.185860
7.684500;-0.120330;0.098117;-0.131730
7.685000;-0.158890;0.067737;-0.068060
7.685500;-0.185180;0.038240;-0.011345
7.686000;-0.226100;0.017991;0.067573
7.686500;-0.250420;-0.021949;0.153240
7.687000;-0.266310;-0.044574;0.243200
7.687500;-0.290680;-0.070409;0.334890
7.688000;-0.296060;-0.099437;0.420910
7.688500;-0.325150;-0.106330;0.471830
7.689000;-0.351100;-0.123110;0.513760
7.689500;-0.359800;-0.144070;0.560990
7.690000;-0.373090;-0.156490;0.586710
7.690500;-0.390450;-0.164420;0.602070
7.691000;-0.378710;-0.188190;0.590580
7.691500;-0.376990;-0.201050;0.549170
7.692000;-0.365460;-0.222630;0.502430
7.692500;-0.330440;-0.256850;0.459550
7.693000;-0.299080;-0.271130;0.413270
7.693500;-0.257350;-0.302490;0.377990
7.694000;-0.218150;-0.311610;0.345030
7.694500;-0.172860;-0.326230;0.308210
7.695000;-0.134550;-0.331350;0.262470
7.695500;-0.100410;-0.339980;0.229680
7.696000;-0.082470;-0.334030;0.194030
7.696500;-0.057399;-0.346200;0.167310
7.697000;-0.050651;-0.347400;0.157240
7.697500;-0.043002;-0.355040;0.145300
7.698000;-0.051531;-0.373570;0.148970
7.698500;-0.087793;-0.383430;0.160470
7.699000;-0.120330;-0.388750;0.201000
7.699500;-0.182390;-0.391040;0.244010
7.700000;-0.217380;-0.410260;0.294710
7.700500;-0.264290;-0.424350;0.328510
7.701000;-0.294610;-0.428790;0.354320
7.701500;-0.307200;-0.454350;0.389820
7.702000;-0.320760;-0.468580;0.415980
7.702500;-0.321250;-0.485080;0.445470
7.703000;-0.308220;-0.507460;0.462110
7.703500;-0.295380;-0.530420;0.486230
7.704000;-0.264590;-0.557850;0.503220
7.704500;-0.225270;-0.567460;0.522560
7.705000;-0.181670;-0.583070;0.527080
7.705500;-0.115030;-0.591510;0.522260
7.706000;-0.048020;-0.594690;0.505430
7.706500;0.025554;-0.599280;0.490620
7.707000;0.096052;-0.596820;0.468550
7.707500;0.156880;-0.593360;0.441950
7.708000;0.185530;-0.580800;0.409900
7.708500;0.186270;-0.564460;0.376250
7.709000;0.172110;-0.554340;0.359470
7.709500;0.141780;-0.552430;0.343910
7.710000;0.082714;-0.534710;0.335980
7.710500;0.024895;-0.519190;0.327080
7.711000;-0.021401;-0.502470;0.311450
7.711500;-0.057659;-0.499800;0.295530
7.712000;-0.065692;-0.500800;0.267710
7.712500;-0.062343;-0.492320;0.234130
7.713000;-0.058418;-0.476410;0.174080
7.713500;-0.010995;-0.482990;0.129030
7.714000;0.027752;-0.469650;0.079287
7.714500;0.088937;-0.459220;0.030563
7.715000;0.152940;-0.454500;-0.034316
7.715500;0.224160;-0.438030;-0.098310
7.716000;0.288450;-0.447560;-0.181630
7.716500;0.367500;-0.445910;-0.239880
7.717000;0.434930;-0.452670;-0.310040
7.717500;0.496590;-0.450280;-0.358220
7.718000;0.537130;-0.453400;-0.406430
7.718500;0.545310;-0.451140;-0.437400
7.719000;0.569010;-0.443340;-0.475820
7.719500;0.564290;-0.437190;-0.513700
7.720000;0.549160;-0.438130;-0.535350
7.720500;0.529780;-0.434450;-0.558960
7.721000;0.498340;-0.429970;-0.571610
7.721500;0.461550;-0.425440;-0.561170
7.722000;0.414140;-0.420550;-0.552720
7.722500;0.368500;-0.419930;-0.531130
7.723000;0.320860;-0.426700;-0.494510
7.723500;0.262980;-0.412640;-0.468260
7.724000;0.220880;-0.418270;-0.436790
7.724500;0.201350;-0.430870;-0.410100
7.725000;0.181230;-0.430560;-0.394980
7.725500;0.182190;-0.449800;-0.376640
7.726000;0.178860;-0.457380;-0.364320
7.726500;0.184070;-0.482710;-0.357510
7.727000;0.185480;-0.483530;-0.335810
7.727500;0.190180;-0.479270;-0.337610
7.728000;0.197090;-0.480230;-0.343720
7.728500;0.209570;-0.490680;-0.353950
7.729000;0.218410;-0.497980;-0.357040
7.729500;0.225670;-0.485670;-0.351550
7.730000;0.221560;-0.472830;-0.339450
7.730500;0.231150;-0.471660;-0.327620
7.731000;0.221940;-0.465690;-0.323580
7.731500;0.203570;-0.459560;-0.321650
7.732000;0.209250;-0.461060;-0.318730
7.732500;0.203510;-0.450410;-0.324910
7.733000;0.194560;-0.448800;-0.333080
7.733500;0.200170;-0.447830;-0.372890
7.734000;0.202230;-0.448090;-0.412750
7.734500;0.197530;-0.455980;-0.449000
7.735000;0.206970;-0.480650;-0.471790
7.735500;0.187160;-0.459760;-0.498460
7.736000;0.209490;-0.497380;-0.524250
7.736500;0.189500;-0.466580;-0.546600
7.737000;0.173490;-0.493210;-0.609670
7.737500;0.121860;-0.469720;-0.625390
7.738000;0.068934;-0.478180;-0.673220
7.738500;0.017379;-0.479780;-0.669660
7.739000;-0.049895;-0.498040;-0.699090
7.739500;-0.114300;-0.475500;-0.694600
7.740000;-0.128500;-0.485880;-0.696970
7.740500;-0.161570;-0.470200;-0.670220
7.741000;-0.162270;-0.469320;-0.633980
7.741500;-0.133120;-0.468750;-0.601710
7.742000;-0.105110;-0.459870;-0.579100
7.742500;-0.057333;-0.440660;-0.555630
7.743000;-0.015427;-0.409050;-0.548110
7.743500;0.038242;-0.383900;-0.557920
7.744000;0.097761;-0.384510;-0.548860
7.744500;0.102890;-0.349330;-0.536930
7.745000;0.116540;-0.326800;-0.526540
7.745500;0.107690;-0.294960;-0.527440
7.746000;0.076155;-0.299580;-0.536950
7.746500;0.034139;-0.280760;-0.531760
7.747000;-0.024486;-0.259270;-0.532110
7.747500;-0.080027;-0.251030;-0.515340
7.748000;-0.126260;-0.242810;-0.482160
7.748500;-0.193620;-0.227970;-0.433360
7.749000;-0.260240;-0.213950;-0.386520
7.749500;-0.305060;-0.196080;-0.335170
7.750000;-0.343480;-0.188070;-0.289800
7.750500;-0.368710;-0.171890;-0.240550
7.751000;-0.388280;-0.152740;-0.213510
7.751500;-0.392370;-0.144420;-0.184890
7.752000;-0.374240;-0.136970;-0.160640
7.752500;-0.359050;-0.125760;-0.138240
7.753000;-0.328990;-0.121880;-0.099464
7.753500;-0.293850;-0.113160;-0.053435
7.754000;-0.250500;-0.106430;-0.013546
7.754500;-0.188220;-0.089201;0.017023
7.755000;-0.123170;-0.075795;0.024375
7.755500;-0.062566;-0.063344;0.040662
7.756000;0.001076;-0.059873;0.052698
7.756500;0.053315;-0.049533;0.062228
7.757000;0.089697;-0.037268;0.064658
7.757500;0.105860;-0.028370;0.069493
7.758000;0.112480;-0.019263;0.068163
7.758500;0.102150;0.000886;0.076347
7.759000;0.061132;0.024987;0.088817
7.759500;0.031606;0.031546;0.122700
7.760000;-0.014791;0.052540;0.152470
7.760500;-0.045030;0.053892;0.182200
7.761000;-0.066583;0.048807;0.239810
7.761500;-0.078136;0.052326;0.291550
7.762000;-0.061671;0.055361;0.351710
7.762500;-0.009662;0.054093;0.390550
7.763000;0.069347;0.056563;0.430400
7.763500;0.107220;0.070830;0.481810
7.764000;0.121940;0.068589;0.532380
7.764500;0.135450;0.066170;0.582100
7.765000;0.144260;0.072276;0.614090
7.765500;0.147460;0.075981;0.643960
7.766000;0.141360;0.073031;0.663480
7.766500;0.141160;0.076043;0.668110
7.767000;0.153080;0.078317;0.645750
7.767500;0.189760;0.067625;0.573260
7.768000;0.221220;0.072948;0.497300
7.768500;0.261630;0.067409;0.457740
7.769000;0.289870;0.078009;0.434320
7.769500;0.315910;0.085308;0.407600
7.770000;0.348140;0.083899;0.395950
7.770500;0.374310;0.083212;0.387050
7.771000;0.392680;0.095149;0.386470
7.771500;0.414700;0.107080;0.392480
7.772000;0.426130;0.116130;0.382660
7.772500;0.441320;0.114090;0.367550
7.773000;0.451100;0.104360;0.350260
7.773500;0.449550;0.117730;0.311160
7.774000;0.437150;0.112680;0.304500
7.774500;0.413700;0.108550;0.286900
7.775000;0.359950;0.105980;0.274570
7.775500;0.289580;0.080496;0.274860
7.776000;0.224200;0.089213;0.298790
7.776500;0.155910;0.102340;0.327090
7.777000;0.110530;0.062203;0.383520
7.777500;0.023283;0.107330;0.440960
7.778000;0.014236;0.067731;0.487810
7.778500;-0.062563;0.108960;0.526970
7.779000;-0.089641;0.084676;0.575400
7.779500;-0.092684;0.048692;0.674590
7.780000;-0.135180;0.082199;0.707170
7.780500;-0.157850;0.071522;0.751110
7.781000;-0.148490;0.046630;0.789230
7.781500;-0.175590;0.085891;0.774170
7.782000;-0.176820;0.124010;0.758930
7.782500;-0.129650;0.112630;0.721370
7.783000;-0.099495;0.118450;0.654940
7.783500;-0.054711;0.115280;0.592450
7.784000;-0.012405;0.148390;0.531470
7.784500;0.027313;0.147850;0.471370
7.785000;0.059454;0.159150;0.448290
7.785500;0.089842;0.174270;0.406440
7.786000;0.097390;0.201360;0.369430
7.786500;0.098539;0.217690;0.331920
7.787000;0.094838;0.217760;0.322260
7.787500;0.079098;0.218550;0.332910
7.788000;0.027655;0.250570;0.347960
7.788500;-0.023841;0.271760;0.362500
7.789000;-0.077066;0.290620;0.354510
7.789500;-0.129160;0.311650;0.353220
7.790000;-0.183330;0.330500;0.365760
7.790500;-0.227000;0.346430;0.349350
7.791000;-0.248790;0.342400;0.324340
7.791500;-0.274870;0.346770;0.273450
7.792000;-0.297910;0.353880;0.190180
7.792500;-0.293650;0.337520;0.129440
7.793000;-0.280140;0.329920;0.083998
7.793500;-0.275700;0.335280;0.040813
7.794000;-0.248890;0.318260;0.001883
7.794500;-0.212480;0.307680;-0.057788
7.795000;-0.186420;0.305430;-0.107180
7.795500;-0.157390;0.287140;-0.135840
7.796000;-0.153300;0.276920;-0.140280
7.796500;-0.159280;0.257280;-0.130350
7.797000;-0.183270;0.253320;-0.105530
7.797500;-0.229440;0.250610;-0.079730
7.798000;-0.263390;0.214930;-0.047816
7.798500;-0.312850;0.215350;-0.006519
7.799000;-0.341560;0.194120;0.056129
7.799500;-0.395460;0.188520;0.117010
7.800000;-0.449400;0.200220;0.155280
7.800500;-0.467570;0.177500;0.202560
7.801000;-0.504560;0.194760;0.212180
7.801500;-0.533290;0.184060;0.220390
7.802000;-0.559350;0.169120;0.233030
7.802500;-0.575920;0.166900;0.225410
7.803000;-0.570450;0.182700;0.207880
7.803500;-0.547240;0.173040;0.192040
7.804000;-0.500200;0.177980;0.167200
7.804500;-0.434430;0.166060;0.140050
7.805000;-0.346980;0.167680;0.106030
7.805500;-0.232060;0.154080;0.060727
7.806000;-0.118240;0.148800;0.024545
7.806500;-0.016891;0.131800;-0.010746
7.807000;0.059293;0.124750;-0.039688
7.807500;0.109080;0.113260;-0.043712
7.808000;0.124720;0.102880;-0.024922
7.808500;0.113910;0.118380;0.016073
7.809000;0.085335;0.133650;0.043731
7.809500;0.056365;0.099776;0.082157
7.810000;0.015503;0.098685;0.108380
7.810500;-0.041317;0.077043;0.139730
7.811000;-0.108360;0.058569;0.202640
7.811500;-0.176960;0.047848;0.253170
7.812000;-0.252840;0.069682;0.304680
7.812500;-0.329100;0.082583;0.342980
7.813000;-0.377880;0.105770;0.389010
7.813500;-0.406140;0.113790;0.419040
7.814000;-0.405280;0.121450;0.435910
7.814500;-0.370740;0.135300;0.434760
7.815000;-0.300770;0.133990;0.431380
7.815500;-0.223800;0.146000;0.417210
7.816000;-0.129100;0.153720;0.365810
7.816500;-0.039432;0.171040;0.319620
7.817000;0.033013;0.175830;0.259660
7.817500;0.100230;0.194360;0.190460
7.818000;0.165730;0.204190;0.124610
7.818500;0.235860;0.219350;0.055563
7.819000;0.300810;0.242140;-0.015884
7.819500;0.371730;0.255660;-0.102490
7.820000;0.426250;0.266360;-0.178780
7.820500;0.435780;0.282870;-0.244100
7.821000;0.414190;0.298000;-0.274310
7.821500;0.389200;0.302510;-0.324800
7.822000;0.386120;0.313740;-0.371250
7.822500;0.353910;0.332440;-0.379110
7.823000;0.327500;0.338340;-0.376750
7.823500;0.282920;0.347500;-0.350620
7.824000;0.246240;0.351950;-0.311540
7.824500;0.239120;0.342930;-0.275440
7.825000;0.226260;0.340920;-0.253260
7.825500;0.226920;0.325230;-0.224300
7.826000;0.227500;0.310730;-0.190940
7.826500;0.217150;0.284500;-0.164980
7.827000;0.201270;0.265410;-0.149730
7.827500;0.187400;0.254430;-0.161770
7.828000;0.162620;0.236100;-0.169410
7.828500;0.136130;0.219200;-0.205190
7.829000;0.125810;0.204070;-0.227990
7.829500;0.147080;0.175560;-0.241830
7.830000;0.191810;0.154350;-0.244120
7.830500;0.221620;0.153210;-0.240740
7.831000;0.251220;0.139130;-0.232560
7.831500;0.271050;0.128920;-0.205490
7.832000;0.275570;0.133810;-0.175980
7.832500;0.283190;0.149430;-0.161120
7.833000;0.286710;0.153290;-0.142050
7.833500;0.297330;0.157420;-0.140400
7.834000;0.305860;0.171880;-0.153010
7.834500;0.325250;0.172490;-0.184840
7.835000;0.340640;0.168920;-0.199720
7.835500;0.351320;0.173240;-0.232500
7.836000;0.361020;0.164270;-0.247030
7.836500;0.334210;0.167070;-0.252980
7.837000;0.313010;0.166880;-0.253180
7.837500;0.278790;0.150990;-0.254220
7.838000;0.234070;0.162380;-0.251380
7.838500;0.198560;0.136900;-0.233220
7.839000;0.152550;0.123820;-0.206290
7.839500;0.125560;0.103780;-0.182460
7.840000;0.096409;0.090909;-0.169380
7.840500;0.068774;0.082351;-0.151430
7.841000;0.058644;0.056622;-0.145330
7.841500;0.045682;0.062712;-0.148910
7.842000;0.028967;0.052351;-0.166640
7.842500;0.006596;0.035772;-0.181440
7.843000;-0.000941;0.012461;-0.194030
7.843500;0.005794;-0.012886;-0.213260
7.844000;0.012398;-0.022246;-0.242440
7.844500;0.034552;-0.050598;-0.262610
7.845000;0.073087;-0.080980;-0.280520
7.845500;0.112150;-0.086908;-0.301300
7.846000;0.144320;-0.102430;-0.314940
7.846500;0.167870;-0.108530;-0.328290
7.847000;0.178270;-0.109260;-0.345800
7.847500;0.154960;-0.116850;-0.354180
7.848000;0.114760;-0.133050;-0.329270
7.848500;0.051531;-0.142280;-0.297500
7.849000;-0.020288;-0.142300;-0.255810
7.849500;-0.097234;-0.158800;-0.221210
7.850000;-0.191470;-0.161020;-0.186530
7.850500;-0.267400;-0.160760;-0.149860
7.851000;-0.338400;-0.170240;-0.108030
7.851500;-0.400230;-0.172370;-0.060208
7.852000;-0.435840;-0.190810;-0.015114
7.852500;-0.459200;-0.204490;0.042113
7.853000;-0.457160;-0.215850;0.092375
7.853500;-0.431400;-0.218650;0.151420
7.854000;-0.395590;-0.219410;0.185050
7.854500;-0.345880;-0.218170;0.224520
7.855000;-0.278560;-0.233600;0.252650
7.855500;-0.227050;-0.214190;0.266180
7.856000;-0.164190;-0.213970;0.255660
7.856500;-0.107800;-0.210510;0.243030
7.857000;-0.073995;-0.204260;0.226640
7.857500;-0.044707;-0.195930;0.222620
7.858000;-0.028264;-0.177930;0.209580
7.858500;-0.000289;-0.166520;0.187490
7.859000;0.034728;-0.149700;0.182670
7.859500;0.068653;-0.135840;0.170380
7.860000;0.117660;-0.134220;0.182980
7.860500;0.162430;-0.126500;0.173860
7.861000;0.212090;-0.128030;0.179790
7.861500;0.236540;-0.122280;0.193800
7.862000;0.251040;-0.120990;0.205860
7.862500;0.253860;-0.121060;0.228660
7.863000;0.232850;-0.110690;0.244850
7.863500;0.209690;-0.100420;0.270770
7.864000;0.183910;-0.104800;0.292830
7.864500;0.174900;-0.109160;0.325430
7.865000;0.147990;-0.111200;0.322470
7.865500;0.146880;-0.114760;0.329660
7.866000;0.150090;-0.119150;0.334000
7.866500;0.160920;-0.129380;0.361780
7.867000;0.172280;-0.130240;0.367880
7.867500;0.190400;-0.117300;0.365340
7.868000;0.233000;-0.122030;0.330950
7.868500;0.293400;-0.127700;0.300080
7.869000;0.347280;-0.122990;0.263900
7.869500;0.425510;-0.135690;0.212760
7.870000;0.488360;-0.127210;0.151100
7.870500;0.534880;-0.138080;0.096404
7.871000;0.540920;-0.126620;0.062854
7.871500;0.537160;-0.132730;0.046174
7.872000;0.518770;-0.134480;0.056167
7.872500;0.465930;-0.126400;0.064588
7.873000;0.394900;-0.135580;0.067450
7.873500;0.312040;-0.129810;0.067072
7.874000;0.224200;-0.132040;0.069381
7.874500;0.137580;-0.134350;0.078014
7.875000;0.058659;-0.137600;0.074107
7.875500;-0.011178;-0.148890;0.062250
7.876000;-0.066583;-0.151390;0.041608
7.876500;-0.109940;-0.163190;0.027353
7.877000;-0.128120;-0.168190;0.018112
7.877500;-0.109720;-0.175420;0.014345
7.878000;-0.067238;-0.191600;-0.002195
7.878500;-0.010187;-0.195670;-0.010639
7.879000;0.057027;-0.194780;-0.018456
7.879500;0.131370;-0.190880;0.003244
7.880000;0.181990;-0.193960;0.022989
7.880500;0.206270;-0.175930;0.055737
7.881000;0.221820;-0.183450;0.080786
7.881500;0.228000;-0.175740;0.117500
7.882000;0.206450;-0.158460;0.140460
7.882500;0.187190;-0.156570;0.166410
7.883000;0.156740;-0.160760;0.159010
7.883500;0.123530;-0.123980;0.159920
7.884000;0.096175;-0.156290;0.125720
7.884500;0.069552;-0.136950;0.138420
7.885000;0.018017;-0.115600;0.096207
7.885500;0.048523;-0.165690;0.114560
7.886000;0.055264;-0.140250;0.125750
7.886500;0.067572;-0.127380;0.125970
7.887000;0.120360;-0.141080;0.172570
7.887500;0.158830;-0.132600;0.180250
7.888000;0.192040;-0.092854;0.209500
7.888500;0.242820;-0.081936;0.242330
7.889000;0.280490;-0.067602;0.268010
7.889500;0.286360;-0.043415;0.292850
7.890000;0.283910;-0.029593;0.302100
7.890500;0.269230;-0.012823;0.296270
7.891000;0.258480;-0.019845;0.291960
7.891500;0.237630;0.013452;0.292610
7.892000;0.228640;0.012023;0.267130
7.892500;0.230230;0.016320;0.251880
7.893000;0.247570;0.022356;0.216270
7.893500;0.274050;0.030263;0.204300
7.894000;0.286570;0.050552;0.159760
7.894500;0.332740;0.041419;0.134220
7.895000;0.346840;0.077028;0.104000
7.895500;0.358060;0.115600;0.056837
7.896000;0.379310;0.110640;0.017041
7.896500;0.405370;0.103450;-0.021724
7.897000;0.376220;0.141710;-0.049232
7.897500;0.356330;0.194990;-0.093106
7.898000;0.360180;0.138500;-0.117750
7.898500;0.313380;0.089908;-0.118690
7.899000;0.225860;0.237610;-0.079707
7.899500;0.242910;0.072816;-0.089298
7.900000;0.130750;0.113640;0.002573
7.900500;0.050011;0.111400;0.021995
7.901000;0.036312;0.036593;0.081862
7.901500;-0.046646;0.100900;0.102830
7.902000;-0.070197;0.070195;0.124120
7.902500;-0.075865;0.049990;0.160960
7.903000;-0.111000;0.059324;0.141360
7.903500;-0.132530;0.081976;0.152240
7.904000;-0.138130;0.090036;0.116840
7.904500;-0.097948;0.075053;0.089828
7.905000;-0.100050;0.104560;0.054452
7.905500;-0.076812;0.127780;0.027282
7.906000;-0.039461;0.116410;-0.016086
7.906500;0.020099;0.108140;-0.071616
7.907000;0.028202;0.159890;-0.135360
7.907500;0.052814;0.216260;-0.220270
7.908000;0.123050;0.112370;-0.258310
7.908500;0.104910;0.130240;-0.309320
7.909000;0.074989;0.278590;-0.317120
7.909500;0.128610;0.114180;-0.403090
7.910000;0.103020;0.137480;-0.337120
7.910500;0.088209;0.093249;-0.336100
7.911000;0.128850;0.020894;-0.255380
7.911500;0.088077;0.065217;-0.220810
7.912000;0.079864;0.024137;-0.135920
7.912500;0.070021;0.007560;-0.023474
7.913000;0.025560;-0.010101;0.056817
7.913500;-0.039251;0.019232;0.186640
7.914000;-0.053204;-0.020348;0.273970
7.914500;-0.057864;-0.043343;0.356650
7.915000;-0.134660;-0.013792;0.394540
7.915500;-0.128290;-0.060623;0.468180
7.916000;-0.148300;-0.070713;0.482920
7.916500;-0.166490;-0.066970;0.503950
7.917000;-0.149170;-0.107730;0.548490
7.917500;-0.138260;-0.123510;0.563520
7.918000;-0.146160;-0.094942;0.554230
7.918500;-0.099847;-0.146940;0.550530
7.919000;-0.053295;-0.160160;0.592050
7.919500;-0.052246;-0.133070;0.575810
7.920000;0.022335;-0.184090;0.627870
7.920500;0.061386;-0.168100;0.645280
7.921000;0.087002;-0.145610;0.638900
7.921500;0.121490;-0.157370;0.655480
7.922000;0.145010;-0.175220;0.671300
7.922500;0.130950;-0.168550;0.702760
7.923000;0.136350;-0.196210;0.747580
7.923500;0.114450;-0.184920;0.787530
7.924000;0.027192;-0.164860;0.816160
7.924500;-0.043403;-0.198060;0.880130
7.925000;-0.124620;-0.187470;0.957570
7.925500;-0.218690;-0.170510;0.993670
7.926000;-0.291800;-0.191580;1.042700
7.926500;-0.371080;-0.196270;1.056600
7.927000;-0.434540;-0.177260;1.048600
7.927500;-0.450080;-0.181260;1.027800
7.928000;-0.455620;-0.157100;0.991940
7.928500;-0.432370;-0.150000;0.920490
7.929000;-0.372450;-0.136790;0.836060
7.929500;-0.257090;-0.144500;0.738190
7.930000;-0.160390;-0.120320;0.636200
7.930500;-0.042058;-0.108720;0.533720
7.931000;0.075128;-0.097343;0.447560
7.931500;0.198700;-0.097743;0.367960
7.932000;0.304420;-0.102970;0.304670
7.932500;0.366390;-0.092985;0.236160
7.933000;0.416000;-0.108250;0.181690
7.933500;0.431260;-0.120770;0.157400
7.934000;0.387210;-0.098184;0.126040
7.934500;0.341470;-0.086882;0.120710
7.935000;0.293410;-0.094329;0.099872
7.935500;0.211930;-0.074664;0.082965
7.936000;0.156580;-0.091231;0.069377
7.936500;0.118760;-0.090501;0.076125
7.937000;0.081393;-0.072412;0.071470
7.937500;0.050540;-0.059145;0.072084
7.938000;0.023855;-0.058605;0.063798
7.938500;0.005809;-0.059993;0.065368
7.939000;-0.004194;-0.049135;0.071011
7.939500;-0.002836;-0.050392;0.091609
7.940000;0.028245;-0.060260;0.113020
7.940500;0.069815;-0.075876;0.118100
7.941000;0.125440;-0.082130;0.125260
7.941500;0.172710;-0.091777;0.097352
7.942000;0.217830;-0.115800;0.060732
7.942500;0.251040;-0.142420;0.038473
7.943000;0.260190;-0.129340;0.007401
7.943500;0.278210;-0.168650;-0.005019
7.944000;0.287240;-0.173330;-0.014383
7.944500;0.290570;-0.179880;-0.038086
7.945000;0.313830;-0.205540;-0.037186
7.945500;0.318290;-0.191780;-0.051971
7.946000;0.324010;-0.173570;-0.072862
7.946500;0.361110;-0.190430;-0.067353
7.947000;0.360490;-0.183630;-0.065662
7.947500;0.333590;-0.150370;-0.075682
7.948000;0.324390;-0.161180;-0.073145
7.948500;0.290010;-0.152120;-0.056338
7.949000;0.221850;-0.137320;-0.038463
7.949500;0.147430;-0.129910;-0.013250
7.950000;0.070306;-0.133370;0.000468
7.950500;-0.005553;-0.129790;0.017432
7.951000;-0.096303;-0.129140;0.037813
7.951500;-0.157680;-0.152240;0.074259
7.952000;-0.208390;-0.169700;0.097380
7.952500;-0.265330;-0.183540;0.107040
7.953000;-0.315920;-0.189600;0.100070
7.953500;-0.339110;-0.203210;0.080023
7.954000;-0.317050;-0.232210;0.079913
7.954500;-0.273590;-0.247870;0.068069
7.955000;-0.209770;-0.247440;0.034721
7.955500;-0.113180;-0.270060;0.000618
7.956000;-0.003919;-0.289620;-0.038782
7.956500;0.105940;-0.298260;-0.072145
7.957000;0.194780;-0.311400;-0.091811
7.957500;0.265830;-0.307870;-0.098602
7.958000;0.301020;-0.296770;-0.107300
7.958500;0.301480;-0.285520;-0.107710
7.959000;0.275190;-0.269820;-0.115490
7.959500;0.228420;-0.245040;-0.128420
7.960000;0.152180;-0.243690;-0.142420
7.960500;0.083520;-0.236700;-0.150930
7.961000;0.010788;-0.231420;-0.158910
7.961500;-0.050897;-0.231880;-0.172540
7.962000;-0.098733;-0.219640;-0.185520
7.962500;-0.130670;-0.219200;-0.207870
7.963000;-0.132290;-0.221080;-0.221210
7.963500;-0.124260;-0.222230;-0.238020
7.964000;-0.107900;-0.210570;-0.261940
7.964500;-0.065420;-0.199410;-0.271550
7.965000;-0.009542;-0.197570;-0.286390
7.965500;0.045142;-0.182890;-0.304040
7.966000;0.098434;-0.172420;-0.314910
7.966500;0.160930;-0.153890;-0.346290
7.967000;0.204900;-0.143120;-0.376380
7.967500;0.259790;-0.134370;-0.415660
7.968000;0.296160;-0.114190;-0.479100
7.968500;0.346400;-0.124060;-0.531100
7.969000;0.379660;-0.129470;-0.586230
7.969500;0.402570;-0.134440;-0.629450
7.970000;0.403370;-0.133510;-0.660260
7.970500;0.393570;-0.143090;-0.671360
7.971000;0.385250;-0.160360;-0.662830
7.971500;0.362990;-0.149730;-0.649140
7.972000;0.348960;-0.169800;-0.624160
7.972500;0.329060;-0.162810;-0.590130
7.973000;0.280750;-0.159370;-0.570440
7.973500;0.236560;-0.158210;-0.523930
7.974000;0.190010;-0.154750;-0.476810
7.974500;0.133550;-0.158240;-0.429200
7.975000;0.074977;-0.160910;-0.383510
7.975500;0.022651;-0.159820;-0.331510
7.976000;-0.016851;-0.169100;-0.287630
7.976500;-0.050647;-0.183620;-0.248110
7.977000;-0.097171;-0.169590;-0.192470
7.977500;-0.101690;-0.207980;-0.162560
7.978000;-0.120170;-0.211180;-0.109710
7.978500;-0.138650;-0.225260;-0.058624
7.979000;-0.128500;-0.252210;0.019332
7.979500;-0.110700;-0.247790;0.086982
7.980000;-0.072884;-0.264470;0.160150
7.980500;-0.027863;-0.274870;0.223340
7.981000;0.012604;-0.273530;0.271270
7.981500;0.056933;-0.260720;0.321860
7.982000;0.104830;-0.276600;0.347620
7.982500;0.123520;-0.267150;0.369690
7.983000;0.131390;-0.223800;0.375580
7.983500;0.172420;-0.261640;0.394970
7.984000;0.149480;-0.247010;0.406840
7.984500;0.155940;-0.213300;0.419840
7.985000;0.119280;-0.190820;0.396180
7.985500;0.143510;-0.242520;0.435410
7.986000;0.145430;-0.236270;0.460190
7.986500;0.090946;-0.215800;0.448410
7.987000;0.081059;-0.260400;0.477710
7.987500;0.025998;-0.272420;0.511200
7.988000;-0.030292;-0.281030;0.594460
7.988500;-0.092432;-0.281790;0.680250
7.989000;-0.157610;-0.287890;0.706920
7.989500;-0.200650;-0.297530;0.730020
7.990000;-0.204090;-0.305390;0.704750
7.990500;-0.200560;-0.280470;0.676930
7.991000;-0.148620;-0.288280;0.639000
7.991500;-0.097673;-0.279110;0.573390
7.992000;-0.039912;-0.279070;0.489200
7.992500;0.030664;-0.260120;0.412360
7.993000;0.096386;-0.252790;0.344690
7.993500;0.182160;-0.256460;0.314420
7.994000;0.228610;-0.213490;0.261390
7.994500;0.264370;-0.211130;0.213160
7.995000;0.311200;-0.202660;0.195970
7.995500;0.334640;-0.166710;0.148510
7.996000;0.348490;-0.162170;0.131040
7.996500;0.366050;-0.172080;0.115070
7.997000;0.361300;-0.159110;0.096145
7.997500;0.332020;-0.159710;0.089183
7.998000;0.299070;-0.161350;0.088128
7.998500;0.234160;-0.148280;0.079594
7.999000;0.161150;-0.146630;0.098464
7.999500;0.085494;-0.135120;0.124580
8.000000;0.012148;-0.130030;0.149690
8.000500;-0.040755;-0.148580;0.173110
8.000999;-0.074460;-0.159280;0.172630
8.001500;-0.095112;-0.168290;0.186510
8.002000;-0.109360;-0.168880;0.197150
8.002499;-0.098097;-0.181900;0.224590
8.003000;-0.079907;-0.188330;0.235480
8.003500;-0.066911;-0.185710;0.221850
8.004000;-0.057305;-0.190910;0.193370
8.004500;-0.027924;-0.200770;0.158670
8.005000;-0.007018;-0.196620;0.128730
8.005500;0.003564;-0.188600;0.102510
8.006000;0.016805;-0.181670;0.069392
8.006500;0.026468;-0.181670;0.011878
8.007000;0.040418;-0.175590;-0.028342
8.007500;0.023114;-0.163380;-0.076811
8.007999;0.001845;-0.147230;-0.104960
8.008500;0.000753;-0.144180;-0.135080
8.009000;-0.019853;-0.135050;-0.168320
8.009499;-0.035850;-0.133000;-0.199280
8.010000;-0.057442;-0.121620;-0.218520
8.010500;-0.074404;-0.119750;-0.241450
8.010999;-0.101590;-0.112880;-0.240570
8.011500;-0.113330;-0.092338;-0.251940
8.012000;-0.155250;-0.071102;-0.258430
8.012499;-0.169200;-0.077944;-0.267090
8.013000;-0.182730;-0.084364;-0.246830
8.013500;-0.239510;-0.061054;-0.226300
8.013999;-0.279130;-0.070885;-0.175180
8.014500;-0.335090;-0.087145;-0.126510
8.015000;-0.389380;-0.095267;-0.076413
8.015499;-0.429350;-0.101310;-0.025684
8.016000;-0.443610;-0.119060;0.005633
8.016500;-0.446300;-0.132170;0.035048
8.016999;-0.431630;-0.142080;0.048353
8.017500;-0.383270;-0.154000;0.039701
8.018000;-0.302200;-0.170990;0.028453
8.018499;-0.230250;-0.176940;0.008404
8.019000;-0.163460;-0.166700;-0.012777
8.019500;-0.092522;-0.160930;-0.031731
8.020000;-0.015570;-0.152980;-0.041054
8.020500;0.043794;-0.147950;-0.047833
8.021000;0.086969;-0.135210;-0.051626
8.021500;0.137330;-0.146390;-0.060051
8.022000;0.173690;-0.140800;-0.069670
8.022500;0.166500;-0.121300;-0.092654
8.023000;0.139280;-0.106770;-0.101060
8.023500;0.096661;-0.102260;-0.110030
8.023999;0.030394;-0.082859;-0.118700
8.024500;-0.044333;-0.062695;-0.138250
8.025000;-0.121250;-0.045210;-0.168980
8.025499;-0.180930;-0.038139;-0.209230
8.026000;-0.231430;-0.018912;-0.235920
8.026500;-0.264680;-0.010152;-0.271710
8.026999;-0.295860;-0.001602;-0.299850
8.027500;-0.302930;0.013472;-0.343640
8.028000;-0.295220;0.020966;-0.369280
8.028499;-0.265820;0.021280;-0.397190
8.029000;-0.208780;0.021336;-0.417630
8.029500;-0.129220;0.018035;-0.430520
8.029999;-0.046238;0.012898;-0.445930
8.030500;0.033617;0.020017;-0.461550
8.031000;0.126720;0.011905;-0.500920
8.031499;0.196550;0.022603;-0.543870
8.032000;0.254250;0.027571;-0.595850
8.032500;0.285860;0.049944;-0.647780
8.032999;0.318480;0.057762;-0.692490
8.033500;0.325110;0.055464;-0.728980
8.034000;0.311880;0.082398;-0.743890
8.034499;0.305590;0.078651;-0.768260
8.035000;0.288920;0.057328;-0.765280
8.035500;0.264490;0.065331;-0.747940
8.036000;0.244990;0.048191;-0.736090
8.036500;0.198840;0.037190;-0.689010
8.037000;0.172370;0.031625;-0.675410
8.037500;0.109910;0.042688;-0.632040
8.038000;0.051437;0.040799;-0.588370
8.038500;-0.024997;0.065210;-0.545640
8.039000;-0.088888;0.083519;-0.497010
8.039500;-0.126380;0.090569;-0.451020
8.039999;-0.152560;0.105860;-0.435430
8.040500;-0.150720;0.120540;-0.455250
8.041000;-0.128600;0.130850;-0.486060
8.041499;-0.084655;0.130490;-0.509490
8.042000;-0.040812;0.136560;-0.538100
8.042500;0.002996;0.136920;-0.567010
8.042999;0.062598;0.126880;-0.604950
8.043500;0.113460;0.130240;-0.640370
8.044000;0.166650;0.126450;-0.676220
8.044499;0.215750;0.123040;-0.708460
8.045000;0.252570;0.123020;-0.722120
8.045500;0.276870;0.128600;-0.732000
8.045999;0.277370;0.138620;-0.729050
8.046500;0.268240;0.133110;-0.713600
8.047000;0.222230;0.134560;-0.673160
8.047499;0.141240;0.153010;-0.633480
8.048000;0.048870;0.159890;-0.569760
8.048500;-0.061832;0.166440;-0.495850
8.048999;-0.189170;0.182270;-0.417840
8.049500;-0.307670;0.186570;-0.335850
8.050000;-0.401600;0.186390;-0.260510
8.050500;-0.487040;0.193120;-0.190310
8.051000;-0.549170;0.196350;-0.125600
8.051500;-0.576640;0.187810;-0.064653
8.052000;-0.570450;0.175470;0.009620
8.052500;-0.542390;0.167890;0.066644
8.053000;-0.494010;0.164250;0.127460
8.053500;-0.428410;0.149450;0.176590
8.054000;-0.369090;0.154630;0.214600
8.054500;-0.309200;0.150310;0.240830
8.055000;-0.264090;0.148750;0.274670
8.055500;-0.227660;0.154990;0.296250
8.055999;-0.202560;0.148590;0.320520
8.056500;-0.195350;0.153020;0.324640
8.057000;-0.197270;0.162230;0.305550
8.057499;-0.210840;0.164570;0.282250
8.058000;-0.215110;0.155790;0.252120
8.058500;-0.206200;0.151700;0.210430
8.058999;-0.191130;0.143030;0.161600
8.059500;-0.153540;0.141840;0.105830
8.060000;-0.108560;0.140000;0.043507
8.060499;-0.037580;0.134230;-0.003162
8.061000;0.025304;0.152460;-0.043228
8.061500;0.072352;0.166960;-0.072703
8.061999;0.122000;0.187540;-0.090680
8.062500;0.166160;0.199550;-0.124260
8.063000;0.185600;0.212080;-0.155660
8.063499;0.189390;0.219000;-0.177850
8.064000;0.161910;0.232050;-0.189720
8.064500;0.112560;0.240190;-0.189480
8.064999;0.042141;0.237230;-0.169300
8.065500;-0.053508;0.239310;-0.136900
8.066000;-0.142870;0.225960;-0.114540
8.066500;-0.234260;0.222080;-0.085229
8.067000;-0.311770;0.210950;-0.071365
8.067500;-0.384360;0.199740;-0.043640
8.068000;-0.437990;0.195410;-0.032143
8.068500;-0.466860;0.194590;-0.020967
8.069000;-0.484830;0.197710;-0.024199
8.069500;-0.485690;0.211950;-0.026852
8.070000;-0.463210;0.229210;-0.028751
8.070499;-0.413760;0.236370;-0.019393
8.071000;-0.357220;0.258690;-0.009062
8.071500;-0.286380;0.275280;0.006880
8.071999;-0.217240;0.289310;0.027187
8.072500;-0.180940;0.305560;0.064277
8.073000;-0.155760;0.311220;0.107690
8.073499;-0.154060;0.322840;0.145000
8.074000;-0.174850;0.324190;0.185740
8.074500;-0.211620;0.330170;0.237340
8.074999;-0.256240;0.336840;0.282920
8.075500;-0.324860;0.364090;0.304200
8.076000;-0.370770;0.369020;0.325490
8.076499;-0.412680;0.386020;0.313390
8.077000;-0.443820;0.401150;0.290730
8.077500;-0.457510;0.418050;0.263160
8.077999;-0.444930;0.434200;0.229670
8.078500;-0.419170;0.446660;0.201070
8.079000;-0.382860;0.463030;0.161400
8.079499;-0.310760;0.462360;0.123110
8.080000;-0.239260;0.454430;0.085075
8.080500;-0.150170;0.466820;0.045971
8.080999;-0.051464;0.477350;-0.009606
8.081500;0.036698;0.479750;-0.061844
8.082000;0.123730;0.482090;-0.120070
8.082500;0.176860;0.485610;-0.178970
8.083000;0.210130;0.484550;-0.241020
8.083500;0.206320;0.500250;-0.283730
8.084000;0.174890;0.506080;-0.312630
8.084500;0.129270;0.500310;-0.315200
8.085000;0.053846;0.510170;-0.320000
8.085500;-0.012980;0.517060;-0.309570
8.086000;-0.063540;0.457960;-0.309420
8.086499;-0.110930;0.451380;-0.246850
8.087000;-0.181250;0.441730;-0.203730
8.087500;-0.196090;0.396840;-0.112430
8.087999;-0.208520;0.382340;-0.030793
8.088500;-0.243840;0.408860;0.014526
8.089000;-0.254070;0.388430;0.062400
8.089499;-0.253500;0.389640;0.085119
8.090000;-0.231950;0.422410;0.093752
8.090500;-0.167140;0.420420;0.084318
8.090999;-0.053986;0.412740;0.067721
8.091500;0.043442;0.424820;0.013182
8.092000;0.143970;0.425960;-0.031675
8.092499;0.258020;0.420820;-0.082437
8.093000;0.357970;0.423550;-0.121340
8.093500;0.426100;0.411750;-0.142080
8.093999;0.474140;0.396890;-0.143680
8.094500;0.472490;0.400640;-0.166110
8.095000;0.459570;0.381760;-0.164170
8.095499;0.425740;0.370380;-0.150140
8.096000;0.324820;0.392640;-0.166900
8.096500;0.246270;0.373120;-0.170920
8.096999;0.162790;0.369220;-0.171770
8.097500;0.049166;0.395840;-0.204450
8.098000;-0.047441;0.389120;-0.216580
8.098500;-0.142910;0.374810;-0.248500
8.099000;-0.230120;0.389110;-0.265740
8.099500;-0.300250;0.381100;-0.281920
8.100000;-0.357210;0.366790;-0.290100
8.100500;-0.398090;0.364520;-0.314880
8.101000;-0.397310;0.335770;-0.340750
8.101500;-0.386030;0.336830;-0.368110
8.102000;-0.339830;0.299180;-0.395610
8.102499;-0.295260;0.286250;-0.415600
8.103000;-0.240220;0.279300;-0.445950
8.103500;-0.179510;0.261320;-0.486140
8.103999;-0.139980;0.253920;-0.517900
8.104500;-0.078418;0.238550;-0.557030
8.105000;-0.066707;0.245030;-0.602840
8.105499;-0.044602;0.225080;-0.641490
8.106000;-0.006169;0.207230;-0.669900
8.106500;-0.018195;0.215440;-0.704520
8.106999;-0.009033;0.210180;-0.716500
8.107500;-0.001353;0.186110;-0.721500
8.108000;-0.016171;0.186870;-0.702720
8.108499;-0.033407;0.189740;-0.673800
8.109000;-0.065017;0.205230;-0.639980
8.109500;-0.107380;0.217240;-0.583720
8.109999;-0.125130;0.216860;-0.533170
8.110500;-0.157580;0.222820;-0.489020
8.111000;-0.184980;0.232630;-0.455360
8.111499;-0.205110;0.241100;-0.430080
8.112000;-0.206260;0.241220;-0.404730
8.112500;-0.192260;0.245180;-0.375530
8.113000;-0.175210;0.245970;-0.377950
8.113500;-0.144640;0.236680;-0.378720
8.114000;-0.101090;0.233270;-0.381350
8.114500;-0.076106;0.233910;-0.377320
8.115000;-0.043999;0.225640;-0.353630
8.115500;0.004983;0.225070;-0.328600
8.116000;0.031570;0.214440;-0.319700
8.116500;0.068560;0.211190;-0.310070
8.117000;0.102410;0.189630;-0.289920
8.117500;0.133210;0.187200;-0.263290
8.118000;0.165250;0.182360;-0.242140
8.118499;0.169450;0.193190;-0.243780
8.119000;0.165350;0.198790;-0.240680
8.119500;0.167220;0.222420;-0.263860
8.119999;0.147360;0.241810;-0.270900
8.120500;0.125140;0.250510;-0.269920
8.121000;0.107030;0.268720;-0.281900
8.121499;0.080366;0.281770;-0.301030
8.122000;0.059021;0.288430;-0.298360
8.122500;0.031888;0.292420;-0.294110
8.122999;-0.005557;0.293890;-0.270220
8.123500;-0.033841;0.285980;-0.240590
8.124000;-0.079965;0.285420;-0.194010
8.124499;-0.139220;0.284590;-0.150490
8.125000;-0.178940;0.266820;-0.089675
8.125500;-0.219420;0.244250;-0.028003
8.125999;-0.244140;0.232790;0.049779
8.126500;-0.270780;0.219750;0.124490
8.127000;-0.280030;0.197340;0.180860
8.127499;-0.293760;0.183610;0.223320
8.128000;-0.297970;0.174690;0.257240
8.128500;-0.298530;0.164900;0.269260
8.129000;-0.284800;0.156530;0.273450
8.129500;-0.251210;0.144140;0.269830
8.130000;-0.202140;0.130340;0.239790
8.130500;-0.158080;0.120920;0.190910
8.131000;-0.089190;0.097483;0.142000
8.131500;-0.021452;0.092208;0.086011
8.132000;0.030307;0.086450;0.027356
8.132500;0.071413;0.069989;-0.023721
8.132999;0.106450;0.054807;-0.067066
8.133500;0.114570;0.044009;-0.090375
8.134000;0.093390;0.051374;-0.118800
8.134499;0.061046;0.040234;-0.121360
8.135000;0.029713;0.029335;-0.121880
8.135500;-0.006241;0.022384;-0.122580
8.135999;-0.035083;0.017416;-0.141900
8.136500;-0.053008;0.003095;-0.166580
8.137000;-0.064519;-0.000178;-0.183300
8.137499;-0.069131;-0.004438;-0.190560
8.138000;-0.062687;0.002167;-0.181260
8.138500;-0.046586;-0.003692;-0.183260
8.138999;-0.031809;-0.016073;-0.181590
8.139500;-0.022188;-0.004883;-0.190550
8.140000;-0.000258;0.000199;-0.195090
8.140499;0.029688;0.009603;-0.181400
8.141000;0.068349;0.008981;-0.182150
8.141500;0.109640;0.027846;-0.184810
8.141999;0.142550;0.029417;-0.189060
8.142500;0.169010;0.036716;-0.200940
8.143000;0.191350;0.039302;-0.192500
8.143499;0.200810;0.029572;-0.183300
8.144000;0.176880;0.049565;-0.154230
8.144500;0.135690;0.047221;-0.149910
8.145000;0.080754;0.067310;-0.127680
8.145500;0.019608;0.054364;-0.108450
8.146000;-0.035706;0.052784;-0.081518
8.146500;-0.088470;0.062791;-0.073081
8.147000;-0.116170;0.050135;-0.060959
8.147500;-0.126920;0.037055;-0.048906
8.148000;-0.132480;0.021391;-0.036604
8.148500;-0.123330;0.019493;-0.026365
8.148999;-0.111260;0.007233;-0.013042
8.149500;-0.102540;0.007624;0.025315
8.150000;-0.088687;0.012180;0.050042
8.150499;-0.086485;0.019908;0.072916
8.151000;-0.074783;0.024227;0.097885
8.151500;-0.069479;0.031675;0.101710
8.151999;-0.081799;0.048135;0.107370
8.152500;-0.077181;0.048528;0.094809
8.153000;-0.068099;0.051777;0.074059
8.153499;-0.063694;0.062693;0.031478
8.154000;-0.070661;0.071014;-0.019718
8.154500;-0.071399;0.074935;-0.083502
8.154999;-0.062717;0.074919;-0.141160
8.155500;-0.058076;0.064640;-0.200380
8.156000;-0.044136;0.064687;-0.248490
8.156499;-0.016997;0.062090;-0.287370
8.157000;0.006435;0.064480;-0.323000
8.157500;0.028038;0.059090;-0.370840
8.157999;0.050679;0.038407;-0.381730
8.158500;0.087459;0.061003;-0.378510
8.159000;0.150910;0.017535;-0.355000
8.159499;0.166370;-0.008062;-0.311960
8.160000;0.203060;-0.008387;-0.252440
8.160500;0.177290;0.002681;-0.218410
8.161000;0.175260;-0.040190;-0.136660
8.161500;0.159330;-0.047542;-0.036354
8.162000;0.115120;-0.005722;0.002399
8.162500;0.096291;-0.027646;0.053811
8.163000;0.080335;-0.056238;0.088823
8.163500;0.053804;-0.042825;0.127290
8.164000;0.039096;-0.035218;0.129880
8.164500;0.054706;-0.057417;0.142010
8.164999;0.040891;-0.042106;0.123970
8.165500;0.043252;-0.025971;0.089956
8.166000;0.055832;-0.040032;0.043075
8.166499;0.081563;-0.038216;-0.005819
8.167000;0.132680;-0.022835;-0.064397
8.167500;0.188180;-0.043706;-0.114660
8.167999;0.240080;-0.055120;-0.161490
8.168500;0.271970;0.027815;-0.207800
8.169000;0.357610;-0.031395;-0.263360
8.169499;0.367050;0.043038;-0.275920
8.170000;0.369060;0.045852;-0.320740
8.170500;0.416560;0.002956;-0.294020
8.170999;0.364620;0.065491;-0.320860
8.171500;0.303340;0.084272;-0.330990
8.172000;0.261080;0.039216;-0.287310
8.172499;0.173380;0.050829;-0.273470
8.173000;0.056190;0.077072;-0.241330
8.173500;-0.021896;0.037838;-0.198020
8.173999;-0.108230;0.035794;-0.176130
8.174500;-0.197150;0.024880;-0.167120
8.175000;-0.261740;0.007670;-0.119970
8.175500;-0.314270;-0.004715;-0.120500
8.176000;-0.348340;-0.013350;-0.099085
8.176500;-0.386580;-0.025683;-0.079178
8.177000;-0.394350;-0.038227;-0.036311
8.177500;-0.393300;-0.035077;-0.002109
8.178000;-0.360360;-0.060242;0.037992
8.178500;-0.331790;-0.057812;0.069830
8.179000;-0.327420;-0.032663;0.064192
8.179500;-0.273140;-0.062860;0.098561
8.180000;-0.216120;-0.058424;0.105350
8.180500;-0.208820;-0.040462;0.097667
8.180999;-0.173290;-0.069117;0.103440
8.181500;-0.120950;-0.083856;0.093753
8.182000;-0.120880;-0.076166;0.075137
8.182499;-0.092230;-0.090180;0.080140
8.183000;-0.068282;-0.079719;0.049658
8.183500;-0.067122;-0.076970;0.036865
8.183999;-0.038293;-0.083404;0.031069
8.184500;-0.018904;-0.052914;0.031944
8.185000;0.000371;-0.040775;0.035078
8.185499;0.018963;-0.034549;0.040108
8.186000;0.018882;-0.016144;0.024705
8.186500;0.023392;0.012541;0.022814
8.186999;0.030143;0.020402;0.009129
8.187500;0.043715;0.053282;0.000166
8.188000;0.063335;0.072761;-0.014274
8.188499;0.097884;0.069546;-0.048061
8.189000;0.132910;0.076938;-0.078005
8.189500;0.173900;0.084386;-0.114870
8.189999;0.206810;0.091377;-0.140530
8.190500;0.231280;0.087944;-0.162180
8.191000;0.266130;0.077981;-0.170420
8.191500;0.293520;0.084419;-0.181670
8.192000;0.324630;0.094337;-0.189160
8.192500;0.368190;0.082885;-0.197460
8.193000;0.418070;0.085010;-0.186080
8.193500;0.436090;0.111190;-0.207920
8.194000;0.454360;0.111540;-0.224730
8.194500;0.488540;0.107290;-0.235230
8.195000;0.495480;0.130770;-0.251470
8.195499;0.469360;0.139830;-0.250430
8.196000;0.452040;0.143380;-0.216040
8.196500;0.431150;0.156820;-0.185210
8.196999;0.402260;0.169010;-0.135650
8.197500;0.360600;0.168200;-0.091289
8.198000;0.319950;0.170830;-0.051444
8.198499;0.270680;0.160090;-0.005068
8.199000;0.202150;0.165370;0.018793
8.199500;0.104910;0.180740;0.013898
8.199999;0.016170;0.175720;0.016268
8.200500;-0.056226;0.158950;0.026764
8.201000;-0.130450;0.167780;0.034319
8.201499;-0.185190;0.164860;0.008821
8.202000;-0.200190;0.146890;0.002271
8.202500;-0.204960;0.135370;-0.021182
8.202999;-0.201260;0.121070;-0.045388
8.203500;-0.178210;0.101320;-0.076019
8.204000;-0.152170;0.082010;-0.112940
8.204499;-0.130210;0.075227;-0.141790
8.205000;-0.112760;0.066777;-0.183020
8.205500;-0.105740;0.057027;-0.215360
8.205999;-0.074348;0.041179;-0.263940
8.206500;-0.040853;0.023139;-0.300490
8.207000;-0.011367;0.012050;-0.341310
8.207500;0.020897;-0.008897;-0.357180
8.208000;0.048700;-0.019910;-0.355510
8.208500;0.066820;-0.021829;-0.346990
8.209000;0.068517;-0.026274;-0.336030
8.209500;0.052366;-0.034529;-0.304800
8.210000;0.038542;-0.050791;-0.251900
8.210500;0.005841;-0.047191;-0.178840
8.211000;-0.022969;-0.051282;-0.115940
8.211499;-0.044284;-0.060368;-0.050598
8.212000;-0.068887;-0.073020;-0.010552
8.212500;-0.105680;-0.088222;0.057940
8.212999;-0.142410;-0.102230;0.132330
8.213500;-0.185500;-0.106750;0.212710
8.214000;-0.231490;-0.119090;0.302530
8.214499;-0.276780;-0.135560;0.386450
8.215000;-0.305790;-0.147880;0.472820
8.215500;-0.289220;-0.165110;0.570200
8.215999;-0.262170;-0.161670;0.666460
8.216500;-0.224210;-0.160530;0.751030
8.217000;-0.154950;-0.156260;0.810000
8.217499;-0.082096;-0.146320;0.841170
8.218000;-0.008637;-0.129300;0.856100
8.218500;0.073907;-0.120460;0.856870
8.218999;0.137100;-0.104550;0.850070
8.219500;0.189060;-0.090466;0.839160
8.220000;0.215240;-0.064828;0.807340
8.220499;0.233340;-0.047891;0.767080
8.221000;0.240690;-0.033943;0.712690
8.221500;0.230380;-0.013862;0.641370
8.221999;0.221750;-0.007190;0.582570
8.222500;0.197740;0.008526;0.528430
8.223000;0.163400;0.026335;0.493110
8.223500;0.120640;0.027417;0.470410
8.224000;0.061967;0.038522;0.446370
8.224500;-0.017569;0.045761;0.410440
8.225000;-0.102230;0.054534;0.376840
8.225500;-0.182820;0.065203;0.332090
8.226000;-0.250280;0.068019;0.290650
8.226500;-0.288980;0.076340;0.244690
8.227000;-0.289680;0.066092;0.199860
8.227499;-0.260240;0.061093;0.156550
8.228000;-0.211510;0.044504;0.118640
8.228500;-0.159910;0.030227;0.086841
8.228999;-0.108570;0.021524;0.064152
8.229500;-0.058546;0.007668;0.061875
8.230000;-0.026416;-0.004716;0.065071
8.230499;-0.004620;-0.016943;0.068691
8.231000;0.004858;-0.033004;0.075548
8.231500;0.003954;-0.048554;0.077818
8.231999;-0.003066;-0.059872;0.072308
8.232500;-0.002257;-0.079109;0.069623
8.233000;0.016372;-0.098375;0.057382
8.233499;0.041270;-0.110300;0.042787
8.234000;0.087745;-0.123710;0.022070
8.234500;0.143750;-0.132700;0.001156
8.234999;0.215530;-0.138950;-0.025333
8.235500;0.278200;-0.136960;-0.056550
8.236000;0.349710;-0.140540;-0.082264
8.236499;0.414150;-0.141370;-0.095538
8.237000;0.478520;-0.136410;-0.104450
8.237500;0.527670;-0.122680;-0.104270
8.238000;0.549980;-0.122240;-0.096502
8.238500;0.556060;-0.110600;-0.083417
8.239000;0.525750;-0.097162;-0.069570
8.239500;0.483060;-0.091465;-0.039731
8.240000;0.426200;-0.089273;-0.000323
8.240500;0.353210;-0.080635;0.028028
8.241000;0.271130;-0.065890;0.031008
8.241500;0.196200;-0.063328;0.027260
8.242000;0.138540;-0.060866;0.028977
8.242500;0.113280;-0.053477;0.022245
8.243000;0.108070;-0.036183;0.006053
8.243499;0.158470;-0.042064;-0.029292
8.244000;0.240100;-0.041081;-0.081150
8.244500;0.313430;-0.029897;-0.152030
8.244999;0.399380;-0.031395;-0.215000
8.245500;0.487590;-0.037535;-0.255960
8.246000;0.559300;-0.033200;-0.270880
8.246499;0.618690;-0.042122;-0.282940
8.247000;0.642740;-0.049512;-0.294100
8.247500;0.632550;-0.061997;-0.290390
8.247999;0.616620;-0.090654;-0.268600
8.248500;0.557480;-0.105940;-0.220190
8.249000;0.480740;-0.118920;-0.171400
8.249499;0.367240;-0.121910;-0.137300
8.250000;0.244540;-0.140180;-0.099459
8.250500;0.126890;-0.162390;-0.061716
8.250999;0.002193;-0.174260;-0.015416
8.251500;-0.101210;-0.196490;0.041488
8.252000;-0.191750;-0.213040;0.086957
8.252499;-0.261680;-0.221890;0.134880
8.253000;-0.310040;-0.229400;0.173170
8.253500;-0.338290;-0.230330;0.212660
8.254000;-0.341240;-0.236860;0.246990
8.254500;-0.322220;-0.242190;0.271850
8.255000;-0.286090;-0.240170;0.300530
8.255500;-0.229690;-0.251200;0.317070
8.256000;-0.155430;-0.253430;0.332240
8.256500;-0.089883;-0.264380;0.312250
8.257000;-0.022404;-0.266240;0.287390
8.257500;0.034883;-0.270100;0.245450
8.257999;0.077571;-0.264200;0.210810
8.258500;0.093362;-0.265480;0.175610
8.259000;0.104000;-0.254800;0.125300
8.259499;0.099400;-0.248890;0.076510
8.260000;0.099588;-0.252520;0.044961
8.260500;0.105420;-0.257290;0.033501
8.260999;0.110050;-0.259500;0.051676
8.261500;0.114870;-0.248030;0.067976
8.262000;0.107510;-0.237460;0.086959
8.262499;0.103660;-0.233940;0.102000
8.263000;0.082863;-0.223480;0.118230
8.263500;0.052189;-0.201530;0.134860
8.263999;0.007051;-0.195790;0.144810
8.264500;-0.032491;-0.187850;0.144390
8.265000;-0.068865;-0.176900;0.135320
8.265499;-0.095501;-0.169820;0.112060
8.266000;-0.107050;-0.152970;0.078176
8.266500;-0.092036;-0.145370;0.036626
8.266999;-0.063377;-0.142980;0.000188
8.267500;-0.020289;-0.149580;-0.032607
8.268000;0.025282;-0.150410;-0.032930
8.268499;0.058751;-0.150450;-0.023769
8.269000;0.110840;-0.153800;0.005321
8.269500;0.150760;-0.158090;0.039328
8.270000;0.168350;-0.157110;0.094139
8.270500;0.202780;-0.158830;0.144140
8.271000;0.233480;-0.166500;0.176590
8.271500;0.253730;-0.176880;0.205720
8.272000;0.272300;-0.199220;0.230170
8.272500;0.257860;-0.198350;0.257250
8.273000;0.236850;-0.211100;0.285760
8.273500;0.180760;-0.213570;0.317980
8.273999;0.111440;-0.223520;0.339100
8.274500;0.045212;-0.238430;0.381340
8.275000;-0.019231;-0.231880;0.422900
8.275499;-0.057964;-0.257710;0.461150
8.276000;-0.097199;-0.274130;0.486990
8.276500;-0.107650;-0.278850;0.508690
8.276999;-0.131670;-0.283440;0.503080
8.277500;-0.111290;-0.308200;0.503070
8.278000;-0.052864;-0.334950;0.501840
8.278499;-0.023057;-0.306840;0.458590
8.279000;0.034877;-0.329850;0.406080
8.279500;0.091661;-0.346150;0.353190
8.279999;0.121270;-0.325270;0.272930
8.280500;0.166870;-0.320830;0.211060
8.281000;0.219780;-0.331410;0.162510
8.281499;0.241010;-0.321050;0.121050
8.282000;0.267800;-0.321250;0.095478
8.282500;0.291870;-0.309160;0.075243
8.282999;0.299420;-0.298420;0.063747
8.283500;0.321740;-0.295830;0.071790
8.284000;0.344410;-0.285480;0.075233
8.284499;0.356430;-0.264490;0.076812
8.285000;0.373090;-0.267270;0.088336
8.285500;0.388470;-0.267770;0.130290
8.286000;0.383730;-0.241920;0.169090
8.286500;0.362370;-0.236650;0.228600
8.287000;0.337060;-0.222090;0.293480
8.287500;0.294650;-0.190130;0.337190
8.288000;0.266530;-0.178670;0.374740
8.288500;0.252730;-0.186520;0.412200
8.289000;0.246200;-0.173420;0.442910
8.289500;0.261540;-0.174650;0.467370
8.289999;0.302520;-0.180570;0.494530
8.290500;0.324030;-0.179380;0.486590
8.291000;0.357240;-0.180430;0.482330
8.291499;0.402120;-0.188540;0.472720
8.292000;0.446480;-0.177940;0.452070
8.292500;0.492680;-0.176190;0.418600
8.292999;0.543340;-0.182160;0.373670
8.293500;0.561710;-0.160990;0.316300
8.294000;0.568800;-0.147620;0.274870
8.294499;0.575090;-0.157970;0.249220
8.295000;0.547190;-0.137050;0.240240
8.295500;0.509950;-0.113780;0.236510
8.295999;0.456220;-0.102390;0.247260
8.296500;0.389970;-0.077199;0.237380
8.297000;0.322090;-0.059449;0.227370
8.297499;0.259510;-0.044729;0.229190
8.298000;0.178790;-0.024172;0.215930
8.298500;0.086069;-0.002934;0.194220
8.298999;0.004791;0.005899;0.174050
8.299500;-0.069644;0.012835;0.166680
8.300000;-0.139740;0.006470;0.157870
8.300500;-0.187950;0.003074;0.163340
8.301000;-0.221830;-0.004437;0.145010
8.301500;-0.242970;-0.017514;0.132350
8.302000;-0.252800;-0.044273;0.127690
8.302500;-0.239520;-0.081684;0.132960
8.303000;-0.222940;-0.111750;0.154400
8.303500;-0.220160;-0.142240;0.175750
8.304000;-0.222370;-0.165760;0.196890
8.304500;-0.233710;-0.196480;0.223470
8.305000;-0.241380;-0.220130;0.248080
8.305500;-0.267320;-0.228220;0.264580
8.305999;-0.273350;-0.240530;0.281710
8.306500;-0.246090;-0.255470;0.310660
8.307000;-0.232010;-0.267980;0.329900
8.307499;-0.239960;-0.268070;0.354900
8.308000;-0.225030;-0.283160;0.366110
8.308500;-0.221930;-0.290760;0.414710
8.308999;-0.236280;-0.287270;0.460320
8.309500;-0.249980;-0.285640;0.515760
8.310000;-0.262170;-0.285570;0.559040
8.310499;-0.263210;-0.292940;0.597830
8.311000;-0.248960;-0.296060;0.619650
8.311500;-0.230850;-0.297270;0.625030
8.311999;-0.210740;-0.297870;0.615080
8.312500;-0.177680;-0.299220;0.597390
8.313000;-0.154730;-0.295770;0.574000
8.313499;-0.134260;-0.281440;0.529470
8.314000;-0.101310;-0.269360;0.477770
8.314500;-0.058299;-0.248210;0.427850
8.314999;-0.009906;-0.234610;0.368050
8.315500;0.039626;-0.215970;0.301280
8.316000;0.099063;-0.209050;0.238020
8.316500;0.154350;-0.205890;0.178200
8.317000;0.192230;-0.200990;0.139300
8.317500;0.216170;-0.197220;0.116730
8.318000;0.216900;-0.174950;0.115340
8.318500;0.208330;-0.158680;0.119470
8.319000;0.173850;-0.136730;0.143520
8.319500;0.134710;-0.120550;0.139350
8.320000;0.104700;-0.103670;0.131440
8.320499;0.068038;-0.081857;0.111990
8.321000;0.020239;-0.082759;0.116580
8.321500;-0.022495;-0.075772;0.112160
8.321999;-0.074681;-0.074110;0.120490
8.322500;-0.140130;-0.069297;0.134440
8.323000;-0.201090;-0.068592;0.161360
8.323499;-0.259280;-0.070883;0.191090
8.324000;-0.278910;-0.099480;0.226300
8.324500;-0.280820;-0.110150;0.257890
8.324999;-0.278250;-0.112160;0.269640
8.325500;-0.250670;-0.125030;0.270930
8.326000;-0.190300;-0.137540;0.246360
8.326499;-0.141080;-0.140570;0.213820
8.327000;-0.076968;-0.134260;0.151910
8.327500;-0.019972;-0.109820;0.069351
8.327999;0.016204;-0.085747;-0.018244
8.328500;0.068301;-0.070536;-0.086211
8.329000;0.112370;-0.047746;-0.152070
8.329499;0.161500;-0.023690;-0.224250
8.330000;0.213500;-0.016504;-0.269080
8.330500;0.243730;0.002498;-0.311570
8.330999;0.274260;0.006929;-0.334230
8.331500;0.303330;-0.026047;-0.338640
8.332000;0.305760;-0.014634;-0.322590
8.332500;0.302040;0.039360;-0.343000
8.333000;0.355030;-0.082417;-0.335000
8.333500;0.286140;0.040576;-0.322900
8.334000;0.346580;0.039867;-0.333820
8.334500;0.315710;0.092156;-0.365320
8.335000;0.363890;0.044021;-0.350560
8.335500;0.436260;0.015775;-0.287480
8.336000;0.401770;0.118550;-0.328800
8.336499;0.463180;0.046664;-0.272240
8.337000;0.478880;0.043342;-0.191850
8.337500;0.450030;0.071210;-0.138360
8.337999;0.428370;0.072420;-0.043304
8.338500;0.438180;0.050117;0.052955
8.339000;0.439730;0.051320;0.138420
8.339499;0.438230;0.042720;0.200070
8.340000;0.424760;0.045606;0.286530
8.340500;0.426650;0.035863;0.338200
8.340999;0.446920;0.006091;0.391230
8.341500;0.446230;-0.004857;0.434650
8.342000;0.446240;0.019828;0.473350
8.342499;0.429740;0.013915;0.479000
8.343000;0.406420;0.015257;0.508130
8.343500;0.357470;0.057464;0.493010
8.343999;0.329830;0.051151;0.510590
8.344500;0.344690;0.036956;0.544510
8.345000;0.325730;0.069431;0.515880
8.345499;0.324830;0.060602;0.503170
8.346000;0.334780;0.038654;0.497700
8.346500;0.282190;0.066019;0.476310
8.346999;0.238960;0.057284;0.477500
8.347500;0.211930;0.036138;0.484520
8.348000;0.135050;0.050837;0.482710
8.348500;0.065219;0.022161;0.493800
8.349000;-0.008687;0.007093;0.517430
8.349500;-0.100360;0.002482;0.510200
8.350000;-0.192870;-0.017492;0.544230
8.350500;-0.289350;-0.028961;0.564260
8.351000;-0.392200;-0.037002;0.578590
8.351500;-0.467710;-0.068203;0.571110
8.352000;-0.497490;-0.117820;0.562180
8.352499;-0.520480;-0.137560;0.543830
8.353000;-0.520020;-0.162320;0.510670
8.353500;-0.491560;-0.191690;0.490680
8.353999;-0.427820;-0.217110;0.435340
8.354500;-0.367570;-0.222880;0.378280
8.355000;-0.289310;-0.240940;0.320650
8.355499;-0.193370;-0.250920;0.287870
8.356000;-0.096572;-0.256840;0.259230
8.356500;-0.010788;-0.264580;0.268100
8.356999;0.040248;-0.257050;0.262980
8.357500;0.042877;-0.255970;0.268690
8.358000;0.030876;-0.262070;0.290650
8.358499;-0.040208;-0.255010;0.339040
8.359000;-0.119740;-0.252140;0.400000
8.359500;-0.198370;-0.254580;0.466930
8.359999;-0.283310;-0.257820;0.516400
8.360500;-0.356160;-0.256700;0.550500
8.361000;-0.409100;-0.256540;0.575710
8.361499;-0.445890;-0.255110;0.606520
8.362000;-0.453520;-0.243760;0.617200
8.362500;-0.435100;-0.233760;0.606300
8.363000;-0.400960;-0.211400;0.587220
8.363500;-0.339140;-0.183450;0.537340
8.364000;-0.265520;-0.166730;0.486440
8.364500;-0.167050;-0.139850;0.425990
8.365000;-0.064125;-0.127610;0.370470
8.365500;0.045717;-0.111450;0.316280
8.366000;0.142720;-0.095039;0.268480
8.366500;0.228880;-0.083505;0.217880
8.367000;0.285410;-0.063071;0.180970
8.367500;0.310240;-0.038304;0.146510
8.368000;0.307850;-0.029368;0.135900
8.368499;0.275030;-0.017502;0.136230
8.369000;0.226230;-0.006816;0.134290
8.369500;0.151240;-0.001163;0.138440
8.369999;0.066470;0.006422;0.140420
8.370500;-0.021740;0.013257;0.156930
8.371000;-0.092524;0.013122;0.155330
8.371499;-0.157770;0.011508;0.171020
8.372000;-0.215580;0.010760;0.169690
8.372500;-0.250520;0.008537;0.172000
8.372999;-0.266550;0.000753;0.192870
8.373500;-0.270730;0.009578;0.227030
8.374000;-0.259390;0.023350;0.246320
8.374499;-0.235220;0.024547;0.252260
8.375000;-0.170510;0.018239;0.253580
8.375500;-0.106710;0.017632;0.232240
8.375999;-0.041615;0.007481;0.200700
8.376500;0.036864;-0.018714;0.177260
8.377000;0.093075;-0.026558;0.149380
8.377499;0.121720;-0.039653;0.131090
8.378000;0.135020;-0.052082;0.117960
8.378500;0.130370;-0.074441;0.113460
8.379000;0.106530;-0.087519;0.125670
8.379500;0.087148;-0.101520;0.130300
8.380000;0.069043;-0.119250;0.150680
8.380500;0.067458;-0.128790;0.169220
8.381000;0.078264;-0.132420;0.193670
8.381500;0.106420;-0.125010;0.195600
8.382000;0.153340;-0.127350;0.183310
8.382500;0.214540;-0.118270;0.175230
8.382999;0.279790;-0.107020;0.164370
8.383500;0.349190;-0.097090;0.154420
8.384000;0.420440;-0.083567;0.132940
8.384499;0.472740;-0.060479;0.116170
8.385000;0.488580;-0.036039;0.089133
8.385500;0.497380;-0.034789;0.074634
8.385999;0.503990;-0.039120;0.082589
8.386500;0.493500;-0.043707;0.098048
8.387000;0.444660;-0.038246;0.114840
8.387499;0.388000;-0.043524;0.126740
8.388000;0.330330;-0.046982;0.148690
8.388500;0.269140;-0.053403;0.178750
8.389000;0.219100;-0.050778;0.210980
8.389500;0.185290;-0.054695;0.239590
8.390000;0.181610;-0.067475;0.269730
8.390500;0.191580;-0.063112;0.270030
8.391000;0.214270;-0.050007;0.261630
8.391500;0.242470;-0.037326;0.237590
8.392000;0.283550;-0.033353;0.208260
8.392500;0.331480;-0.022243;0.164780
8.393000;0.364320;-0.007226;0.129780
8.393500;0.405360;-0.004827;0.076312
8.394000;0.442130;-0.000802;0.039695
8.394500;0.470040;-0.009225;0.001615
8.395000;0.477690;-0.007842;-0.030545
8.395500;0.439760;0.001346;-0.057176
8.396000;0.387290;-0.003519;-0.068803
8.396500;0.296400;-0.005287;-0.077599
8.397000;0.193150;-0.006696;-0.081779
8.397500;0.084517;-0.016526;-0.077829
8.398000;-0.028359;-0.018317;-0.064104
8.398500;-0.156860;-0.018551;-0.044365
8.399000;-0.258100;-0.044067;-0.038478
8.399500;-0.340850;-0.063313;-0.025858
8.400000;-0.412390;-0.074597;-0.018110
8.400500;-0.460420;-0.084246;-0.000980
8.401000;-0.471850;-0.107540;0.012025
8.401500;-0.456050;-0.131700;0.030474
8.402000;-0.440730;-0.137440;0.034245
8.402500;-0.396970;-0.132890;0.030180
8.403000;-0.331080;-0.136250;0.008224
8.403500;-0.246000;-0.143300;-0.021661
8.404000;-0.154840;-0.132650;-0.080106
8.404500;-0.067753;-0.110790;-0.160270
8.405000;0.009176;-0.104870;-0.253100
8.405500;0.093669;-0.107520;-0.342560
8.406000;0.150780;-0.114700;-0.424910
8.406500;0.188940;-0.109240;-0.494660
8.407000;0.202590;-0.109050;-0.544940
8.407500;0.201200;-0.111680;-0.582360
8.408000;0.186720;-0.107100;-0.599970
8.408500;0.173100;-0.117680;-0.592310
8.409000;0.152920;-0.114540;-0.554910
8.409500;0.134470;-0.112670;-0.513170
8.410000;0.101820;-0.108620;-0.466900
8.410500;0.061730;-0.107390;-0.426160
8.411000;0.016400;-0.104000;-0.376230
8.411500;-0.048792;-0.095578;-0.318500
8.412000;-0.108830;-0.084523;-0.248560
8.412500;-0.183600;-0.066244;-0.184430
8.413000;-0.250470;-0.046420;-0.128830
8.413500;-0.288290;-0.043094;-0.070765
8.414000;-0.289600;-0.051706;-0.019180
8.414500;-0.250810;-0.063669;0.045956
8.415000;-0.178240;-0.071428;0.089330
8.415500;-0.091837;-0.083086;0.124960
8.416000;0.004608;-0.081212;0.145360
8.416500;0.088044;-0.074997;0.160800
8.417000;0.165800;-0.071922;0.173290
8.417500;0.215220;-0.059053;0.182710
8.418000;0.249360;-0.045952;0.191190
8.418500;0.268150;-0.045804;0.205130
8.419000;0.271090;-0.044967;0.213370
8.419500;0.240860;-0.035733;0.227220
8.420000;0.188200;-0.039101;0.238380
8.420500;0.104810;-0.043522;0.263850
8.421000;-0.002846;-0.057782;0.304400
8.421500;-0.111430;-0.065032;0.367120
8.422000;-0.236350;-0.071595;0.418620
8.422500;-0.335460;-0.088354;0.465560
8.423000;-0.416680;-0.106690;0.502170
8.423500;-0.469560;-0.116860;0.524220
8.424000;-0.486670;-0.125140;0.532910
8.424500;-0.478330;-0.129820;0.507630
8.425000;-0.449370;-0.134890;0.457800
8.425500;-0.410890;-0.139320;0.385720
8.426000;-0.371270;-0.144310;0.315830
8.426500;-0.304960;-0.151880;0.278210
8.427000;-0.241670;-0.158990;0.265200
8.427500;-0.171970;-0.167110;0.270880
8.428000;-0.105590;-0.180420;0.276300
8.428500;-0.044519;-0.188290;0.274010
8.429000;0.011767;-0.206100;0.282340
8.429500;0.052604;-0.215310;0.300500
8.430000;0.058449;-0.212750;0.320420
8.430500;0.024292;-0.209400;0.340510
8.431000;-0.030574;-0.203290;0.338930
8.431500;-0.100070;-0.201120;0.322240
8.432000;-0.156150;-0.215720;0.319270
8.432500;-0.205800;-0.213500;0.304880
8.433000;-0.237440;-0.208840;0.281410
8.433500;-0.252330;-0.204480;0.251960
8.434000;-0.250020;-0.202560;0.218260
8.434500;-0.216810;-0.207450;0.205060
8.435000;-0.168230;-0.207630;0.210550
8.435500;-0.128300;-0.207150;0.232640
8.436000;-0.094778;-0.198110;0.277960
8.436500;-0.041493;-0.198770;0.330320
8.437000;-0.003474;-0.185900;0.392470
8.437500;0.029580;-0.173020;0.434580
8.438000;0.067909;-0.162300;0.454580
8.438500;0.093092;-0.158030;0.463120
8.439000;0.111580;-0.150810;0.468190
8.439500;0.123590;-0.136310;0.455930
8.440000;0.131110;-0.120470;0.451470
8.440500;0.126620;-0.103180;0.437330
8.441000;0.116030;-0.080832;0.429570
8.441500;0.104410;-0.055800;0.431350
8.442000;0.093196;-0.016889;0.408730
8.442500;0.111030;-0.000177;0.393750
8.443000;0.134270;0.015204;0.378620
8.443500;0.165450;0.038793;0.345900
8.444000;0.190240;0.052776;0.312540
8.444500;0.208250;0.077902;0.276420
8.445000;0.219700;0.077262;0.241840
8.445500;0.225610;0.079939;0.236700
8.446000;0.219680;0.081128;0.219090
8.446500;0.191880;0.081337;0.222760
8.447000;0.149340;0.077032;0.221860
8.447500;0.101970;0.057127;0.241350
8.448000;0.055802;0.039873;0.265920
8.448500;-0.004735;0.014670;0.297590
8.449000;-0.086634;-0.008529;0.352080
8.449500;-0.162000;-0.024599;0.406250
8.450000;-0.237370;-0.043057;0.474940
8.450500;-0.303520;-0.069101;0.528940
8.451000;-0.365990;-0.086455;0.570870
8.451500;-0.401620;-0.112220;0.591290
8.452000;-0.417340;-0.147810;0.595310
8.452500;-0.420010;-0.167770;0.579900
8.453000;-0.402320;-0.190310;0.551890
8.453500;-0.372330;-0.208920;0.518380
8.454000;-0.330080;-0.229810;0.465620
8.454500;-0.286840;-0.240510;0.421440
8.455000;-0.242400;-0.250240;0.368310
8.455500;-0.179970;-0.255600;0.321470
8.456000;-0.120970;-0.259380;0.260720
8.456500;-0.047670;-0.266570;0.196670
8.457000;0.015645;-0.260820;0.129920
8.457500;0.065952;-0.259550;0.072662
8.458000;0.097576;-0.247920;0.026217
8.458500;0.119350;-0.243430;-0.016011
8.459000;0.124310;-0.233380;-0.032983
8.459500;0.127580;-0.222400;-0.048468
8.460000;0.121230;-0.225410;-0.043081
8.460500;0.118630;-0.225770;-0.045313
8.461000;0.108790;-0.225980;-0.040974
8.461500;0.083205;-0.220510;-0.016291
8.462000;0.040992;-0.217700;0.015882
8.462500;-0.006169;-0.215740;0.057461
8.463000;-0.049537;-0.210310;0.089816
8.463500;-0.101910;-0.195750;0.119980
8.464000;-0.145710;-0.183580;0.145840
8.464500;-0.156200;-0.182270;0.177090
8.465000;-0.136810;-0.176780;0.191690
8.465500;-0.108500;-0.174330;0.190940
8.466000;-0.063397;-0.166390;0.185220
8.466500;0.005467;-0.151200;0.145220
8.467000;0.088953;-0.148710;0.104300
8.467500;0.161530;-0.139860;0.056289
8.468000;0.245820;-0.132190;0.002063
8.468500;0.335380;-0.132270;-0.029566
8.469000;0.402580;-0.123840;-0.062567
8.469500;0.438990;-0.101920;-0.091284
8.470000;0.469110;-0.106700;-0.100880
8.470500;0.507750;-0.070841;-0.124040
8.471000;0.476680;-0.047393;-0.108010
8.471500;0.432190;-0.032310;-0.090958
8.472000;0.355820;0.001969;-0.054541
8.472500;0.258780;0.021765;-0.042222
8.473000;0.143110;0.048864;0.013602
8.473500;0.031617;0.063833;0.027239
8.474000;-0.078217;0.076832;0.047339
8.474500;-0.172360;0.085929;0.049662
8.475000;-0.243140;0.101160;0.045495
8.475500;-0.277190;0.114860;0.013676
8.476000;-0.262670;0.113060;-0.044141
8.476500;-0.217060;0.114930;-0.113140
8.477000;-0.129360;0.091489;-0.198300
8.477500;-0.017082;0.094315;-0.281920
8.478000;0.098343;0.086583;-0.363790
8.478500;0.235140;0.058553;-0.440210
8.479000;0.322540;0.081097;-0.522020
8.479500;0.436770;0.062517;-0.603690
8.480000;0.499550;0.066989;-0.672250
8.480500;0.550570;0.040263;-0.713960
8.481000;0.598730;0.007935;-0.724120
8.481500;0.574290;0.031815;-0.729820
8.482000;0.562240;0.005577;-0.728920
8.482500;0.513860;-0.029099;-0.696090
8.483000;0.439910;-0.036816;-0.697420
8.483500;0.359970;-0.051596;-0.675850
8.484000;0.293280;-0.068192;-0.660070
8.484500;0.207800;-0.058290;-0.627270
8.485000;0.138970;-0.058830;-0.591280
8.485500;0.105170;-0.056599;-0.539920
8.486000;0.072059;-0.039615;-0.512170
8.486500;0.052840;-0.021851;-0.490920
8.487000;0.041196;-0.007946;-0.465630
8.487500;0.043819;0.012370;-0.425980
8.488000;0.047238;0.024493;-0.394380
8.488500;0.056973;0.022241;-0.359100
8.489000;0.066728;0.034209;-0.344840
8.489500;0.046542;0.036562;-0.347720
8.490000;0.060254;0.011185;-0.323820
8.490500;0.063215;0.001366;-0.314570
8.491000;0.064905;-0.002601;-0.289540
8.491500;0.098937;-0.036585;-0.272380
8.492000;0.116200;-0.055820;-0.268630
8.492500;0.146370;-0.064524;-0.263690
8.493000;0.190380;-0.098163;-0.221190
8.493500;0.199300;-0.097069;-0.187960
8.494000;0.191870;-0.114170;-0.138280
8.494500;0.179780;-0.113850;-0.099248
8.495000;0.140950;-0.105900;-0.050205
8.495500;0.094255;-0.103270;0.007161
8.496000;0.035559;-0.118060;0.086076
8.496500;-0.042651;-0.128400;0.167440
8.497000;-0.133180;-0.134740;0.245200
8.497500;-0.219380;-0.158030;0.320490
8.498000;-0.314880;-0.187150;0.403160
8.498500;-0.417560;-0.207240;0.472010
8.499000;-0.519840;-0.235900;0.540150
8.499500;-0.635530;-0.245110;0.595050
8.500000;-0.730110;-0.254280;0.632300
8.500500;-0.789370;-0.276350;0.652150
8.501000;-0.823600;-0.289340;0.643970
8.501500;-0.832710;-0.305000;0.625670
8.502000;-0.793120;-0.324450;0.609530
8.502500;-0.728000;-0.337060;0.569760
8.503000;-0.642540;-0.350180;0.528340
8.503500;-0.553360;-0.352160;0.486250
8.504000;-0.466630;-0.356270;0.438950
8.504500;-0.365000;-0.355060;0.397360
8.505000;-0.290230;-0.358830;0.353330
8.505500;-0.214100;-0.347990;0.328320
8.506000;-0.139690;-0.342860;0.291290
8.506500;-0.097784;-0.328980;0.270800
8.507000;-0.068005;-0.311000;0.224980
8.507500;-0.042654;-0.292100;0.196260
8.508000;-0.059101;-0.269250;0.172860
8.508500;-0.075534;-0.243100;0.156750
8.509000;-0.119070;-0.217390;0.144180
8.509500;-0.176800;-0.193430;0.134540
8.510000;-0.236940;-0.170150;0.124930
8.510500;-0.302720;-0.157670;0.114970
8.511000;-0.345800;-0.147070;0.111850
8.511500;-0.362490;-0.137620;0.095840
8.512000;-0.362660;-0.121610;0.058105
8.512500;-0.349960;-0.117860;0.029474
8.513000;-0.315130;-0.105640;-0.012597
8.513500;-0.276800;-0.089117;-0.070312
8.514000;-0.221380;-0.079367;-0.117470
8.514500;-0.158850;-0.065633;-0.172090
8.515000;-0.105360;-0.045002;-0.207730
8.515500;-0.042399;-0.026282;-0.252300
8.516000;0.016484;-0.008874;-0.277390
8.516500;0.066918;0.007540;-0.317040
8.517000;0.114290;0.026384;-0.340780
8.517500;0.144400;0.043857;-0.364690
8.518000;0.148470;0.063548;-0.384370
8.518500;0.153670;0.090554;-0.403940
8.519000;0.171060;0.099484;-0.424010
8.519500;0.167890;0.111540;-0.447590
8.520000;0.171910;0.115990;-0.471820
8.520500;0.175660;0.127940;-0.487590
8.521000;0.170140;0.150110;-0.509930
8.521500;0.149440;0.158370;-0.533560
8.522000;0.110410;0.170520;-0.533880
8.522500;0.076580;0.180300;-0.522540
8.523000;0.039447;0.166410;-0.502130
8.523500;0.001979;0.175870;-0.451290
8.524000;-0.060540;0.171740;-0.428580
8.524500;-0.106900;0.138210;-0.388460
8.525000;-0.161080;0.136470;-0.345880
8.525500;-0.245400;0.140630;-0.324830
8.526000;-0.274750;0.083595;-0.276570
8.526500;-0.329560;0.061687;-0.228000
8.527000;-0.383130;0.051059;-0.177780
8.527500;-0.401190;0.021977;-0.140480
8.528000;-0.400190;-0.015852;-0.120350
8.528500;-0.394080;-0.033550;-0.087010
8.529000;-0.359360;-0.041279;-0.076856
8.529500;-0.296760;-0.061681;-0.052850
8.530000;-0.202260;-0.078013;-0.040945
8.530500;-0.114680;-0.072043;-0.036853
8.531000;-0.023343;-0.092099;-0.035780
8.531500;0.066768;-0.061477;-0.026727
8.532000;0.175930;-0.084570;-0.032723
8.532500;0.221930;-0.064410;-0.016943
8.533000;0.269500;-0.026039;-0.013494
8.533500;0.283100;0.002694;-0.027940
8.534000;0.295870;0.011851;-0.036792
8.534500;0.318540;0.001365;-0.011031
8.535000;0.287330;0.055445;-0.030567
8.535500;0.255730;0.042901;-0.022130
8.536000;0.226610;0.042701;0.010544
8.536500;0.156690;0.072384;0.031407
8.537000;0.069146;0.101610;0.053059
8.537500;0.014824;0.078165;0.091554
8.538000;-0.042788;0.094650;0.134420
8.538500;-0.090937;0.117300;0.158130
8.539000;-0.114930;0.117880;0.176410
8.539500;-0.110690;0.141680;0.171380
8.540000;-0.087012;0.163090;0.134980
8.540500;-0.037530;0.179830;0.094562
8.541000;0.023140;0.204670;0.044859
8.541500;0.128500;0.211400;-0.010742
8.542000;0.231520;0.231100;-0.063102
8.542500;0.335170;0.240360;-0.122400
8.543000;0.425030;0.240350;-0.181430
8.543500;0.507340;0.241080;-0.228810
8.544000;0.543320;0.256550;-0.259710
8.544500;0.534700;0.272790;-0.279370
8.545000;0.493910;0.266450;-0.270080
8.545500;0.407980;0.283920;-0.265100
8.546000;0.289670;0.299780;-0.250720
8.546500;0.160630;0.301570;-0.233230
8.547000;0.015339;0.312920;-0.232290
8.547500;-0.129500;0.318660;-0.229280
8.548000;-0.261490;0.318560;-0.246770
8.548500;-0.378730;0.327430;-0.254330
8.549000;-0.473380;0.330180;-0.273940
8.549500;-0.555030;0.347950;-0.287430
8.550000;-0.593760;0.348870;-0.322540
8.550500;-0.584360;0.345210;-0.348910
8.551000;-0.561140;0.346750;-0.400260
8.551500;-0.507880;0.345980;-0.427150
8.552000;-0.416740;0.338000;-0.464910
8.552500;-0.313240;0.332260;-0.490930
8.553000;-0.208160;0.325360;-0.512790
8.553500;-0.103770;0.302990;-0.533840
8.554000;-0.040481;0.308340;-0.557590
8.554500;0.028589;0.286560;-0.558490
8.555000;0.056735;0.277920;-0.542260
8.555500;0.061889;0.274190;-0.514130
8.556000;0.050483;0.259040;-0.487620
8.556500;0.002428;0.263470;-0.465770
8.557000;-0.061704;0.250510;-0.433870
8.557500;-0.116020;0.238230;-0.390650
8.558000;-0.184330;0.227550;-0.333400
8.558500;-0.250870;0.225330;-0.272170
8.559000;-0.299450;0.217480;-0.214000
8.559500;-0.344570;0.202690;-0.157730
8.560000;-0.374180;0.205210;-0.102130
8.560500;-0.384010;0.207330;-0.041543
8.561000;-0.362510;0.203190;0.019059
8.561500;-0.322440;0.212300;0.064095
8.562000;-0.273960;0.222610;0.093471
8.562500;-0.206480;0.222690;0.122580
8.563000;-0.140770;0.225840;0.137030
8.563500;-0.077150;0.217530;0.165160
8.564000;-0.030910;0.217040;0.199710
8.564500;-0.010600;0.217510;0.237400
8.565000;-0.011861;0.215260;0.308920
8.565500;-0.007932;0.210700;0.373190
8.566000;-0.033788;0.221040;0.437070
8.566500;-0.047542;0.208870;0.479700
8.567000;-0.054994;0.194340;0.530700
8.567500;-0.068876;0.194770;0.556660
8.568000;-0.067920;0.197740;0.559040
8.568500;-0.077449;0.207780;0.539360
8.569000;-0.080207;0.221280;0.488080
8.569500;-0.056060;0.230230;0.444430
8.570000;-0.028018;0.231460;0.386380
8.570500;0.010443;0.245830;0.336900
8.571000;0.054831;0.259920;0.296320
8.571500;0.093369;0.271360;0.271820
8.572000;0.111900;0.298530;0.256800
8.572500;0.137410;0.298030;0.268320
8.573000;0.124960;0.312690;0.285000
8.573500;0.091199;0.315550;0.307020
8.574000;0.053556;0.307970;0.336450
8.574500;-0.016975;0.300360;0.365690
8.575000;-0.101430;0.301210;0.382600
8.575500;-0.179070;0.286990;0.399220
8.576000;-0.246420;0.265450;0.417890
8.576500;-0.313980;0.255530;0.452440
8.577000;-0.341480;0.233150;0.475480
8.577500;-0.339920;0.222070;0.515240
8.578000;-0.330810;0.195890;0.526450
8.578500;-0.296240;0.180790;0.544890
8.579000;-0.265320;0.171140;0.551310
8.579500;-0.230910;0.173290;0.569230
8.580000;-0.186940;0.174620;0.577210
8.580500;-0.146460;0.167370;0.567470
8.581000;-0.099057;0.164320;0.547030
8.581500;-0.037740;0.158770;0.497130
8.582000;0.005742;0.148900;0.454940
8.582500;0.062918;0.136860;0.401110
8.583000;0.117920;0.130320;0.349600
8.583500;0.131020;0.134220;0.310340
8.584000;0.141410;0.131540;0.273380
8.584500;0.136900;0.141370;0.253540
8.585000;0.115560;0.135670;0.262050
8.585500;0.074414;0.139920;0.304020
8.586000;0.024307;0.151150;0.352680
8.586500;-0.018598;0.151000;0.405870
8.587000;-0.065780;0.168790;0.452340
8.587500;-0.114350;0.190590;0.482840
8.588000;-0.143290;0.211490;0.498240
8.588500;-0.165620;0.226110;0.481880
8.589000;-0.178190;0.242230;0.453610
8.589500;-0.182940;0.265130;0.406470
8.590000;-0.171900;0.278200;0.347980
8.590500;-0.129900;0.287260;0.296200
8.591000;-0.080668;0.305860;0.228260
8.591500;-0.036415;0.329360;0.147310
8.592000;0.017391;0.340250;0.064564
8.592500;0.068799;0.352580;-0.019117
8.593000;0.133190;0.359150;-0.103180
8.593500;0.183370;0.354620;-0.180390
8.594000;0.217360;0.348780;-0.235000
8.594500;0.249320;0.316430;-0.262330
8.595000;0.264380;0.306270;-0.256120
8.595500;0.238320;0.290510;-0.248470
8.596000;0.218780;0.270790;-0.205850
8.596500;0.196840;0.245210;-0.167660
8.597000;0.145810;0.225820;-0.125770
8.597500;0.107410;0.194520;-0.087728
8.598000;0.054098;0.171790;-0.048342
8.598500;-0.018077;0.166530;-0.003690
8.599000;-0.091326;0.145730;0.026970
8.599500;-0.165910;0.133450;0.046748
8.600000;-0.204720;0.115230;0.040341
8.600500;-0.239990;0.106120;0.025037
8.601000;-0.262030;0.098286;-0.016851
8.601500;-0.245750;0.077092;-0.071871
8.602000;-0.214610;0.067695;-0.149130
8.602500;-0.184900;0.063101;-0.240130
8.603000;-0.141940;0.052402;-0.320440
8.603500;-0.085554;0.040268;-0.417790
8.604000;-0.029113;0.035269;-0.503330
8.604500;0.012596;0.038463;-0.577420
8.605000;0.047536;0.041273;-0.654760
8.605500;0.072231;0.039729;-0.715700
8.606000;0.089385;0.033076;-0.782620
8.606500;0.077975;0.030670;-0.819390
8.607000;0.032277;0.035408;-0.836470
8.607500;-0.021427;0.031263;-0.822860
8.608000;-0.094278;0.015991;-0.779910
8.608500;-0.164200;-0.004633;-0.723750
8.609000;-0.269560;0.000806;-0.652780
8.609500;-0.348910;-0.017125;-0.578650
8.610000;-0.413140;-0.028830;-0.494420
8.610500;-0.464890;-0.047945;-0.424520
8.611000;-0.488480;-0.034545;-0.350590
8.611500;-0.472600;-0.058244;-0.311550
8.612000;-0.439850;-0.057474;-0.276270
8.612500;-0.392590;-0.060681;-0.272530
8.613000;-0.325560;-0.049530;-0.276430
8.613500;-0.253470;-0.017604;-0.294360
8.614000;-0.169630;-0.003932;-0.301260
8.614500;-0.090093;0.019616;-0.339770
8.615000;-0.005548;0.025004;-0.393630
8.615500;0.070939;0.030614;-0.453930
8.616000;0.113020;0.021940;-0.516870
8.616500;0.124810;0.015945;-0.585810
8.617000;0.136380;-0.000443;-0.636900
8.617500;0.112790;-0.015023;-0.665820
8.618000;0.077974;-0.011551;-0.686610
8.618500;0.042502;-0.036950;-0.688720
8.619000;-0.023375;-0.022245;-0.689800
8.619500;-0.044397;-0.027939;-0.682960
8.620000;-0.087453;-0.023431;-0.670890
8.620500;-0.124210;-0.008806;-0.664360
8.621000;-0.152510;0.009963;-0.649660
8.621500;-0.189780;0.029325;-0.630350
8.622000;-0.262610;0.046234;-0.588730
8.622500;-0.343320;0.075572;-0.554680
8.623000;-0.349620;0.079047;-0.570080
8.623500;-0.280190;0.069925;-0.602550
8.624000;-0.197580;0.061906;-0.637700
8.624500;-0.111370;0.040093;-0.676890
8.625000;-0.014266;0.019730;-0.698050
8.625500;0.071507;-0.004382;-0.707430
8.626000;0.128890;-0.020528;-0.718440
8.626500;0.175800;-0.053313;-0.705260
8.627000;0.168560;-0.078162;-0.677780
8.627500;0.110990;-0.082977;-0.636220
8.628000;0.072145;-0.113780;-0.595480
8.628500;0.018802;-0.163920;-0.580500
8.629000;-0.035444;-0.171380;-0.563020
8.629500;-0.114000;-0.180810;-0.587230
8.630000;-0.136900;-0.225460;-0.590640
8.630500;-0.145480;-0.231190;-0.589160
8.631000;-0.165030;-0.217370;-0.616040
8.631500;-0.132870;-0.227380;-0.620670
8.632000;-0.084172;-0.228050;-0.654480
8.632500;-0.009594;-0.201600;-0.654950
8.633000;0.081972;-0.176110;-0.658790
8.633500;0.208280;-0.165070;-0.639200
8.634000;0.300770;-0.133160;-0.633860
8.634500;0.395710;-0.122790;-0.622710
8.635000;0.483000;-0.121590;-0.583210
8.635500;0.529820;-0.087191;-0.555510
8.636000;0.539850;-0.076770;-0.495480
8.636500;0.528450;-0.089508;-0.426170
8.637000;0.459170;-0.083257;-0.353460
8.637500;0.346130;-0.085629;-0.264800
8.638000;0.239570;-0.100690;-0.165470
8.638500;0.131160;-0.089901;-0.092684
8.639000;0.039956;-0.110470;-0.019099
8.639500;-0.014853;-0.130830;0.039803
8.640000;-0.066024;-0.119540;0.056195
8.640500;-0.069843;-0.142130;0.062604
8.641000;-0.034435;-0.164440;0.061970
8.641500;-0.008369;-0.147840;0.028269
8.642000;0.049127;-0.144800;-0.008349
8.642500;0.115600;-0.146650;-0.040631
8.643000;0.167490;-0.134670;-0.069720
8.643500;0.233150;-0.139120;-0.091352
8.644000;0.296220;-0.142240;-0.111040
8.644500;0.338520;-0.136740;-0.111090
8.645000;0.374040;-0.142780;-0.092334
8.645500;0.397320;-0.142300;-0.058558
8.646000;0.375570;-0.139010;-0.015791
8.646500;0.328990;-0.128810;0.042388
8.647000;0.277120;-0.143390;0.096119
8.647500;0.197780;-0.146390;0.153770
8.648000;0.103730;-0.151080;0.199020
8.648500;-0.012389;-0.153750;0.250700
8.649000;-0.143900;-0.146100;0.285520
8.649500;-0.270390;-0.144890;0.305650
8.650000;-0.370530;-0.152670;0.320360
8.650500;-0.457270;-0.156450;0.338580
8.651000;-0.507850;-0.155590;0.342370
8.651500;-0.520460;-0.164230;0.341740
8.652000;-0.512670;-0.167550;0.339910
8.652500;-0.491740;-0.177340;0.343120
8.653000;-0.462350;-0.178040;0.357170
8.653500;-0.421260;-0.170010;0.362720
8.654000;-0.372230;-0.172250;0.355910
8.654500;-0.333270;-0.164280;0.344550
8.655000;-0.286180;-0.168780;0.323430
8.655500;-0.231230;-0.171540;0.302400
8.656000;-0.180450;-0.178250;0.287990
8.656500;-0.140420;-0.174370;0.274300
8.657000;-0.108130;-0.164340;0.254070
8.657500;-0.088564;-0.152190;0.255380
8.658000;-0.068264;-0.149360;0.264590
8.658500;-0.061787;-0.130230;0.294480
8.659000;-0.063468;-0.111220;0.331470
8.659500;-0.087043;-0.098436;0.385800
8.660000;-0.128210;-0.075846;0.449300
8.660500;-0.198110;-0.057600;0.531560
8.661000;-0.279160;-0.035731;0.600220
8.661500;-0.367820;-0.004487;0.653320
8.662000;-0.458560;0.020920;0.688060
8.662500;-0.529040;0.037355;0.691620
8.663000;-0.579580;0.060463;0.664770
8.663500;-0.591940;0.075462;0.618490
8.664000;-0.594310;0.104990;0.548830
8.664500;-0.558710;0.125190;0.461010
8.665000;-0.487370;0.139260;0.364390
8.665500;-0.388710;0.153990;0.265750
8.666000;-0.281800;0.182240;0.170810
8.666500;-0.169720;0.215770;0.066730
8.667000;-0.040300;0.226330;-0.006305
8.667500;0.096231;0.231090;-0.072584
8.668000;0.214330;0.230150;-0.125610
8.668500;0.319070;0.216480;-0.162390
8.669000;0.390920;0.202010;-0.195490
8.669500;0.407440;0.192300;-0.200080
8.670000;0.371830;0.189650;-0.180890
8.670500;0.293640;0.180350;-0.155130
8.671000;0.173220;0.163770;-0.132700
8.671500;0.009971;0.153280;-0.095087
8.672000;-0.170390;0.145920;-0.059398
8.672500;-0.332060;0.136660;-0.025328
8.673000;-0.469970;0.124340;0.008369
8.673500;-0.561690;0.117140;0.033854
8.674000;-0.604420;0.105060;0.048014
8.674500;-0.590810;0.104370;0.036059
8.675000;-0.538310;0.091392;0.009786
8.675500;-0.440820;0.075121;-0.009596
8.676000;-0.310670;0.076390;-0.037642
8.676500;-0.158710;0.074449;-0.060484
8.677000;0.001853;0.058697;-0.087839
8.677500;0.158590;0.040638;-0.104890
8.678000;0.287920;0.046195;-0.123450
8.678500;0.410410;0.028241;-0.140110
8.679000;0.502440;0.004573;-0.137790
8.679500;0.516470;-0.002585;-0.132180
8.680000;0.478100;-0.011310;-0.116030
8.680500;0.412220;-0.026399;-0.090772
8.681000;0.292170;-0.031692;-0.065514
8.681500;0.164290;-0.031431;-0.045628
8.682000;0.040925;-0.028547;-0.014556
8.682500;-0.071984;-0.023894;0.003712
8.683000;-0.131940;-0.021752;0.017042
8.683500;-0.162800;0.003349;0.006135
8.684000;-0.147280;0.016589;-0.005893
8.684500;-0.094180;0.012201;-0.036996
8.685000;-0.041821;0.042400;-0.040604
8.685500;0.031683;0.055405;-0.056366
8.686000;0.113060;0.068306;-0.057006
8.686500;0.173900;0.072053;-0.046537
8.687000;0.247450;0.096787;-0.030233
8.687500;0.298690;0.116080;-0.011964
8.688000;0.311990;0.125070;0.015424
8.688500;0.312260;0.138650;0.059310
8.689000;0.281860;0.136980;0.087199
8.689500;0.253870;0.127290;0.137780
8.690000;0.200790;0.137260;0.180960
8.690500;0.148880;0.132330;0.229550
8.691000;0.070771;0.141860;0.270780
8.691500;0.017580;0.133900;0.328230
8.692000;0.024197;0.102090;0.378450
8.692500;0.028541;0.112490;0.400730
8.693000;0.055750;0.120550;0.387310
8.693500;0.117090;0.109260;0.379810
8.694000;0.180700;0.111110;0.361760
8.694500;0.228020;0.136030;0.360060
8.695000;0.278510;0.149550;0.356940
8.695500;0.297540;0.168870;0.366740
8.696000;0.309530;0.187870;0.371400
8.696500;0.266050;0.219740;0.390520
8.697000;0.209630;0.225630;0.426210
8.697500;0.157070;0.207140;0.477210
8.698000;0.066898;0.196500;0.528770
8.698500;-0.069123;0.199000;0.550820
8.699000;-0.221870;0.156780;0.595280
8.699500;-0.342890;0.103430;0.681510
8.700000;-0.474950;0.066509;0.778640
8.700500;-0.596390;0.041906;0.862710
8.701000;-0.680490;0.002364;0.933460
8.701500;-0.724800;-0.033118;1.003300
8.702000;-0.773140;-0.046077;1.057900
8.702500;-0.796700;-0.054562;1.091400
8.703000;-0.782870;-0.058113;1.091100
8.703500;-0.735210;-0.054143;1.061200
8.704000;-0.674780;-0.036366;1.004400
8.704500;-0.600200;-0.027320;0.929070
8.705000;-0.494200;-0.027723;0.860430
8.705500;-0.382920;-0.010569;0.783560
8.706000;-0.287810;0.018675;0.690030
8.706500;-0.188430;0.018805;0.604260
8.707000;-0.090665;0.001032;0.553920
8.707500;-0.030711;-0.003541;0.544430
8.708000;0.006993;-0.019451;0.561210
8.708500;0.018686;-0.029326;0.602000
8.709000;-0.009122;-0.041873;0.645830
8.709500;-0.051734;-0.050726;0.692290
8.710000;-0.127160;-0.062305;0.742880
8.710500;-0.183190;-0.082778;0.802790
8.711000;-0.234620;-0.075088;0.838670
8.711500;-0.294660;-0.079770;0.831300
8.712000;-0.323000;-0.074777;0.798210
8.712500;-0.324750;-0.084379;0.720310
8.713000;-0.320630;-0.072701;0.654380
8.713500;-0.282960;-0.081496;0.572310
8.714000;-0.232060;-0.065295;0.473450
8.714500;-0.134220;-0.065823;0.332510
8.715000;-0.003048;-0.064785;0.173350
8.715500;0.135120;-0.090243;-0.013736
8.716000;0.306550;-0.093457;-0.172070
8.716500;0.455250;-0.095601;-0.323820
8.717000;0.581510;-0.067886;-0.446040
8.717500;0.676830;-0.074614;-0.566800
8.718000;0.737400;-0.070752;-0.660540
8.718500;0.763650;-0.039112;-0.733700
8.719000;0.765060;-0.061397;-0.778950
8.719500;0.747910;-0.072948;-0.765630
8.720000;0.687510;-0.068451;-0.762910
8.720500;0.626030;-0.084328;-0.717300
8.721000;0.507350;-0.073447;-0.704500
8.721500;0.394440;-0.105240;-0.647440
8.722000;0.234680;-0.104440;-0.574650
8.722500;0.096785;-0.110080;-0.481130
8.723000;-0.059820;-0.117410;-0.398860
8.723500;-0.198110;-0.110450;-0.353810
8.724000;-0.286970;-0.132960;-0.357950
8.724500;-0.353420;-0.125430;-0.384690
8.725000;-0.387570;-0.138010;-0.411390
8.725500;-0.379770;-0.102440;-0.461170
8.726000;-0.346900;-0.099007;-0.540940
8.726500;-0.287970;-0.041543;-0.621470
8.727000;-0.184640;-0.066870;-0.715150
8.727500;-0.079566;-0.017992;-0.769510
8.728000;0.060633;-0.096632;-0.795820
8.728500;0.172160;-0.090092;-0.772010
8.729000;0.265430;-0.086707;-0.794810
8.729500;0.349960;-0.131740;-0.769950
8.730000;0.353510;-0.094354;-0.759570
8.730500;0.356290;-0.111630;-0.732010
8.731000;0.317480;-0.100330;-0.709480
8.731500;0.295740;-0.109120;-0.692610
8.732000;0.266540;-0.100840;-0.679280
8.732500;0.235350;-0.085785;-0.688220
8.733000;0.207110;-0.076056;-0.697510
8.733500;0.200460;-0.043918;-0.718570
8.734000;0.201330;-0.011066;-0.732750
8.734500;0.184930;0.016975;-0.741460
8.735000;0.207890;0.036005;-0.759760
8.735500;0.247280;0.056969;-0.767790
8.736000;0.278220;0.055133;-0.775820
8.736500;0.305830;0.077082;-0.773940
8.737000;0.342690;0.078634;-0.791910
8.737500;0.382090;0.070123;-0.792200
8.738000;0.398550;0.069390;-0.819920
8.738500;0.401890;0.048883;-0.837170
8.739000;0.425550;0.017562;-0.864380
8.739500;0.440100;-0.025065;-0.881300
8.740000;0.425620;-0.050258;-0.865700
8.740500;0.391850;-0.082311;-0.858130
8.741000;0.352560;-0.111140;-0.821460
8.741500;0.304770;-0.119670;-0.791300
8.742000;0.241340;-0.117640;-0.755130
8.742500;0.209480;-0.125460;-0.745120
8.743000;0.201590;-0.145010;-0.756330
8.743500;0.197410;-0.158800;-0.768700
8.744000;0.197920;-0.175380;-0.794200
8.744500;0.193310;-0.177170;-0.816230
8.745000;0.189350;-0.200880;-0.832120
8.745500;0.175390;-0.218270;-0.826960
8.746000;0.126110;-0.215180;-0.842580
8.746500;0.075008;-0.221040;-0.838740
8.747000;0.022470;-0.225970;-0.833040
8.747500;-0.039234;-0.241950;-0.826080
8.748000;-0.090235;-0.266760;-0.809830
8.748500;-0.134890;-0.289430;-0.785980
8.749000;-0.186060;-0.315380;-0.756670
8.749500;-0.242190;-0.336430;-0.704420
8.750000;-0.308850;-0.366700;-0.643170
8.750500;-0.385980;-0.382880;-0.571400
8.751000;-0.444710;-0.405180;-0.499610
8.751500;-0.495110;-0.417140;-0.429970
8.752000;-0.523930;-0.423620;-0.376220
8.752500;-0.518240;-0.463200;-0.321340
8.753000;-0.504040;-0.486450;-0.264370
8.753500;-0.508330;-0.444790;-0.232340
8.754000;-0.472280;-0.437240;-0.204290
8.754500;-0.418560;-0.519930;-0.199080
8.755000;-0.409730;-0.447630;-0.194910
8.755500;-0.397240;-0.446620;-0.283420
8.756000;-0.344680;-0.466840;-0.309400
8.756500;-0.282460;-0.454650;-0.341480
8.757000;-0.261350;-0.427120;-0.390300
8.757500;-0.196860;-0.454140;-0.411460
8.758000;-0.146310;-0.460340;-0.443670
8.758500;-0.114530;-0.419130;-0.459350
8.759000;-0.085844;-0.439440;-0.461130
8.759500;-0.077076;-0.451990;-0.406650
8.760000;-0.079660;-0.436120;-0.337020
8.760500;-0.083569;-0.418180;-0.271040
8.761000;-0.110660;-0.406770;-0.223850
8.761500;-0.127740;-0.390990;-0.166970
8.762000;-0.158990;-0.367130;-0.125130
8.762500;-0.194790;-0.348850;-0.077374
8.763000;-0.240320;-0.302650;-0.034676
8.763500;-0.267160;-0.287600;-0.026183
8.764000;-0.296990;-0.257300;-0.015632
8.764500;-0.314030;-0.221630;-0.018459
8.765000;-0.295810;-0.204690;-0.019132
8.765500;-0.260050;-0.180890;-0.015679
8.766000;-0.226200;-0.126960;-0.048162
8.766500;-0.146620;-0.089253;-0.107240
8.767000;-0.050409;-0.062885;-0.186800
8.767500;0.046568;-0.007328;-0.274280
8.768000;0.147480;0.027497;-0.359880
8.768500;0.250350;0.063055;-0.434860
8.769000;0.317850;0.102400;-0.513650
8.769500;0.382190;0.132410;-0.577360
8.770000;0.405480;0.169320;-0.637790
8.770500;0.414570;0.179670;-0.672440
8.771000;0.406610;0.184330;-0.688580
8.771500;0.354940;0.210590;-0.708370
8.772000;0.298390;0.216920;-0.711400
8.772500;0.225030;0.233370;-0.712080
8.773000;0.143510;0.224640;-0.711410
8.773500;0.052913;0.227110;-0.690700
8.774000;-0.040872;0.232920;-0.689800
8.774500;-0.127190;0.246490;-0.677610
8.775000;-0.197610;0.256030;-0.672560
8.775500;-0.235710;0.268470;-0.668540
8.776000;-0.246950;0.287310;-0.686160
8.776500;-0.223200;0.290390;-0.705890
8.777000;-0.164220;0.290670;-0.708670
8.777500;-0.080826;0.293700;-0.707630
8.778000;0.024519;0.293510;-0.690090
8.778500;0.141180;0.297910;-0.679510
8.779000;0.253550;0.284980;-0.677560
8.779500;0.343050;0.306130;-0.682450
8.780000;0.409680;0.307000;-0.679970
8.780500;0.466530;0.308820;-0.646600
8.781000;0.493900;0.314530;-0.603060
8.781500;0.517250;0.279570;-0.539490
8.782000;0.509470;0.269170;-0.481580
8.782500;0.497940;0.230630;-0.430570
8.783000;0.446270;0.224930;-0.334550
8.783500;0.380520;0.258550;-0.274730
8.784000;0.348890;0.245210;-0.177820
8.784500;0.274530;0.279380;-0.107630
8.785000;0.257690;0.289940;-0.043614
8.785500;0.218580;0.309330;-0.004282
8.786000;0.203930;0.322120;0.028435
8.786500;0.228250;0.297040;0.110940
8.787000;0.233950;0.336240;0.132520
8.787500;0.245150;0.333260;0.162410
8.788000;0.252150;0.308330;0.185810
8.788500;0.217930;0.343950;0.189720
8.789000;0.188690;0.353450;0.189720
8.789500;0.162760;0.366210;0.203860
8.790000;0.125580;0.366310;0.216070
8.790500;0.108730;0.350180;0.230260
8.791000;0.112540;0.337170;0.244160
8.791500;0.102980;0.341570;0.232740
8.792000;0.114480;0.354220;0.234680
8.792500;0.148700;0.342750;0.246920
8.793000;0.145280;0.380410;0.277230
8.793500;0.147150;0.397700;0.286710
8.794000;0.148480;0.380100;0.303130
8.794500;0.129930;0.394600;0.307610
8.795000;0.101310;0.396920;0.366940
8.795500;0.052124;0.387880;0.443260
8.796000;-0.017500;0.399830;0.506000
8.796500;-0.114060;0.408010;0.556200
8.797000;-0.201050;0.420830;0.623800
8.797500;-0.314080;0.402810;0.649460
8.798000;-0.416540;0.382220;0.713550
8.798500;-0.515480;0.349370;0.783180
8.799000;-0.643630;0.386440;0.820770
8.799500;-0.765810;0.390370;0.849440
8.800000;-0.847230;0.384890;0.880460
8.800500;-0.919250;0.380730;0.905310
8.801000;-0.969790;0.369830;0.930450
8.801500;-0.980070;0.364700;0.991730
8.802000;-0.959450;0.373720;1.014600
8.802500;-0.911930;0.368770;1.060600
8.803000;-0.833980;0.380100;1.078200
8.803500;-0.739340;0.386060;1.095900
8.804000;-0.640360;0.396070;1.127000
8.804500;-0.541540;0.402940;1.164100
8.805000;-0.458480;0.427410;1.187000
8.805500;-0.377060;0.447460;1.195400
8.806000;-0.293010;0.485550;1.161400
8.806500;-0.232240;0.516750;1.117400
8.807000;-0.161650;0.526680;1.066500
8.807500;-0.095045;0.533170;1.013400
8.808000;-0.063313;0.552830;0.951760
8.808500;-0.031302;0.575350;0.891350
8.809000;-0.034133;0.588970;0.839850
8.809500;-0.034797;0.592330;0.806830
8.810000;-0.054623;0.590640;0.792630
8.810500;-0.096723;0.600800;0.775080
8.811000;-0.169090;0.607080;0.761280
8.811500;-0.220200;0.592720;0.755110
8.812000;-0.275130;0.574680;0.747370
8.812500;-0.330480;0.571230;0.740240
8.813000;-0.364120;0.560890;0.732450
8.813500;-0.386420;0.548820;0.723220
8.814000;-0.412370;0.525750;0.723690
8.814500;-0.410780;0.499980;0.715200
8.815000;-0.404900;0.459990;0.715990
8.815500;-0.393850;0.437930;0.740620
8.816000;-0.377090;0.403660;0.754920
8.816500;-0.343520;0.366830;0.794430
8.817000;-0.305980;0.334950;0.815780
8.817500;-0.258420;0.315760;0.833170
8.818000;-0.203670;0.295360;0.828050
8.818500;-0.145150;0.284010;0.782600
8.819000;-0.067238;0.252930;0.726770
8.819500;0.005331;0.227850;0.661120
8.820000;0.047172;0.225330;0.605750
8.820500;0.095163;0.212310;0.555500
8.821000;0.126500;0.212560;0.518220
8.821500;0.116020;0.213810;0.477360
8.822000;0.088246;0.215960;0.432420
8.822500;0.042569;0.215680;0.389290
8.823000;-0.013529;0.212020;0.358740
8.823500;-0.064572;0.177980;0.446390
8.824000;-0.183440;0.271290;0.330300
8.824500;-0.215290;0.251890;0.246170
8.825000;-0.322340;0.199300;0.274510
8.825500;-0.373310;0.177250;0.248130
8.826000;-0.414350;0.188990;0.246230
8.826500;-0.436520;0.168160;0.211290
8.827000;-0.426630;0.152160;0.185610
8.827500;-0.363240;0.139850;0.132720
8.828000;-0.285730;0.123110;0.080039
8.828500;-0.206730;0.115580;0.023461
8.829000;-0.095870;0.094497;-0.024072
8.829500;0.004766;0.078064;-0.078906
8.830000;0.066656;0.068704;-0.118940
8.830500;0.111210;0.074653;-0.133180
8.831000;0.163070;0.040386;-0.167870
8.831500;0.202730;0.051584;-0.212990
8.832000;0.321240;0.041562;-0.297420
8.832500;0.439750;0.040490;-0.379530
8.833000;0.522860;0.041819;-0.450400
8.833500;0.617960;0.048063;-0.533670
8.834000;0.669150;0.070598;-0.592700
8.834500;0.729350;0.093647;-0.679900
8.835000;0.754020;0.104820;-0.738970
8.835500;0.719170;0.128920;-0.757180
8.836000;0.684740;0.137030;-0.791710
8.836500;0.640100;0.144950;-0.829190
8.837000;0.586780;0.154390;-0.864960
8.837500;0.529790;0.147210;-0.901040
8.838000;0.454130;0.142010;-0.920830
8.838500;0.377360;0.148160;-0.941900
8.839000;0.321960;0.153900;-0.948930
8.839500;0.283440;0.142280;-0.974300
8.840000;0.269840;0.146410;-1.009600
8.840500;0.270730;0.140350;-1.063600
8.841000;0.289700;0.152590;-1.122000
8.841500;0.319560;0.159460;-1.210100
8.842000;0.383790;0.148400;-1.293800
8.842500;0.435050;0.152750;-1.396300
8.843000;0.504130;0.147770;-1.483200
8.843500;0.581990;0.111100;-1.531700
8.844000;0.648890;0.081969;-1.537700
8.844500;0.695400;0.091691;-1.513200
8.845000;0.747600;0.022130;-1.472100
8.845500;0.752700;0.020484;-1.399200
8.846000;0.736760;-0.034258;-1.354700
8.846500;0.672730;-0.064881;-1.289300
8.847000;0.582330;-0.091657;-1.202900
8.847500;0.451690;-0.134340;-1.115200
8.848000;0.306690;-0.181850;-1.023500
8.848500;0.135760;-0.205920;-0.939240
8.849000;-0.039299;-0.212200;-0.866640
8.849500;-0.227410;-0.223880;-0.811430
8.850000;-0.376060;-0.240730;-0.756740
8.850500;-0.504090;-0.250740;-0.719110
8.851000;-0.598320;-0.265600;-0.690440
8.851500;-0.646960;-0.288460;-0.671260
8.852000;-0.651230;-0.307170;-0.644210
8.852500;-0.628760;-0.348930;-0.598170
8.853000;-0.601330;-0.358810;-0.538890
8.853500;-0.561820;-0.377290;-0.476490
8.854000;-0.497470;-0.405450;-0.433430
8.854500;-0.439620;-0.410910;-0.385380
8.855000;-0.390580;-0.415780;-0.393090
8.855500;-0.352750;-0.406360;-0.412840
8.856000;-0.310590;-0.411860;-0.440860
8.856500;-0.277830;-0.401910;-0.454760
8.857000;-0.230970;-0.403610;-0.461320
8.857500;-0.203870;-0.401020;-0.463440
8.858000;-0.168840;-0.411010;-0.453740
8.858500;-0.154800;-0.415380;-0.431160
8.859000;-0.148750;-0.417970;-0.390260
8.859500;-0.156000;-0.432700;-0.335410
8.860000;-0.143260;-0.448960;-0.289700
8.860500;-0.134650;-0.461760;-0.246130
8.861000;-0.119880;-0.490740;-0.207940
8.861500;-0.122440;-0.508290;-0.159680
8.862000;-0.145070;-0.521400;-0.112090
8.862500;-0.164080;-0.534110;-0.065903
8.863000;-0.174960;-0.537140;-0.013353
8.863500;-0.170640;-0.542320;0.018372
8.864000;-0.146490;-0.528620;0.036034
8.864500;-0.116920;-0.539840;0.032709
8.865000;-0.069529;-0.537200;0.030629
8.865500;-0.005267;-0.552720;0.036125
8.866000;0.038890;-0.548340;0.044895
8.866500;0.065300;-0.552430;0.010933
8.867000;0.090815;-0.565460;0.001868
8.867500;0.100990;-0.564690;-0.012767
8.868000;0.078060;-0.569080;0.000318
8.868500;0.070845;-0.595830;0.038668
8.869000;0.069700;-0.603050;0.073260
8.869500;0.079876;-0.618000;0.117150
8.870000;0.094286;-0.618430;0.126200
8.870500;0.078541;-0.614060;0.137460
8.871000;0.081261;-0.605950;0.134580
8.871500;0.081364;-0.581280;0.112600
8.872000;0.055591;-0.552280;0.072697
8.872500;0.061961;-0.522700;0.014996
8.873000;0.060561;-0.493680;-0.060332
8.873500;0.070282;-0.460260;-0.144520
8.874000;0.095901;-0.461780;-0.220120
8.874500;0.110250;-0.438200;-0.281330
8.875000;0.140370;-0.436620;-0.338910
8.875500;0.164250;-0.427440;-0.376360
8.876000;0.189920;-0.430810;-0.433680
8.876500;0.209150;-0.432130;-0.471820
8.877000;0.231440;-0.441760;-0.501500
8.877500;0.247480;-0.446690;-0.512630
8.878000;0.260070;-0.448770;-0.516920
8.878500;0.272250;-0.450560;-0.562270
8.879000;0.273410;-0.442840;-0.615190
8.879500;0.294170;-0.441630;-0.673110
8.880000;0.303680;-0.419170;-0.696020
8.880500;0.315630;-0.397320;-0.729220
8.881000;0.351310;-0.382660;-0.736470
8.881500;0.378160;-0.356910;-0.745220
8.882000;0.429810;-0.338880;-0.735070
8.882500;0.492770;-0.326760;-0.727870
8.883000;0.570920;-0.320320;-0.703790
8.883500;0.634010;-0.311880;-0.668840
8.884000;0.706770;-0.308820;-0.672790
8.884500;0.741140;-0.301710;-0.651360
8.885000;0.749820;-0.281060;-0.657630
8.885500;0.743220;-0.270300;-0.641500
8.886000;0.704970;-0.257530;-0.640910
8.886500;0.636760;-0.258710;-0.627060
8.887000;0.541930;-0.231360;-0.616540
8.887500;0.446650;-0.219310;-0.598210
8.888000;0.363130;-0.221150;-0.571650
8.888500;0.279000;-0.223730;-0.535600
8.889000;0.182850;-0.218640;-0.495660
8.889500;0.105850;-0.201460;-0.463800
8.890000;0.036659;-0.212580;-0.424110
8.890500;-0.030398;-0.188020;-0.370990
8.891000;-0.042136;-0.199270;-0.317510
8.891500;-0.019537;-0.196410;-0.276380
8.892000;0.002993;-0.200480;-0.252710
8.892500;0.046816;-0.191380;-0.241770
8.893000;0.092951;-0.191760;-0.237290
8.893500;0.135050;-0.178660;-0.216640
8.894000;0.164650;-0.173280;-0.198100
8.894500;0.164620;-0.149900;-0.164960
8.895000;0.152000;-0.152150;-0.147550
8.895500;0.112480;-0.159150;-0.134600
8.896000;0.041044;-0.148730;-0.115930
8.896500;-0.072429;-0.111390;-0.115340
8.897000;-0.180530;-0.111550;-0.103090
8.897500;-0.280510;-0.116790;-0.100040
8.898000;-0.405890;-0.108630;-0.112270
8.898500;-0.499350;-0.121050;-0.115030
8.899000;-0.571330;-0.142280;-0.137180
8.899500;-0.651170;-0.117620;-0.146770
8.900000;-0.700600;-0.129260;-0.155300
8.900500;-0.714830;-0.126250;-0.143800
8.901000;-0.730180;-0.120390;-0.177350
8.901500;-0.694420;-0.117450;-0.189780
8.902000;-0.652110;-0.117690;-0.248390
8.902500;-0.581150;-0.113220;-0.284360
8.903000;-0.499570;-0.096078;-0.312780
8.903500;-0.415320;-0.077319;-0.346220
8.904000;-0.355900;-0.051842;-0.380540
8.904500;-0.263970;-0.073209;-0.412860
8.905000;-0.241790;-0.018750;-0.476000
8.905500;-0.176860;-0.020425;-0.522270
8.906000;-0.139140;-0.024538;-0.548790
8.906500;-0.102530;-0.009349;-0.580380
8.907000;-0.092832;0.028322;-0.592990
8.907500;-0.070553;-0.008421;-0.625860
8.908000;-0.083543;0.000556;-0.626360
8.908500;-0.112750;0.024116;-0.635680
8.909000;-0.148720;0.016216;-0.620060
8.909500;-0.199390;0.019544;-0.572180
8.910000;-0.239480;0.040062;-0.558970
8.910500;-0.297480;0.074703;-0.564060
8.911000;-0.333150;0.086590;-0.578150
8.911500;-0.343060;0.073931;-0.595980
8.912000;-0.346870;0.091737;-0.622620
8.912500;-0.331320;0.071400;-0.633690
8.913000;-0.332520;0.100540;-0.656340
8.913500;-0.317760;0.113900;-0.687460
8.914000;-0.305400;0.135850;-0.714850
8.914500;-0.281110;0.133330;-0.731900
8.915000;-0.267750;0.135700;-0.717000
8.915500;-0.252660;0.145410;-0.720590
8.916000;-0.239970;0.148390;-0.710130
8.916500;-0.222300;0.159790;-0.684010
8.917000;-0.198600;0.157980;-0.646280
8.917500;-0.194060;0.163910;-0.611550
8.918000;-0.203560;0.188790;-0.587140
8.918500;-0.217350;0.172120;-0.561120
8.919000;-0.250500;0.219250;-0.529710
8.919500;-0.293280;0.249540;-0.545420
8.920000;-0.338530;0.259950;-0.546880
8.920500;-0.369610;0.262460;-0.520930
8.921000;-0.432370;0.335390;-0.506130
8.921500;-0.399810;0.310840;-0.470120
8.922000;-0.427920;0.329510;-0.466710
8.922500;-0.388740;0.365990;-0.430410
8.923000;-0.352980;0.358290;-0.439160
8.923500;-0.295390;0.339490;-0.403790
8.924000;-0.231440;0.338370;-0.347650
8.924500;-0.218450;0.418570;-0.343880
8.925000;-0.171770;0.381950;-0.290520
8.925500;-0.147950;0.384510;-0.221780
8.926000;-0.139580;0.416250;-0.168810
8.926500;-0.117240;0.442730;-0.119220
8.927000;-0.063233;0.437480;-0.080201
8.927500;-0.024639;0.445770;-0.055766
8.928000;0.003104;0.466450;-0.053098
8.928500;0.045433;0.454270;-0.040455
8.929000;0.088060;0.444540;-0.034104
8.929500;0.101370;0.476440;-0.033263
8.930000;0.125900;0.458760;-0.016685
8.930500;0.128480;0.467320;0.000540
8.931000;0.151560;0.475510;0.004657
8.931500;0.141890;0.503400;0.001550
8.932000;0.177040;0.496330;-0.009374
8.932500;0.230290;0.487350;-0.004704
8.933000;0.268190;0.509400;-0.032191
8.933500;0.317600;0.498930;-0.066332
8.934000;0.335590;0.502230;-0.112460
8.934500;0.319100;0.509630;-0.140530
8.935000;0.310170;0.520150;-0.164600
8.935500;0.303850;0.532860;-0.180420
8.936000;0.292580;0.541970;-0.182030
8.936500;0.290240;0.542080;-0.173050
8.937000;0.276300;0.556730;-0.139400
8.937500;0.271410;0.563770;-0.098391
8.938000;0.285830;0.559870;-0.037759
8.938500;0.298000;0.546000;0.038166
8.939000;0.274310;0.546850;0.113630
8.939500;0.266360;0.522340;0.160240
8.940000;0.265490;0.504290;0.201100
8.940500;0.273080;0.498020;0.229580
8.941000;0.233480;0.489130;0.254450
8.941500;0.172930;0.477760;0.273550
8.942000;0.106400;0.477170;0.264580
8.942500;0.062224;0.477420;0.246040
8.943000;0.009323;0.473810;0.244240
8.943500;-0.057518;0.487550;0.228020
8.944000;-0.091258;0.485020;0.215240
8.944500;-0.126000;0.496980;0.204990
8.945000;-0.144160;0.519070;0.163860
8.945500;-0.155220;0.531530;0.134940
8.946000;-0.163980;0.541560;0.128900
8.946500;-0.173970;0.571110;0.120400
8.947000;-0.166000;0.564470;0.112340
8.947500;-0.167770;0.562400;0.122050
8.948000;-0.179830;0.584630;0.117890
8.948500;-0.198400;0.574540;0.155020
8.949000;-0.247170;0.571490;0.201870
8.949500;-0.289460;0.523560;0.273170
8.950000;-0.390580;0.541240;0.321570
8.950500;-0.458730;0.562740;0.379360
8.951000;-0.547650;0.574690;0.406850
8.951500;-0.614050;0.588730;0.441170
8.952000;-0.690850;0.608700;0.446990
8.952500;-0.708140;0.625810;0.449470
8.953000;-0.683820;0.600200;0.438330
8.953500;-0.661180;0.613220;0.412230
8.954000;-0.582740;0.627750;0.366820
8.954500;-0.506040;0.650570;0.277690
8.955000;-0.414720;0.673900;0.217350
8.955500;-0.331450;0.676160;0.138050
8.956000;-0.259990;0.668260;0.077213
8.956500;-0.202220;0.664260;0.043234
8.957000;-0.167650;0.657250;0.023591
8.957500;-0.162750;0.639060;0.041826
8.958000;-0.148670;0.628200;0.039953
8.958500;-0.198170;0.635370;0.043500
8.959000;-0.208860;0.592030;0.050034
8.959500;-0.233140;0.588950;0.030801
8.960000;-0.246010;0.569510;0.022698
8.960500;-0.306060;0.565720;0.056676
8.961000;-0.353580;0.602920;0.036247
8.961500;-0.365840;0.605570;0.061375
8.962000;-0.354640;0.596650;0.060699
8.962500;-0.327790;0.595720;0.074862
8.963000;-0.313630;0.606690;0.083839
8.963500;-0.268800;0.599460;0.104810
8.964000;-0.210930;0.604170;0.093855
8.964500;-0.154650;0.607190;0.082839
8.965000;-0.102250;0.610210;0.055019
8.965500;-0.049847;0.609920;0.030093
8.966000;-0.045892;0.629590;-0.003652
8.966500;-0.054714;0.634200;-0.063587
8.967000;-0.079154;0.638140;-0.106710
8.967500;-0.114790;0.637980;-0.151720
8.968000;-0.152070;0.628210;-0.202000
8.968500;-0.207830;0.652400;-0.283950
8.969000;-0.212800;0.633310;-0.383900
8.969500;-0.214390;0.620350;-0.467410
8.970000;-0.204710;0.617120;-0.522200
8.970500;-0.178010;0.624940;-0.563200
8.971000;-0.120040;0.620510;-0.598000
8.971500;-0.048796;0.629830;-0.619130
8.972000;0.032098;0.634040;-0.650780
8.972500;0.123890;0.620860;-0.661200
8.973000;0.190230;0.601310;-0.641900
8.973500;0.192320;0.599410;-0.604060
8.974000;0.162290;0.576960;-0.551140
8.974500;0.183580;0.557380;-0.536710
8.975000;0.229790;0.582510;-0.689110
8.975500;0.223580;0.629790;-0.800870
8.976000;0.160020;0.668320;-0.864130
8.976500;0.055932;0.653560;-0.834160
8.977000;-0.027436;0.590580;-0.745040
8.977500;-0.086665;0.571880;-0.747520
8.978000;-0.120480;0.568980;-0.848380
8.978500;-0.115900;0.587700;-0.953110
8.979000;-0.107900;0.564630;-1.024600
8.979500;-0.108520;0.511520;-0.977940
8.980000;-0.087493;0.497540;-0.962690
8.980500;0.007697;0.469980;-1.034400
8.981000;0.145970;0.503160;-1.179300
8.981500;0.288550;0.494550;-1.329700
8.982000;0.422050;0.458500;-1.408100
8.982500;0.520190;0.413930;-1.470000
8.983000;0.594560;0.401590;-1.493600
8.983500;0.670530;0.432680;-1.559600
8.984000;0.721880;0.422410;-1.615400
8.984500;0.703950;0.420210;-1.571500
8.985000;0.662460;0.409760;-1.523100
8.985500;0.600940;0.403030;-1.439700
8.986000;0.523210;0.389630;-1.350600
8.986500;0.443730;0.376220;-1.246500
8.987000;0.350550;0.374740;-1.140300
8.987500;0.252270;0.335010;-1.058600
8.988000;0.108750;0.320920;-0.949980
8.988500;-0.023901;0.273860;-0.854070
8.989000;-0.170870;0.257950;-0.769120
8.989500;-0.295580;0.255000;-0.715650
8.990000;-0.384170;0.239260;-0.645050
8.990500;-0.425030;0.210300;-0.601440
8.991000;-0.428740;0.211690;-0.572000
8.991500;-0.376770;0.206290;-0.557920
8.992000;-0.248020;0.178890;-0.553820
8.992500;-0.105570;0.199630;-0.547060
8.993000;0.032179;0.200220;-0.556230
8.993500;0.149750;0.221560;-0.541140
8.994000;0.248500;0.225940;-0.492340
8.994500;0.307090;0.253590;-0.442650
8.995000;0.328870;0.263630;-0.366360
8.995500;0.317960;0.268500;-0.284980
8.996000;0.277000;0.266080;-0.208740
8.996500;0.200370;0.278470;-0.138490
8.997000;0.117780;0.268530;-0.059596
8.997500;0.017084;0.254550;0.028690
8.998000;-0.080385;0.235040;0.122000
8.998500;-0.170460;0.206160;0.219370
8.999000;-0.253560;0.204380;0.323390
8.999500;-0.336850;0.219060;0.420720
9.000000;-0.390160;0.227500;0.507830
9.000500;-0.436940;0.237210;0.551070
9.001000;-0.433530;0.230060;0.567260
9.001500;-0.413100;0.237760;0.542030
9.002000;-0.356160;0.234880;0.486280
9.002500;-0.276220;0.226120;0.420940
9.003000;-0.176140;0.216210;0.350540
9.003500;-0.079088;0.209800;0.285410
9.004000;0.013977;0.207160;0.206680
9.004500;0.099779;0.193370;0.138970
9.005000;0.173560;0.188540;0.091882
9.005500;0.217220;0.182020;0.046611
9.006000;0.242600;0.176130;0.007713
9.006500;0.235880;0.177750;-0.041692
9.007000;0.222970;0.187120;-0.098833
9.007500;0.194270;0.181050;-0.155800
9.008000;0.164020;0.178560;-0.206290
9.008500;0.123420;0.221440;-0.239370
9.009000;0.098844;0.179100;-0.280570
9.009500;0.097756;0.165410;-0.288290
9.010000;0.095874;0.152150;-0.274830
9.010500;0.117460;0.144630;-0.257750
9.011000;0.099297;0.128350;-0.216910
9.011500;0.099585;0.101310;-0.151870
9.012000;0.073601;0.114190;-0.078713
9.012500;0.048668;0.118920;-0.000406
9.013000;0.039613;0.120310;0.076932
9.013500;0.019259;0.122100;0.117630
9.014000;0.010538;0.138930;0.135440
9.014500;0.023416;0.151290;0.125440
9.015000;0.048823;0.153510;0.102960
9.015500;0.042734;0.171940;0.066378
9.016000;0.065115;0.171480;0.024788
9.016500;0.086454;0.157830;-0.016466
9.017000;0.083977;0.189400;-0.039900
9.017500;0.127940;0.171100;-0.062394
9.018000;0.156020;0.179820;-0.084789
9.018500;0.220070;0.177260;-0.104930
9.019000;0.280920;0.147370;-0.141590
9.019500;0.329940;0.146530;-0.176070
9.020000;0.385590;0.138930;-0.218430
9.020500;0.415600;0.137550;-0.255900
9.021000;0.416440;0.153260;-0.282000
9.021500;0.363940;0.170830;-0.296850
9.022000;0.294340;0.196140;-0.289150
9.022500;0.200920;0.239950;-0.276280
9.023000;0.089665;0.267170;-0.263880
9.023500;-0.012337;0.286480;-0.259820
9.024000;-0.086594;0.292060;-0.270700
9.024500;-0.162380;0.292760;-0.266200
9.025000;-0.203680;0.278370;-0.256630
9.025500;-0.248970;0.283680;-0.243160
9.026000;-0.270120;0.282030;-0.229300
9.026500;-0.275660;0.274270;-0.222540
9.027000;-0.274580;0.270720;-0.221890
9.027500;-0.258180;0.267540;-0.201670
9.028000;-0.211900;0.267780;-0.184950
9.028500;-0.166520;0.261060;-0.156950
9.029000;-0.128950;0.274670;-0.143200
9.029500;-0.103900;0.297780;-0.139380
9.030000;-0.056555;0.284380;-0.136790
9.030500;-0.043508;0.303400;-0.117580
9.031000;-0.007776;0.281840;-0.112360
9.031500;0.038059;0.267340;-0.085894
9.032000;0.098002;0.253340;-0.081193
9.032500;0.160860;0.232370;-0.071871
9.033000;0.248720;0.207470;-0.053667
9.033500;0.323220;0.199540;-0.033486
9.034000;0.385160;0.187940;-0.011090
9.034500;0.449110;0.147620;-0.004988
9.035000;0.451000;0.148990;-0.003577
9.035500;0.432820;0.205180;-0.001602
9.036000;0.420880;0.156530;-0.018473
9.036500;0.384910;0.181640;0.027778
9.037000;0.265980;0.228290;-0.023413
9.037500;0.269730;0.154330;-0.004206
9.038000;0.207880;0.181990;0.001901
9.038500;0.134800;0.239230;-0.032573
9.039000;0.124270;0.170310;0.008268
9.039500;0.092065;0.168290;0.011306
9.040000;0.068803;0.182290;0.040238
9.040500;0.109420;0.149760;0.093878
9.041000;0.144440;0.157510;0.119280
9.041500;0.163870;0.141220;0.129960
9.042000;0.219460;0.133320;0.152550
9.042500;0.253620;0.123660;0.145020
9.043000;0.318880;0.121170;0.158070
9.043500;0.394260;0.102630;0.186530
9.044000;0.443970;0.103710;0.231190
9.044500;0.463910;0.119500;0.262450
9.045000;0.473790;0.093704;0.297320
9.045500;0.451560;0.096758;0.357810
9.046000;0.366570;0.128200;0.365240
9.046500;0.309040;0.105290;0.414000
9.047000;0.223670;0.113900;0.460430
9.047500;0.130190;0.135560;0.462720
9.048000;0.024800;0.111630;0.487060
9.048500;-0.060305;0.084487;0.515150
9.049000;-0.193780;0.089604;0.521770
9.049500;-0.284020;0.051959;0.555420
9.050000;-0.375550;0.053437;0.566030
9.050500;-0.482800;0.042103;0.572870
9.051000;-0.526960;-0.001794;0.626280
9.051500;-0.597440;-0.010609;0.686110
9.052000;-0.621210;-0.004009;0.740080
9.052500;-0.618160;-0.028516;0.812110
9.053000;-0.612570;-0.020698;0.884270
9.053500;-0.580640;-0.009697;0.926290
9.054000;-0.513750;-0.033940;0.946410
9.054500;-0.441580;-0.056028;0.959750
9.055000;-0.377640;-0.041570;0.941600
9.055500;-0.321070;-0.036668;0.906770
9.056000;-0.277430;-0.024979;0.838980
9.056500;-0.256380;-0.009129;0.775110
9.057000;-0.210270;-0.003817;0.700670
9.057500;-0.155120;-0.004180;0.643110
9.058000;-0.077126;-0.022198;0.593060
9.058500;0.027685;-0.037851;0.534500
9.059000;0.105570;-0.044411;0.478780
9.059500;0.172650;-0.055838;0.418210
9.060000;0.189630;-0.056867;0.363010
9.060500;0.180270;-0.059060;0.358350
9.061000;0.141610;-0.064421;0.361440
9.061500;0.085192;-0.078897;0.398520
9.062000;-0.000845;-0.086177;0.428640
9.062500;-0.080756;-0.089384;0.446220
9.063000;-0.145430;-0.126610;0.500930
9.063500;-0.199870;-0.125630;0.559920
9.064000;-0.218700;-0.138960;0.619520
9.064500;-0.227620;-0.145710;0.663030
9.065000;-0.204500;-0.164300;0.705860
9.065500;-0.170810;-0.170120;0.743620
9.066000;-0.109390;-0.167130;0.791420
9.066500;-0.033640;-0.153300;0.833880
9.067000;0.060316;-0.145900;0.863920
9.067500;0.171470;-0.140130;0.890990
9.068000;0.296300;-0.111060;0.897630
9.068500;0.416400;-0.100430;0.899420
9.069000;0.530610;-0.089385;0.897450
9.069500;0.633720;-0.084232;0.902810
9.070000;0.684720;-0.058201;0.886800
9.070500;0.702490;-0.041735;0.869230
9.071000;0.686380;-0.048049;0.845200
9.071500;0.629100;-0.048066;0.830350
9.072000;0.550780;-0.034756;0.809610
9.072500;0.483110;-0.027480;0.783650
9.073000;0.408720;-0.019119;0.761950
9.073500;0.349480;-0.019047;0.726440
9.074000;0.314420;-0.028251;0.685210
9.074500;0.276070;-0.021217;0.648990
9.075000;0.252830;-0.010737;0.622340
9.075500;0.247030;0.008870;0.589900
9.076000;0.244990;0.035940;0.543140
9.076500;0.269500;0.048306;0.489250
9.077000;0.307840;0.066493;0.424700
9.077500;0.347470;0.086936;0.348680
9.078000;0.381070;0.097020;0.280790
9.078500;0.406000;0.100670;0.189280
9.079000;0.450250;0.097884;0.066796
9.079500;0.524120;0.087869;-0.062426
9.080000;0.578730;0.069860;-0.185340
9.080500;0.603570;0.052188;-0.274760
9.081000;0.629240;0.020840;-0.347820
9.081500;0.665770;-0.000879;-0.406260
9.082000;0.691700;-0.021562;-0.476970
9.082500;0.705620;-0.066135;-0.512970
9.083000;0.715970;-0.099091;-0.524990
9.083500;0.742960;-0.134020;-0.521210
9.084000;0.756080;-0.176990;-0.495320
9.084500;0.758110;-0.211620;-0.465900
9.085000;0.741500;-0.244170;-0.419540
9.085500;0.693160;-0.273200;-0.345010
9.086000;0.619730;-0.299920;-0.245710
9.086500;0.525960;-0.321470;-0.135440
9.087000;0.406180;-0.333090;-0.035440
9.087500;0.299870;-0.358130;0.053415
9.088000;0.169720;-0.370520;0.131820
9.088500;0.077286;-0.381050;0.183150
9.089000;0.004904;-0.392970;0.233820
9.089500;-0.058337;-0.397050;0.284730
9.090000;-0.115690;-0.399330;0.326540
9.090500;-0.143570;-0.408250;0.362950
9.091000;-0.154540;-0.411380;0.403140
9.091500;-0.126850;-0.407670;0.447710
9.092000;-0.085413;-0.416360;0.501760
9.092500;-0.040877;-0.411080;0.550010
9.093000;0.013757;-0.422820;0.584160
9.093500;0.064741;-0.424120;0.625200
9.094000;0.099501;-0.403630;0.635770
9.094500;0.138760;-0.413750;0.633660
9.095000;0.155510;-0.408980;0.625600
9.095500;0.176630;-0.392340;0.608230
9.096000;0.181020;-0.383070;0.596880
9.096500;0.192130;-0.371270;0.593040
9.097000;0.165800;-0.365690;0.592890
9.097500;0.136110;-0.356100;0.599750
9.098000;0.083047;-0.365420;0.614180
9.098500;0.015913;-0.356690;0.657680
9.099000;-0.074458;-0.366730;0.730420
9.099500;-0.166590;-0.383920;0.850750
9.100000;-0.244000;-0.409550;0.959420
9.100500;-0.309400;-0.413130;1.042100
9.101000;-0.360510;-0.437370;1.102500
9.101500;-0.400650;-0.436520;1.135300
9.102000;-0.426500;-0.458090;1.134500
9.102500;-0.457690;-0.479460;1.155200
9.103000;-0.473590;-0.496770;1.156100
9.103500;-0.446640;-0.513570;1.138300
9.104000;-0.414480;-0.534240;1.100800
9.104500;-0.336120;-0.574380;1.043800
9.105000;-0.271950;-0.575660;0.978550
9.105500;-0.205990;-0.614380;0.950110
9.106000;-0.131660;-0.621620;0.942910
9.106500;-0.048177;-0.631450;0.919740
9.107000;0.043095;-0.661880;0.928670
9.107500;0.127210;-0.687100;0.936370
9.108000;0.179990;-0.693500;0.959650
9.108500;0.222900;-0.714880;0.973060
9.109000;0.252560;-0.732450;1.009300
9.109500;0.240680;-0.729040;1.036400
9.110000;0.215570;-0.714360;1.059200
9.110500;0.196120;-0.718560;1.087800
9.111000;0.151540;-0.688780;1.103700
9.111500;0.120610;-0.655030;1.098600
9.112000;0.124050;-0.707740;1.111700
9.112500;0.063129;-0.620490;1.084400
9.113000;0.102430;-0.580890;1.074100
9.113500;0.152350;-0.699760;0.984830
9.114000;0.173100;-0.632620;1.002300
9.114500;0.208400;-0.646820;0.888560
9.115000;0.335520;-0.735680;0.852030
9.115500;0.417800;-0.697320;0.801140
9.116000;0.470750;-0.664300;0.695980
9.116500;0.580240;-0.692580;0.662350
9.117000;0.645860;-0.697360;0.639660
9.117500;0.692660;-0.689690;0.638820
9.118000;0.731260;-0.682330;0.603340
9.118500;0.773160;-0.712470;0.555330
9.119000;0.778310;-0.695970;0.525240
9.119500;0.757950;-0.687560;0.512490
9.120000;0.727720;-0.702620;0.479760
9.120500;0.700770;-0.690800;0.488240
9.121000;0.666090;-0.681870;0.481950
9.121500;0.637210;-0.688600;0.499810
9.122000;0.590030;-0.671370;0.501140
9.122500;0.585540;-0.698380;0.529000
9.123000;0.589000;-0.694990;0.581970
9.123500;0.535270;-0.650080;0.583310
9.124000;0.553130;-0.691140;0.629170
9.124500;0.560380;-0.693350;0.662510
9.125000;0.527310;-0.646580;0.651910
9.125500;0.539300;-0.667030;0.638160
9.126000;0.550470;-0.672290;0.628180
9.126500;0.547430;-0.646190;0.580600
9.127000;0.585240;-0.667040;0.543950
9.127500;0.611530;-0.659430;0.482070
9.128000;0.627320;-0.657460;0.393660
9.128500;0.680550;-0.678140;0.296070
9.129000;0.735180;-0.641810;0.152770
9.129500;0.759970;-0.644690;0.082070
9.130000;0.752720;-0.707580;0.121380
9.130500;0.734140;-0.735280;0.140350
9.131000;0.703280;-0.722950;0.128580
9.131500;0.695040;-0.709370;0.072991
9.132000;0.707350;-0.696290;-0.051698
9.132500;0.620250;-0.697210;-0.060511
9.133000;0.538530;-0.713850;-0.009764
9.133500;0.457640;-0.737610;0.060132
9.134000;0.379410;-0.730600;0.107470
9.134500;0.347790;-0.711130;0.076937
9.135000;0.288980;-0.695260;0.040326
9.135500;0.206310;-0.690220;0.053009
9.136000;0.129840;-0.716360;0.109260
9.136500;0.055446;-0.727760;0.166520
9.137000;0.024358;-0.730180;0.158890
9.137500;0.014440;-0.750450;0.151230
9.138000;-0.009974;-0.749360;0.135260
9.138500;-0.024149;-0.753760;0.104030
9.139000;-0.028683;-0.765860;0.088476
9.139500;-0.028797;-0.770110;0.082509
9.140000;-0.025979;-0.758890;0.069024
9.140500;-0.006288;-0.754270;0.068030
9.141000;0.008417;-0.753140;0.060905
9.141500;0.017536;-0.729570;0.061880
9.142000;0.024571;-0.732020;0.051656
9.142500;0.018953;-0.709450;0.043381
9.143000;0.029300;-0.704830;0.052911
9.143500;0.034624;-0.690710;0.067382
9.144000;0.023218;-0.675740;0.082447
9.144500;0.012598;-0.654240;0.115980
9.145000;0.012306;-0.654120;0.126730
9.145500;-0.008059;-0.645350;0.141230
9.146000;-0.032870;-0.634780;0.147130
9.146500;-0.065377;-0.618800;0.165510
9.147000;-0.103970;-0.610820;0.188400
9.147500;-0.172510;-0.592190;0.218400
9.148000;-0.236250;-0.580210;0.246110
9.148500;-0.290910;-0.576350;0.284030
9.149000;-0.340970;-0.579570;0.305530
9.149500;-0.379470;-0.571380;0.331460
9.150000;-0.402830;-0.566340;0.350670
9.150500;-0.406890;-0.564020;0.377600
9.151000;-0.417490;-0.555550;0.397070
9.151500;-0.421610;-0.543100;0.420680
9.152000;-0.406100;-0.546170;0.443920
9.152500;-0.381190;-0.546490;0.461250
9.153000;-0.361880;-0.537910;0.475910
9.153500;-0.335270;-0.542690;0.486850
9.154000;-0.302720;-0.544430;0.496650
9.154500;-0.282470;-0.542570;0.484350
9.155000;-0.247760;-0.540550;0.470380
9.155500;-0.211610;-0.544980;0.451590
9.156000;-0.169130;-0.548360;0.454190
9.156500;-0.140170;-0.538510;0.463100
9.157000;-0.105100;-0.539840;0.490290
9.157500;-0.076407;-0.538720;0.530850
9.158000;-0.051477;-0.538840;0.583600
9.158500;-0.031184;-0.530630;0.651670
9.159000;0.008168;-0.528530;0.718920
9.159500;0.048874;-0.521370;0.773770
9.160000;0.071741;-0.516570;0.814350
9.160500;0.094634;-0.523060;0.863660
9.161000;0.125810;-0.532630;0.914070
9.161500;0.136130;-0.529640;0.962990
9.162000;0.127670;-0.524650;1.019500
9.162500;0.105230;-0.525260;1.079200
9.163000;0.062642;-0.517630;1.135000
9.163500;0.016009;-0.501440;1.182500
9.164000;-0.017725;-0.492520;1.217500
9.164500;-0.043005;-0.483940;1.248500
9.165000;-0.052146;-0.470520;1.252700
9.165500;-0.044976;-0.454890;1.241100
9.166000;-0.022222;-0.454050;1.222500
9.166500;0.003219;-0.450300;1.211500
9.167000;0.041681;-0.441110;1.190700
9.167500;0.074948;-0.431840;1.187900
9.168000;0.103600;-0.426380;1.185200
9.168500;0.130590;-0.423640;1.187800
9.169000;0.145640;-0.412940;1.212300
9.169500;0.157350;-0.409290;1.255500
9.170000;0.163080;-0.406360;1.311600
9.170500;0.161150;-0.395640;1.358100
9.171000;0.140680;-0.381290;1.413400
9.171500;0.113870;-0.371830;1.456800
9.172000;0.068019;-0.361430;1.488800
9.172500;0.013264;-0.355960;1.516800
9.173000;-0.048829;-0.356420;1.531300
9.173500;-0.126670;-0.344120;1.527400
9.174000;-0.192840;-0.349530;1.520500
9.174500;-0.241050;-0.352440;1.496700
9.175000;-0.292880;-0.347030;1.471700
9.175500;-0.325700;-0.350290;1.425100
9.176000;-0.318540;-0.364510;1.379100
9.176500;-0.287870;-0.397890;1.302100
9.177000;-0.280290;-0.376640;1.218200
9.177500;-0.223370;-0.341170;1.109300
9.178000;-0.108240;-0.436030;1.020700
9.178500;-0.085337;-0.430410;0.929790
9.179000;0.001901;-0.401260;0.881150
9.179500;0.014452;-0.376000;0.766710
9.180000;0.063311;-0.391530;0.705130
9.180500;0.124640;-0.430750;0.715780
9.181000;0.131490;-0.371330;0.646470
9.181500;0.137000;-0.398030;0.644210
9.182000;0.156010;-0.440300;0.667910
9.182500;0.112270;-0.422600;0.654460
9.183000;0.047413;-0.435910;0.661180
9.183500;0.025394;-0.475890;0.687150
9.184000;-0.082685;-0.448830;0.702790
9.184500;-0.147380;-0.458720;0.709180
9.185000;-0.219920;-0.462730;0.704160
9.185500;-0.272320;-0.458420;0.693360
9.186000;-0.306400;-0.469190;0.677630
9.186500;-0.318610;-0.475810;0.660560
9.187000;-0.328690;-0.452090;0.637090
9.187500;-0.300010;-0.456210;0.594390
9.188000;-0.247520;-0.463030;0.570180
9.188500;-0.238640;-0.421410;0.520710
9.189000;-0.191840;-0.419940;0.460570
9.189500;-0.121550;-0.426450;0.427440
9.190000;-0.085819;-0.388390;0.355340
9.190500;-0.033324;-0.373040;0.277940
9.191000;0.048118;-0.384840;0.221490
9.191500;0.115860;-0.360300;0.130090
9.192000;0.174820;-0.352610;0.057469
9.192500;0.234620;-0.346950;-0.011413
9.193000;0.271220;-0.315370;-0.100500
9.193500;0.297470;-0.307200;-0.169200
9.194000;0.317690;-0.292130;-0.211160
9.194500;0.292130;-0.246270;-0.258090
9.195000;0.262540;-0.232080;-0.269550
9.195500;0.216810;-0.203990;-0.272340
9.196000;0.139470;-0.170800;-0.270470
9.196500;0.090339;-0.157920;-0.248790
9.197000;0.050296;-0.142550;-0.245390
9.197500;0.008611;-0.130290;-0.230350
9.198000;-0.029696;-0.125000;-0.223900
9.198500;-0.067129;-0.112610;-0.245990
9.199000;-0.088977;-0.114630;-0.272550
9.199500;-0.094958;-0.124930;-0.300060
9.200000;-0.112840;-0.135490;-0.307920
9.200500;-0.130810;-0.139810;-0.315450
9.201000;-0.133670;-0.156080;-0.326740
9.201500;-0.129990;-0.154050;-0.337670
9.202000;-0.106460;-0.161920;-0.363040
9.202500;-0.077738;-0.157070;-0.392490
9.203000;-0.038491;-0.152130;-0.414990
9.203500;0.004378;-0.164760;-0.439050
9.204000;0.023792;-0.159600;-0.476490
9.204500;0.036398;-0.155270;-0.516150
9.205000;0.035119;-0.150980;-0.561520
9.205500;0.028785;-0.166320;-0.577040
9.206000;0.004749;-0.144590;-0.591780
9.206500;-0.005112;-0.164340;-0.602030
9.207000;-0.024849;-0.152790;-0.601500
9.207500;-0.040357;-0.145690;-0.621860
9.208000;-0.041650;-0.146960;-0.640270
9.208500;-0.053266;-0.155570;-0.647370
9.209000;-0.069413;-0.140780;-0.647640
9.209500;-0.090309;-0.127670;-0.629920
9.210000;-0.116190;-0.122760;-0.600010
9.210500;-0.143640;-0.148580;-0.562410
9.211000;-0.144570;-0.125770;-0.525860
9.211500;-0.147130;-0.105700;-0.485900
9.212000;-0.158790;-0.118040;-0.434390
9.212500;-0.160310;-0.119340;-0.397810
9.213000;-0.159800;-0.123430;-0.362880
9.213500;-0.155270;-0.153650;-0.308790
9.214000;-0.146530;-0.153130;-0.268650
9.214500;-0.133580;-0.171370;-0.253300
9.215000;-0.133440;-0.174120;-0.195560
9.215500;-0.104010;-0.165250;-0.172890
9.216000;-0.081345;-0.166770;-0.132260
9.216500;-0.067722;-0.159240;-0.104960
9.217000;-0.021320;-0.144260;-0.081705
9.217500;0.013789;-0.144330;-0.054098
9.218000;0.054291;-0.160140;-0.023381
9.218500;0.082974;-0.159090;0.014595
9.219000;0.088266;-0.143130;0.058236
9.219500;0.113150;-0.161580;0.104980
9.220000;0.096593;-0.163990;0.143860
9.220500;0.082262;-0.180080;0.177450
9.221000;0.051454;-0.181730;0.226460
9.221500;0.037226;-0.202660;0.284830
9.222000;0.010765;-0.223000;0.360180
9.222500;-0.031231;-0.244000;0.436200
9.223000;-0.080992;-0.265060;0.513050
9.223500;-0.135750;-0.270770;0.594320
9.224000;-0.192260;-0.270190;0.664280
9.224500;-0.248700;-0.263910;0.728510
9.225000;-0.283490;-0.258380;0.774000
9.225500;-0.280970;-0.259040;0.805420
9.226000;-0.267760;-0.247850;0.809690
9.226500;-0.249430;-0.236570;0.805900
9.227000;-0.227530;-0.232790;0.788210
9.227500;-0.200410;-0.226720;0.756350
9.228000;-0.184270;-0.216810;0.715390
9.228500;-0.143160;-0.224310;0.671910
9.229000;-0.121860;-0.222910;0.635920
9.229500;-0.110780;-0.215020;0.604810
9.230000;-0.109900;-0.213770;0.582540
9.230500;-0.127090;-0.220530;0.578520
9.231000;-0.156990;-0.213780;0.586680
9.231500;-0.198430;-0.213970;0.607360
9.232000;-0.240030;-0.214180;0.630030
9.232500;-0.295520;-0.198190;0.643570
9.233000;-0.346740;-0.201760;0.669750
9.233500;-0.397230;-0.188310;0.703020
9.234000;-0.454860;-0.159610;0.715880
9.234500;-0.479920;-0.160140;0.742480
9.235000;-0.512630;-0.193860;0.765350
9.235500;-0.532680;-0.155430;0.802590
9.236000;-0.560080;-0.144390;0.794330
9.236500;-0.578980;-0.145520;0.826310
9.237000;-0.588790;-0.132310;0.846690
9.237500;-0.612700;-0.090003;0.842020
9.238000;-0.602930;-0.093707;0.862780
9.238500;-0.577860;-0.084861;0.867690
9.239000;-0.564060;-0.032614;0.835560
9.239500;-0.528070;-0.021138;0.796490
9.240000;-0.474150;-0.016119;0.757940
9.240500;-0.439780;0.008500;0.705300
9.241000;-0.386930;0.026609;0.655280
9.241500;-0.315890;0.044033;0.607220
9.242000;-0.255620;0.052033;0.557890
9.242500;-0.189060;0.054622;0.516390
9.243000;-0.131900;0.065512;0.476540
9.243500;-0.080428;0.115100;0.451770
9.244000;-0.049513;0.162930;0.426920
9.244500;-0.018437;0.177960;0.406810
9.245000;-0.032513;0.208800;0.391370
9.245500;-0.022923;0.212140;0.394340
9.246000;-0.049998;0.255910;0.408330
9.246500;-0.056981;0.268730;0.404350
9.247000;-0.087073;0.257020;0.398840
9.247500;-0.119160;0.259150;0.390170
9.248000;-0.167180;0.267580;0.359650
9.248500;-0.197380;0.293880;0.321880
9.249000;-0.215450;0.309560;0.280170
9.249500;-0.219690;0.300010;0.256610
9.250000;-0.219080;0.282310;0.255760
9.250500;-0.201650;0.242690;0.231570
9.251000;-0.218940;0.246850;0.220770
9.251500;-0.190170;0.258360;0.194500
9.252000;-0.151140;0.247640;0.131210
9.252500;-0.152310;0.230730;0.078126
9.253000;-0.082300;0.219520;0.062894
9.253500;-0.117850;0.282010;-0.035682
9.254000;-0.063670;0.203390;-0.112700
9.254500;-0.005206;0.184720;-0.146410
9.255000;0.010579;0.234450;-0.242240
9.255500;0.004292;0.222420;-0.310320
9.256000;0.035154;0.183870;-0.337850
9.256500;-0.011848;0.220200;-0.371800
9.257000;-0.037556;0.235170;-0.399300
9.257500;-0.041468;0.206780;-0.384330
9.258000;-0.088011;0.225820;-0.394320
9.258500;-0.103790;0.211530;-0.359810
9.259000;-0.144730;0.209350;-0.332460
9.259500;-0.163660;0.212090;-0.291460
9.260000;-0.191570;0.202210;-0.260570
9.260500;-0.216350;0.182010;-0.234850
9.261000;-0.255410;0.207700;-0.218450
9.261500;-0.291340;0.209550;-0.229040
9.262000;-0.316860;0.201380;-0.211860
9.262500;-0.341910;0.188830;-0.215290
9.263000;-0.362740;0.208540;-0.228520
9.263500;-0.342120;0.192050;-0.253430
9.264000;-0.318230;0.223290;-0.316760
9.264500;-0.283470;0.213010;-0.365810
9.265000;-0.207560;0.185570;-0.389560
9.265500;-0.172320;0.234080;-0.458460
9.266000;-0.098824;0.230820;-0.497740
9.266500;-0.035166;0.232120;-0.534090
9.267000;0.008151;0.252830;-0.566060
9.267500;0.041326;0.247550;-0.548840
9.268000;0.084104;0.268910;-0.516570
9.268500;0.083196;0.293750;-0.477560
9.269000;0.070937;0.301510;-0.439650
9.269500;0.073853;0.306750;-0.387820
9.270000;0.043576;0.310340;-0.370890
9.270500;0.026293;0.331380;-0.307100
9.271000;0.003598;0.314160;-0.296410
9.271500;-0.031124;0.339410;-0.258800
9.272000;-0.060675;0.339120;-0.244270
9.272500;-0.080849;0.322710;-0.213090
9.273000;-0.125280;0.333670;-0.197490
9.273500;-0.144470;0.334250;-0.202790
9.274000;-0.161220;0.340280;-0.199600
9.274500;-0.152780;0.355290;-0.228830
9.275000;-0.125870;0.352350;-0.247310
9.275500;-0.088025;0.315660;-0.255330
9.276000;-0.053098;0.320560;-0.261350
9.276500;-0.056777;0.323800;-0.272040
9.277000;-0.042262;0.334280;-0.261200
9.277500;-0.042740;0.336180;-0.260180
9.278000;-0.040246;0.338410;-0.259510
9.278500;-0.049879;0.338110;-0.228200
9.279000;-0.036968;0.308920;-0.232970
9.279500;-0.037570;0.288840;-0.218540
9.280000;-0.030961;0.268700;-0.217770
9.280500;-0.025718;0.271230;-0.216750
9.281000;-0.032185;0.277840;-0.240260
9.281500;-0.034227;0.274570;-0.261230
9.282000;-0.015992;0.285950;-0.288400
9.282500;0.000156;0.260680;-0.302600
9.283000;-0.011932;0.271490;-0.310640
9.283500;-0.003585;0.278550;-0.332360
9.284000;-0.004995;0.270560;-0.335510
9.284500;-0.017447;0.274840;-0.341200
9.285000;-0.053077;0.306920;-0.314980
9.285500;-0.050334;0.267780;-0.349230
9.286000;-0.107090;0.273810;-0.322480
9.286500;-0.144800;0.258810;-0.326980
9.287000;-0.169780;0.234230;-0.276300
9.287500;-0.230630;0.271800;-0.274440
9.288000;-0.275520;0.269570;-0.267070
9.288500;-0.316730;0.240390;-0.246300
9.289000;-0.346700;0.251730;-0.244820
9.289500;-0.363770;0.262090;-0.248510
9.290000;-0.347110;0.233070;-0.236160
9.290500;-0.305350;0.229200;-0.232610
9.291000;-0.256930;0.225180;-0.228890
9.291500;-0.205320;0.226760;-0.218330
9.292000;-0.116750;0.200950;-0.213350
9.292500;-0.043252;0.210240;-0.203050
9.293000;0.015087;0.217070;-0.214610
9.293500;0.082545;0.190710;-0.172580
9.294000;0.117090;0.211800;-0.149460
9.294500;0.125180;0.208350;-0.109010
9.295000;0.120770;0.208960;-0.049578
9.295500;0.072429;0.230270;-0.009468
9.296000;0.033217;0.208560;0.071580
9.296500;-0.013436;0.197740;0.134480
9.297000;-0.093642;0.205710;0.180440
9.297500;-0.158060;0.175950;0.239430
9.298000;-0.221150;0.155220;0.288330
9.298500;-0.311810;0.151560;0.314750
9.299000;-0.377650;0.132170;0.352630
9.299500;-0.428030;0.111260;0.382470
9.300000;-0.465890;0.118350;0.413160
9.300500;-0.474460;0.118750;0.430630
9.301000;-0.449980;0.105400;0.452950
9.301500;-0.395380;0.105600;0.455630
9.302000;-0.336750;0.111080;0.444840
9.302500;-0.259040;0.108720;0.420830
9.303000;-0.167730;0.108680;0.381080
9.303500;-0.085833;0.112550;0.315610
9.304000;0.002022;0.094196;0.261130
9.304500;0.065107;0.096406;0.199800
9.305000;0.112310;0.090646;0.151720
9.305500;0.151270;0.079465;0.111340
9.306000;0.164940;0.089742;0.056225
9.306500;0.164850;0.089305;0.022762
9.307000;0.145720;0.086587;0.006596
9.307500;0.111100;0.094378;-0.003286
9.308000;0.070315;0.074991;0.010035
9.308500;0.021130;0.072695;0.027318
9.309000;-0.057268;0.076923;0.052963
9.309500;-0.137710;0.078700;0.075389
9.310000;-0.229870;0.094403;0.110980
9.310500;-0.310960;0.107570;0.152530
9.311000;-0.378350;0.111500;0.181840
9.311500;-0.407960;0.110360;0.195230
9.312000;-0.424130;0.098967;0.196730
9.312500;-0.417840;0.114810;0.178960
9.313000;-0.386790;0.089071;0.139700
9.313500;-0.348070;0.082333;0.096545
9.314000;-0.309570;0.059776;0.037446
9.314500;-0.260280;0.060853;-0.011367
9.315000;-0.191960;0.058084;-0.079713
9.315500;-0.119370;0.071915;-0.145320
9.316000;-0.022201;0.058381;-0.216960
9.316500;0.045376;0.069295;-0.286340
9.317000;0.111050;0.077436;-0.357470
9.317500;0.174130;0.113090;-0.424520
9.318000;0.216080;0.109210;-0.495790
9.318500;0.216150;0.179400;-0.534630
9.319000;0.225010;0.194840;-0.582430
9.319500;0.188330;0.216340;-0.594620
9.320000;0.146640;0.234210;-0.608990
9.320500;0.081897;0.234740;-0.613540
9.321000;-0.008906;0.271500;-0.603830
9.321500;-0.086571;0.274170;-0.591390
9.322000;-0.173690;0.289190;-0.568430
9.322500;-0.266200;0.280600;-0.540440
9.323000;-0.341900;0.277920;-0.506050
9.323500;-0.404840;0.286910;-0.486650
9.324000;-0.443340;0.276610;-0.469140
9.324500;-0.458090;0.266430;-0.444530
9.325000;-0.471170;0.262740;-0.441890
9.325500;-0.438350;0.250490;-0.433370
9.326000;-0.398560;0.251870;-0.447330
9.326500;-0.326510;0.236380;-0.449510
9.327000;-0.236100;0.213420;-0.453440
9.327500;-0.155680;0.191030;-0.455080
9.328000;-0.055836;0.176140;-0.443130
9.328500;0.021719;0.157310;-0.427160
9.329000;0.096043;0.143140;-0.404780
9.329500;0.136990;0.110260;-0.379890
9.330000;0.158710;0.100800;-0.361590
9.330500;0.189570;0.072906;-0.329520
9.331000;0.167610;0.097426;-0.294630
9.331500;0.144860;0.072790;-0.263190
9.332000;0.159090;0.049393;-0.182700
9.332500;0.110690;0.090551;-0.160920
9.333000;0.086001;0.059643;-0.116560
9.333500;0.046304;0.038840;-0.049757
9.334000;-0.037227;0.082467;-0.005518
9.334500;-0.087547;0.080492;0.047387
9.335000;-0.135270;0.079838;0.110820
9.335500;-0.175320;0.060592;0.146080
9.336000;-0.213780;0.054703;0.160680
9.336500;-0.227870;0.039960;0.181190
9.337000;-0.221680;0.029044;0.183770
9.337500;-0.232960;0.050345;0.165570
9.338000;-0.226720;0.048562;0.120650
9.338500;-0.191340;0.043464;0.071714
9.339000;-0.163290;0.043175;0.001703
9.339500;-0.119610;0.029981;-0.038263
9.340000;-0.090549;0.041180;-0.074981
9.340500;-0.053050;0.043705;-0.110310
9.341000;-0.014268;0.038760;-0.109270
9.341500;0.025298;0.073177;-0.119180
9.342000;0.072230;0.075140;-0.109810
9.342500;0.117060;0.078566;-0.077829
9.343000;0.164240;0.057064;-0.051771
9.343500;0.183060;0.046678;-0.031466
9.344000;0.190560;0.053181;-0.005487
9.344500;0.150760;0.054364;0.016551
9.345000;0.108540;0.028142;0.040830
9.345500;0.052771;0.048500;0.058989
9.346000;-0.003288;0.056513;0.076224
9.346500;-0.078777;0.057494;0.062331
9.347000;-0.148230;0.079710;0.032313
9.347500;-0.174690;0.052418;-0.005778
9.348000;-0.231590;0.055047;-0.045375
9.348500;-0.286430;0.076948;-0.089650
9.349000;-0.310710;0.083451;-0.127920
9.349500;-0.315410;0.077532;-0.159030
9.350000;-0.304910;0.074483;-0.204850
9.350500;-0.265790;0.077035;-0.238640
9.351000;-0.209430;0.084994;-0.297060
9.351500;-0.160450;0.044944;-0.335050
9.352000;-0.001796;0.096826;-0.412120
9.352500;0.060203;0.087270;-0.439350
9.353000;0.161180;0.104860;-0.470240
9.353500;0.258150;0.100230;-0.519260
9.354000;0.326820;0.086140;-0.545060
9.354500;0.358020;0.100060;-0.562840
9.355000;0.391720;0.103850;-0.586550
9.355500;0.390280;0.096530;-0.604530
9.356000;0.400580;0.073987;-0.623170
9.356500;0.389610;0.065329;-0.602290
9.357000;0.372100;0.078957;-0.597870
9.357500;0.364790;0.056898;-0.555340
9.358000;0.328460;0.049775;-0.523780
9.358500;0.305370;0.045389;-0.481140
9.359000;0.266850;0.032850;-0.470960
9.359500;0.238840;0.031908;-0.424880
9.360000;0.202950;0.022736;-0.389160
9.360500;0.178330;0.011753;-0.314330
9.361000;0.156310;-0.002773;-0.256770
9.361500;0.115170;-0.002985;-0.192170
9.362000;0.076320;-0.024399;-0.124560
9.362500;0.050280;-0.040456;-0.046991
9.363000;0.032211;-0.050430;0.052500
9.363500;0.033852;-0.056000;0.141550
9.364000;0.042691;-0.070064;0.235340
9.364500;0.063202;-0.071149;0.306320
9.365000;0.099963;-0.065170;0.369270
9.365500;0.123160;-0.060385;0.423550
9.366000;0.159190;-0.054897;0.443700
9.366500;0.178270;-0.038561;0.448360
9.367000;0.201200;-0.023812;0.437750
9.367500;0.195290;-0.009867;0.411940
9.368000;0.181690;0.009611;0.375440
9.368500;0.164760;0.020714;0.331530
9.369000;0.132390;0.027504;0.278900
9.369500;0.088624;0.031315;0.230790
9.370000;0.040865;0.042147;0.180470
9.370500;-0.011101;0.023940;0.167980
9.371000;-0.079622;0.014825;0.182610
9.371500;-0.174560;0.018457;0.221940
9.372000;-0.291170;0.008930;0.272960
9.372500;-0.417340;-0.001705;0.313340
9.373000;-0.540330;-0.004188;0.339860
9.373500;-0.652330;-0.000451;0.357960
9.374000;-0.703320;-0.018831;0.368370
9.374500;-0.717100;-0.015819;0.350270
9.375000;-0.679920;-0.018497;0.326830
9.375500;-0.597610;-0.035713;0.282270
9.376000;-0.509010;-0.053385;0.239660
9.376500;-0.404860;-0.052252;0.209250
9.377000;-0.303120;-0.068836;0.182950
9.377500;-0.229690;-0.068747;0.187200
9.378000;-0.170540;-0.082710;0.179000
9.378500;-0.136070;-0.087901;0.187580
9.379000;-0.139290;-0.091335;0.178450
9.379500;-0.148930;-0.093121;0.194840
9.380000;-0.161010;-0.108840;0.217790
9.380500;-0.179490;-0.111340;0.251220
9.381000;-0.197990;-0.125340;0.260560
9.381500;-0.212470;-0.130760;0.275980
9.382000;-0.214900;-0.146220;0.280170
9.382500;-0.232320;-0.145600;0.298290
9.383000;-0.253540;-0.139890;0.309580
9.383500;-0.262210;-0.133580;0.320840
9.384000;-0.269660;-0.138230;0.323520
9.384500;-0.254200;-0.145540;0.341890
9.385000;-0.236040;-0.150830;0.364610
9.385500;-0.190390;-0.151230;0.374430
9.386000;-0.145460;-0.157680;0.402230
9.386500;-0.123750;-0.119350;0.408050
9.387000;-0.110900;-0.091865;0.409780
9.387500;-0.088877;-0.086978;0.395590
9.388000;-0.080398;-0.059083;0.380760
9.388500;-0.082760;-0.032465;0.340650
9.389000;-0.054088;-0.003904;0.292900
9.389500;-0.014971;0.015592;0.218420
9.390000;0.047057;0.027605;0.147880
9.390500;0.098574;0.056119;0.063666
9.391000;0.163090;0.060638;-0.011590
9.391500;0.220460;0.082706;-0.073522
9.392000;0.281390;0.099110;-0.113400
9.392500;0.302870;0.118890;-0.129800
9.393000;0.332940;0.127710;-0.127320
9.393500;0.318700;0.129260;-0.134510
9.394000;0.300090;0.146570;-0.113570
9.394500;0.260190;0.130510;-0.115220
9.395000;0.207910;0.156950;-0.102650
9.395500;0.168290;0.158780;-0.120790
9.396000;0.129160;0.146200;-0.140750
9.396500;0.091426;0.127850;-0.159820
9.397000;0.051757;0.118980;-0.185360
9.397500;0.033445;0.110390;-0.183120
9.398000;0.029704;0.093875;-0.186090
9.398500;0.038681;0.079650;-0.170430
9.399000;0.051396;0.056713;-0.161520
9.399500;0.084573;0.056702;-0.169330
9.400000;0.120450;0.047749;-0.181780
9.400500;0.174880;0.031958;-0.205270
9.401000;0.219950;0.019757;-0.250860
9.401500;0.271630;-0.007435;-0.297690
9.402000;0.299950;-0.024125;-0.328610
9.402500;0.315790;0.010734;-0.376070
9.403000;0.347200;-0.002813;-0.426200
9.403500;0.366980;-0.033831;-0.450510
9.404000;0.345380;0.015465;-0.509750
9.404500;0.360850;0.031270;-0.549490
9.405000;0.355660;-0.049535;-0.595680
9.405500;0.361610;-0.005942;-0.559300
9.406000;0.293870;0.018201;-0.616260
9.406500;0.341880;-0.062763;-0.581740
9.407000;0.334070;-0.046046;-0.577870
9.407500;0.292930;0.007697;-0.612350
9.408000;0.320520;-0.058935;-0.558350
9.408500;0.284180;-0.064626;-0.522050
9.409000;0.236350;-0.023170;-0.480560
9.409500;0.207500;-0.045314;-0.456900
9.410000;0.168370;-0.046902;-0.434520
9.410500;0.095697;-0.047605;-0.412460
9.411000;0.043841;-0.027588;-0.353260
9.411500;-0.011365;-0.033540;-0.327670
9.412000;-0.045340;-0.048576;-0.305690
9.412500;-0.086677;-0.049895;-0.310930
9.413000;-0.081787;-0.068386;-0.342530
9.413500;-0.090907;-0.049210;-0.385060
9.414000;-0.058651;-0.065262;-0.428940
9.414500;-0.018739;-0.071923;-0.463510
9.415000;-0.002449;-0.050730;-0.540270
9.415500;0.071996;-0.132790;-0.564480
9.416000;0.124220;-0.129690;-0.584800
9.416500;0.171880;-0.103230;-0.640200
9.417000;0.232580;-0.109380;-0.646880
9.417500;0.293670;-0.109850;-0.651650
9.418000;0.309580;-0.081640;-0.659410
9.418500;0.332680;-0.091256;-0.632020
9.419000;0.312570;-0.092172;-0.586600
9.419500;0.257390;-0.103340;-0.541480
9.420000;0.203190;-0.069941;-0.469490
9.420500;0.084467;-0.069540;-0.406680
9.421000;-0.035253;-0.068423;-0.351850
9.421500;-0.143970;-0.096718;-0.279140
9.422000;-0.265620;-0.087038;-0.244680
9.422500;-0.346360;-0.122380;-0.220300
9.423000;-0.397100;-0.138290;-0.168440
9.423500;-0.411950;-0.154420;-0.154310
9.424000;-0.396010;-0.176550;-0.157120
9.424500;-0.402380;-0.190140;-0.174060
9.425000;-0.342160;-0.215440;-0.173800
9.425500;-0.317630;-0.208200;-0.187010
9.426000;-0.257650;-0.207530;-0.203840
9.426500;-0.190660;-0.200320;-0.234720
9.427000;-0.124750;-0.221280;-0.262300
9.427500;-0.053000;-0.222660;-0.302720
9.428000;0.003804;-0.227090;-0.350070
9.428500;0.043012;-0.226710;-0.386300
9.429000;0.066111;-0.228440;-0.429570
9.429500;0.064138;-0.235340;-0.458480
9.430000;0.059878;-0.247140;-0.478270
9.430500;0.032640;-0.248950;-0.472010
9.431000;-0.032827;-0.244240;-0.477610
9.431500;-0.086808;-0.234160;-0.469370
9.432000;-0.136840;-0.258740;-0.454270
9.432500;-0.184000;-0.252430;-0.446170
9.433000;-0.243050;-0.230010;-0.433110
9.433500;-0.281660;-0.222990;-0.415430
9.434000;-0.286710;-0.203920;-0.396540
9.434500;-0.274190;-0.192340;-0.372590
9.435000;-0.259570;-0.167020;-0.363320
9.435500;-0.223350;-0.153670;-0.357280
9.436000;-0.165660;-0.158720;-0.335720
9.436500;-0.105440;-0.148530;-0.319840
9.437000;-0.047599;-0.135830;-0.298980
9.437500;0.028953;-0.142790;-0.271930
9.438000;0.102330;-0.144040;-0.243220
9.438500;0.168630;-0.133890;-0.217260
9.439000;0.208010;-0.129300;-0.188880
9.439500;0.235180;-0.133600;-0.164170
9.440000;0.235350;-0.125340;-0.135830
9.440500;0.218960;-0.124180;-0.111280
9.441000;0.201370;-0.128560;-0.084270
9.441500;0.181320;-0.123020;-0.061735
9.442000;0.156950;-0.117020;-0.029059
9.442500;0.140620;-0.107200;-0.017108
9.443000;0.120040;-0.092496;-0.023009
9.443500;0.128820;-0.099032;-0.043127
9.444000;0.157240;-0.094277;-0.056520
9.444500;0.186910;-0.097162;-0.064650
9.445000;0.192650;-0.078855;-0.087462
9.445500;0.189840;-0.073453;-0.099167
9.446000;0.168130;-0.076401;-0.084562
9.446500;0.132610;-0.047630;-0.055422
9.447000;0.096538;-0.041094;-0.025533
9.447500;0.067386;-0.053878;0.006501
9.448000;0.039395;-0.058902;0.014070
9.448500;0.003781;-0.055882;0.019683
9.449000;-0.013117;-0.072138;0.024318
9.449500;0.002496;-0.102860;0.020875
9.450000;0.000569;-0.114530;0.017832
9.450500;0.014522;-0.121450;0.003361
9.451000;0.025386;-0.130340;-0.003295
9.451500;0.043970;-0.129280;0.002108
9.452000;0.065557;-0.123430;0.021652
9.452500;0.088903;-0.110010;0.056483
9.453000;0.111640;-0.102000;0.087161
9.453500;0.140370;-0.099375;0.107950
9.454000;0.159140;-0.099822;0.121740
9.454500;0.152730;-0.107790;0.133900
9.455000;0.159710;-0.116490;0.159000
9.455500;0.137820;-0.109930;0.163240
9.456000;0.099901;-0.107270;0.168030
9.456500;0.064299;-0.116460;0.171070
9.457000;0.025369;-0.114320;0.168830
9.457500;-0.010517;-0.122250;0.176250
9.458000;-0.038463;-0.134750;0.212190
9.458500;-0.067974;-0.123390;0.236170
9.459000;-0.081310;-0.127220;0.260680
9.459500;-0.072271;-0.129110;0.295520
9.460000;-0.083698;-0.108180;0.335110
9.460500;-0.086031;-0.076194;0.379710
9.461000;-0.057588;-0.074839;0.431850
9.461500;-0.018827;-0.043518;0.473290
9.462000;0.021582;-0.016215;0.479560
9.462500;0.079669;0.012383;0.470490
9.463000;0.139770;0.047538;0.438810
9.463500;0.197340;0.090039;0.390880
9.464000;0.244330;0.121680;0.336720
9.464500;0.282310;0.168140;0.268170
9.465000;0.318480;0.200360;0.198470
9.465500;0.338300;0.233770;0.140630
9.466000;0.351090;0.256290;0.099510
9.466500;0.347720;0.274520;0.050310
9.467000;0.336850;0.303120;0.019101
9.467500;0.334200;0.297060;0.008927
9.468000;0.320110;0.301020;-0.007471
9.468500;0.299280;0.301030;-0.008421
9.469000;0.256940;0.314190;-0.003833
9.469500;0.223020;0.317470;0.011957
9.470000;0.182190;0.268330;0.046412
9.470500;0.098565;0.290120;0.071971
9.471000;0.050270;0.339310;0.101850
9.471500;0.020259;0.220130;0.106640
9.472000;-0.042769;0.254570;0.201850
9.472500;-0.128000;0.234560;0.187810
9.473000;-0.157960;0.165470;0.241810
9.473500;-0.195850;0.166930;0.278360
9.474000;-0.263310;0.204350;0.274720
9.474500;-0.282920;0.162230;0.301400
9.475000;-0.271200;0.139290;0.312400
9.475500;-0.285420;0.185190;0.316360
9.476000;-0.245650;0.165050;0.318860
9.476500;-0.189350;0.153870;0.308920
9.477000;-0.152070;0.156320;0.283910
9.477500;-0.095174;0.138510;0.283740
9.478000;-0.082353;0.139270;0.249730
9.478500;-0.078101;0.130710;0.226000
9.479000;-0.090987;0.126730;0.221680
9.479500;-0.128300;0.131860;0.223050
9.480000;-0.198780;0.156890;0.214060
9.480500;-0.235680;0.137670;0.212310
9.481000;-0.278330;0.143280;0.209590
9.481500;-0.346010;0.177970;0.193840
9.482000;-0.358260;0.153930;0.203000
9.482500;-0.361760;0.154960;0.210080
9.483000;-0.381650;0.172970;0.206950
9.483500;-0.377250;0.168680;0.210860
9.484000;-0.377460;0.176450;0.210500
9.484500;-0.388420;0.200370;0.206000
9.485000;-0.384310;0.195160;0.221080
9.485500;-0.372150;0.208090;0.245750
9.486000;-0.362990;0.224210;0.253420
9.486500;-0.329370;0.222660;0.255590
9.487000;-0.292300;0.237020;0.237460
9.487500;-0.251300;0.243020;0.212340
9.488000;-0.195700;0.241940;0.181610
9.488500;-0.159270;0.270280;0.135280
9.489000;-0.121380;0.290240;0.073100
9.489500;-0.060346;0.290740;-0.001206
9.490000;-0.008229;0.312780;-0.082672
9.490500;0.027851;0.296510;-0.181580
9.491000;0.079354;0.313640;-0.271970
9.491500;0.126300;0.319770;-0.359880
9.492000;0.173740;0.322440;-0.442560
9.492500;0.209180;0.338870;-0.534170
9.493000;0.241230;0.335980;-0.623520
9.493500;0.256490;0.342820;-0.707540
9.494000;0.234300;0.338450;-0.780230
9.494500;0.200330;0.345370;-0.843470
9.495000;0.145020;0.350580;-0.909060
9.495500;0.097649;0.355970;-0.970720
9.496000;0.014810;0.366900;-1.029900
9.496500;-0.070968;0.376430;-1.076500
9.497000;-0.139920;0.371380;-1.102600
9.497500;-0.203950;0.380510;-1.128700
9.498000;-0.257220;0.373990;-1.142100
9.498500;-0.274210;0.352040;-1.158600
9.499000;-0.272440;0.328820;-1.143500
9.499500;-0.264480;0.320410;-1.129800
9.500000;-0.249950;0.307210;-1.081400
9.500500;-0.195820;0.288880;-1.037900
9.501000;-0.138350;0.283460;-0.993210
9.501500;-0.068433;0.259830;-0.944230
9.502000;-0.002760;0.243130;-0.903670
9.502500;0.059149;0.227980;-0.861610
9.503000;0.110770;0.215390;-0.815180
9.503500;0.168160;0.205640;-0.748860
9.504000;0.200850;0.203370;-0.699540
9.504500;0.242640;0.208230;-0.648100
9.505000;0.287120;0.181260;-0.590310
9.505500;0.311570;0.181350;-0.520290
9.506000;0.330980;0.186810;-0.452820
9.506500;0.334650;0.185740;-0.378060
9.507000;0.333330;0.193390;-0.324500
9.507500;0.328210;0.178920;-0.265980
9.508000;0.290390;0.207540;-0.216390
9.508500;0.275030;0.203600;-0.164410
9.509000;0.224580;0.227480;-0.101510
9.509500;0.185200;0.222880;-0.036332
9.510000;0.163080;0.225050;0.022568
9.510500;0.131490;0.235450;0.050012
9.511000;0.109910;0.240240;0.048760
9.511500;0.101700;0.230350;0.050558
9.512000;0.084915;0.241840;0.046291
9.512500;0.081332;0.250250;0.042901
9.513000;0.100150;0.262450;0.025422
9.513500;0.127790;0.272310;-0.006596
9.514000;0.157090;0.282720;-0.042289
9.514500;0.203160;0.295960;-0.102980
9.515000;0.265140;0.295850;-0.150880
9.515500;0.343850;0.285990;-0.189660
9.516000;0.401200;0.283060;-0.222960
9.516500;0.443270;0.277660;-0.256550
9.517000;0.470840;0.256500;-0.274590
9.517500;0.457740;0.232950;-0.270530
9.518000;0.407210;0.210880;-0.232160
9.518500;0.297960;0.204380;-0.169310
9.519000;0.180450;0.175070;-0.082001
9.519500;0.045148;0.150780;0.024684
9.520000;-0.125370;0.136530;0.122800
9.520500;-0.275720;0.105720;0.233930
9.521000;-0.408640;0.063013;0.346180
9.521500;-0.533100;0.020067;0.457120
9.522000;-0.645630;-0.014759;0.572160
9.522500;-0.742990;-0.051447;0.656970
9.523000;-0.803370;-0.084061;0.714900
9.523500;-0.827810;-0.124730;0.766720
9.524000;-0.833410;-0.157620;0.813860
9.524500;-0.805150;-0.187230;0.873040
9.525000;-0.754080;-0.205730;0.909780
9.525500;-0.709900;-0.204980;0.930890
9.526000;-0.639000;-0.233460;0.949350
9.526500;-0.588810;-0.224020;0.962110
9.527000;-0.561810;-0.205060;0.985220
9.527500;-0.519170;-0.187590;0.987510
9.528000;-0.500660;-0.176330;0.964620
9.528500;-0.469860;-0.168360;0.923380
9.529000;-0.455160;-0.155410;0.873250
9.529500;-0.441880;-0.146390;0.812000
9.530000;-0.443590;-0.139080;0.757820
9.530500;-0.432380;-0.140760;0.694500
9.531000;-0.432960;-0.139260;0.636260
9.531500;-0.446860;-0.124670;0.579900
9.532000;-0.422240;-0.128020;0.551270
9.532500;-0.396840;-0.107410;0.540260
9.533000;-0.366210;-0.103190;0.550950
9.533500;-0.336550;-0.076430;0.563780
9.534000;-0.298410;-0.050470;0.564380
9.534500;-0.245950;-0.044775;0.573540
9.535000;-0.186490;-0.023191;0.569730
9.535500;-0.141360;0.001356;0.572590
9.536000;-0.082695;0.010545;0.569040
9.536500;-0.031920;0.028137;0.542660
9.537000;-0.004233;0.040002;0.501580
9.537500;0.036608;0.045928;0.439990
9.538000;0.079185;0.045429;0.377410
9.538500;0.107280;0.050618;0.323880
9.539000;0.140270;0.039888;0.288090
9.539500;0.163630;0.045529;0.249330
9.540000;0.237990;0.068499;0.154500
9.540500;0.163430;0.012231;0.142180
9.541000;0.246230;0.091010;0.068244
9.541500;0.257990;0.065529;0.036032
9.542000;0.301500;0.081965;0.010035
9.542500;0.321710;0.087429;-0.016294
9.543000;0.359040;0.101450;-0.028905
9.543500;0.351460;0.105160;-0.073136
9.544000;0.340090;0.125820;-0.106280
9.544500;0.305710;0.102050;-0.127710
9.545000;0.236250;0.196950;-0.133900
9.545500;0.214710;0.203480;-0.142730
9.546000;0.147960;0.066156;-0.195510
9.546500;0.141140;0.120970;-0.133910
9.547000;0.056323;0.110520;-0.239700
9.547500;0.087092;0.032442;-0.192580
9.548000;0.162200;-0.015057;-0.165050
9.548500;0.112480;0.105920;-0.213600
9.549000;0.173580;0.040258;-0.213600
9.549500;0.217100;0.000413;-0.199150
9.550000;0.202200;0.053324;-0.211330
9.550500;0.254870;0.022871;-0.213710
9.551000;0.276620;0.024361;-0.228380
9.551500;0.263980;0.006607;-0.242600
9.552000;0.263850;0.012922;-0.210930
9.552500;0.220080;-0.006083;-0.229950
9.553000;0.205440;0.004936;-0.214240
9.553500;0.165330;0.005263;-0.232960
9.554000;0.151230;-0.004773;-0.223740
9.554500;0.089281;0.015576;-0.234510
9.555000;0.077139;-0.003932;-0.250640
9.555500;0.065678;-0.023356;-0.238690
9.556000;0.052452;-0.013826;-0.287360
9.556500;0.062438;-0.060933;-0.291440
9.557000;0.085041;-0.083532;-0.282860
9.557500;0.092638;-0.058903;-0.297710
9.558000;0.142410;-0.104230;-0.281470
9.558500;0.182390;-0.118550;-0.259090
9.559000;0.196040;-0.097214;-0.261160
9.559500;0.222940;-0.093359;-0.191400
9.560000;0.231040;-0.113670;-0.140720
9.560500;0.218150;-0.106180;-0.063865
9.561000;0.203950;-0.159170;-0.007181
9.561500;0.181140;-0.117780;0.067096
9.562000;0.151580;-0.143430;0.103650
9.562500;0.118550;-0.130730;0.115610
9.563000;0.063830;-0.121570;0.098147
9.563500;0.036231;-0.140190;0.091392
9.564000;0.011753;-0.119140;0.081653
9.564500;0.000768;-0.135480;0.051773
9.565000;-0.007199;-0.121550;0.019347
9.565500;-0.010750;-0.107510;-0.037098
9.566000;0.015116;-0.121970;-0.058506
9.566500;0.039315;-0.120820;-0.071645
9.567000;0.072271;-0.122970;-0.074086
9.567500;0.086806;-0.127950;-0.067992
9.568000;0.108250;-0.145540;-0.063681
9.568500;0.088257;-0.138820;-0.064445
9.569000;0.057313;-0.154920;-0.052853
9.569500;-0.019689;-0.174870;-0.018229
9.570000;-0.116060;-0.188270;-0.001005
9.570500;-0.224650;-0.199060;0.022398
9.571000;-0.344570;-0.194810;0.027094
9.571500;-0.432860;-0.217870;0.026885
9.572000;-0.511500;-0.208030;0.021156
9.572500;-0.574430;-0.233050;0.014322
9.573000;-0.587180;-0.266050;0.024466
9.573500;-0.591760;-0.269500;0.016903
9.574000;-0.586590;-0.283040;0.008256
9.574500;-0.551520;-0.269430;-0.011559
9.575000;-0.489240;-0.287820;-0.021294
9.575500;-0.422880;-0.315340;-0.023273
9.576000;-0.353640;-0.308070;-0.030127
9.576500;-0.269050;-0.287350;-0.061100
9.577000;-0.148800;-0.296650;-0.073921
9.577500;-0.052323;-0.272740;-0.121430
9.578000;0.017670;-0.250080;-0.176040
9.578500;0.087342;-0.262770;-0.192480
9.579000;0.142440;-0.249490;-0.193830
9.579500;0.165880;-0.240100;-0.187610
9.580000;0.152950;-0.206650;-0.183800
9.580500;0.145200;-0.203610;-0.184090
9.581000;0.108960;-0.193220;-0.165000
9.581500;0.078499;-0.193350;-0.129290
9.582000;0.036058;-0.181310;-0.066181
9.582500;0.006699;-0.168450;0.010431
9.583000;0.009026;-0.162740;0.066394
9.583500;0.017041;-0.175750;0.134240
9.584000;0.024105;-0.168810;0.189860
9.584500;0.044231;-0.177140;0.256540
9.585000;0.064614;-0.159940;0.310040
9.585500;0.086901;-0.142960;0.336370
9.586000;0.134960;-0.147460;0.357390
9.586500;0.177560;-0.123830;0.332770
9.587000;0.231200;-0.123790;0.305890
9.587500;0.293790;-0.135610;0.283870
9.588000;0.335760;-0.124410;0.248620
9.588500;0.374840;-0.125020;0.206570
9.589000;0.423130;-0.135330;0.168610
9.589500;0.460550;-0.120260;0.128420
9.590000;0.489030;-0.107880;0.091434
9.590500;0.518490;-0.106160;0.064352
9.591000;0.530490;-0.093649;0.046938
9.591500;0.539150;-0.099212;0.035884
9.592000;0.530070;-0.095857;0.014062
9.592500;0.492210;-0.081771;-0.021366
9.593000;0.433650;-0.063752;-0.044586
9.593500;0.353700;-0.059003;-0.055370
9.594000;0.255310;-0.047785;-0.057805
9.594500;0.157850;-0.062609;-0.052918
9.595000;0.071088;-0.065997;-0.041348
9.595500;-0.019210;-0.027047;-0.025791
9.596000;-0.052820;-0.094410;0.009596
9.596500;-0.136280;-0.098158;0.044271
9.597000;-0.141260;-0.091105;0.091750
9.597500;-0.200240;-0.079886;0.070221
9.598000;-0.196820;-0.129030;0.084251
9.598500;-0.178320;-0.151660;0.110470
9.599000;-0.203970;-0.099406;0.057179
9.599500;-0.193630;-0.145230;0.059951
9.600000;-0.177350;-0.165930;0.051820
9.600500;-0.188620;-0.144370;0.011693
9.601000;-0.163290;-0.170660;-0.013090
9.601500;-0.124640;-0.202180;-0.026324
9.602000;-0.109390;-0.187370;-0.043649
9.602500;-0.088708;-0.211210;-0.068359
9.603000;-0.076359;-0.206080;-0.077194
9.603500;-0.057746;-0.217590;-0.094577
9.604000;-0.051442;-0.213930;-0.108240
9.604500;-0.049986;-0.215880;-0.132620
9.605000;-0.055742;-0.181630;-0.143110
9.605500;-0.062246;-0.180260;-0.179510
9.606000;-0.047224;-0.185790;-0.171020
9.606500;-0.047809;-0.151840;-0.206650
9.607000;-0.050693;-0.132600;-0.224840
9.607500;-0.028538;-0.130130;-0.224890
9.608000;-0.047526;-0.084517;-0.256280
9.608500;-0.047773;-0.072340;-0.278550
9.609000;-0.027717;-0.083876;-0.302970
9.609500;-0.046766;-0.047816;-0.339030
9.610000;-0.045515;-0.025474;-0.376410
9.610500;-0.019008;-0.036163;-0.410410
9.611000;-0.006600;-0.018791;-0.465410
9.611500;0.013386;-0.015235;-0.503210
9.612000;0.049514;-0.016818;-0.531440
9.612500;0.084911;-0.017371;-0.544070
9.613000;0.107440;0.001543;-0.547000
9.613500;0.150400;0.003481;-0.553780
9.614000;0.201600;-0.004308;-0.548420
9.614500;0.249980;-0.000010;-0.522340
9.615000;0.297120;0.006215;-0.492270
9.615500;0.331260;0.000046;-0.466140
9.616000;0.363040;0.005399;-0.427860
9.616500;0.378450;0.003082;-0.395460
9.617000;0.391010;0.009378;-0.366200
9.617500;0.373370;0.003199;-0.362950
9.618000;0.328010;0.002405;-0.324130
9.618500;0.276230;-0.002053;-0.301670
9.619000;0.199480;-0.008067;-0.257350
9.619500;0.100830;0.002564;-0.222090
9.620000;0.002446;0.009645;-0.199800
9.620500;-0.099598;-0.008181;-0.167200
9.621000;-0.200740;-0.004182;-0.132710
9.621500;-0.292990;0.007422;-0.119140
9.622000;-0.343890;0.005754;-0.085946
9.622500;-0.359670;0.002283;-0.073877
9.623000;-0.375880;0.011281;-0.066703
9.623500;-0.358890;0.010428;-0.071489
9.624000;-0.339650;-0.006545;-0.050712
9.624500;-0.311090;-0.005402;-0.010526
9.625000;-0.296310;0.009159;0.017395
9.625500;-0.258740;-0.001363;0.058793
9.626000;-0.209780;-0.010329;0.089660
9.626500;-0.182920;0.009506;0.115240
9.627000;-0.144160;0.013678;0.139850
9.627500;-0.085433;0.009767;0.169120
9.628000;-0.035695;0.021103;0.198950
9.628500;0.020494;0.032341;0.223180
9.629000;0.072262;0.031633;0.235450
9.629500;0.091627;0.056672;0.249550
9.630000;0.124060;0.058780;0.266370
9.630500;0.128770;0.058371;0.302500
9.631000;0.107390;0.076509;0.331310
9.631500;0.109460;0.056522;0.373040
9.632000;0.077393;0.080615;0.387220
9.632500;0.076627;0.061046;0.426620
9.633000;0.064512;0.041762;0.480240
9.633500;0.048376;0.049825;0.535610
9.634000;0.038826;0.069987;0.581690
9.634500;0.043005;0.054259;0.599440
9.635000;0.043357;0.068452;0.610600
9.635500;0.054261;0.051706;0.601000
9.636000;0.053485;0.070833;0.595830
9.636500;0.122620;0.052825;0.549920
9.637000;0.138420;0.080538;0.482130
9.637500;0.193940;0.110950;0.397040
9.638000;0.260510;0.112720;0.307410
9.638500;0.302150;0.133340;0.199320
9.639000;0.360000;0.092691;0.109500
9.639500;0.368800;0.117270;0.013302
9.640000;0.368430;0.135480;-0.066858
9.640500;0.369340;0.143140;-0.140540
9.641000;0.360870;0.154690;-0.213100
9.641500;0.328630;0.162270;-0.286550
9.642000;0.310380;0.169260;-0.348540
9.642500;0.281240;0.164250;-0.389800
9.643000;0.257690;0.169990;-0.438150
9.643500;0.221690;0.175780;-0.488470
9.644000;0.171330;0.163730;-0.530620
9.644500;0.100490;0.166990;-0.556320
9.645000;0.034495;0.147190;-0.571120
9.645500;-0.029135;0.123460;-0.555490
9.646000;-0.091093;0.101250;-0.533350
9.646500;-0.140750;0.080861;-0.507310
9.647000;-0.175360;0.054738;-0.487720
9.647500;-0.190770;0.020622;-0.457450
9.648000;-0.190280;-0.016030;-0.411870
9.648500;-0.191230;-0.025407;-0.377200
9.649000;-0.201060;-0.031596;-0.344210
9.649500;-0.193790;-0.045724;-0.323620
9.650000;-0.190090;-0.032819;-0.311760
9.650500;-0.195840;-0.025183;-0.310800
9.651000;-0.176920;-0.019650;-0.313400
9.651500;-0.172190;-0.018578;-0.323700
9.652000;-0.150770;-0.008309;-0.349050
9.652500;-0.121520;0.002025;-0.394810
9.653000;-0.105570;0.012011;-0.425050
9.653500;-0.068407;0.003366;-0.446520
9.654000;-0.036479;-0.007682;-0.465460
9.654500;-0.010444;-0.006968;-0.472420
9.655000;0.017889;-0.019836;-0.455180
9.655500;0.038909;-0.011157;-0.435040
9.656000;0.048952;-0.002814;-0.416500
9.656500;0.066234;0.000049;-0.370780
9.657000;0.080350;0.001239;-0.311120
9.657500;0.076346;0.021301;-0.242910
9.658000;0.056194;0.036356;-0.175480
9.658500;0.028448;0.043738;-0.106450
9.659000;-0.008257;0.065188;-0.036164
9.659500;-0.055333;0.091485;0.015670
9.660000;-0.095754;0.104000;0.072261
9.660500;-0.124780;0.117770;0.106480
9.661000;-0.137450;0.128950;0.140950
9.661500;-0.114270;0.135100;0.154030
9.662000;-0.070492;0.142120;0.145630
9.662500;0.009115;0.141530;0.133860
9.663000;0.108340;0.142760;0.110880
9.663500;0.188370;0.158470;0.078675
9.664000;0.263260;0.167780;0.047937
9.664500;0.338600;0.181600;0.015373
9.665000;0.371100;0.192970;-0.005698
9.665500;0.366500;0.200780;0.001639
9.666000;0.332870;0.204910;0.030156
9.666500;0.279830;0.192490;0.084923
9.667000;0.206410;0.177810;0.160410
9.667500;0.102050;0.174440;0.228740
9.668000;-0.003100;0.158620;0.290540
9.668500;-0.102680;0.109990;0.345940
9.669000;-0.207640;0.095696;0.389040
9.669500;-0.319160;0.096030;0.398660
9.670000;-0.389260;0.043699;0.406210
9.670500;-0.476140;0.040853;0.395880
9.671000;-0.503400;0.025083;0.372710
9.671500;-0.546940;0.035040;0.327450
9.672000;-0.553050;0.022593;0.274340
9.672500;-0.512770;-0.010454;0.244710
9.673000;-0.495280;0.026818;0.181420
9.673500;-0.460150;0.018208;0.126150
9.674000;-0.405940;-0.011746;0.085341
9.674500;-0.376960;-0.013125;0.032063
9.675000;-0.366800;-0.011955;-0.031648
9.675500;-0.355640;-0.033852;-0.076462
9.676000;-0.365530;-0.055339;-0.122920
9.676500;-0.382050;-0.065776;-0.169750
9.677000;-0.404620;-0.077843;-0.198970
9.677500;-0.426800;-0.080806;-0.227260
9.678000;-0.431850;-0.100570;-0.241310
9.678500;-0.420090;-0.138160;-0.230230
9.679000;-0.421720;-0.116720;-0.216980
9.679500;-0.399930;-0.131100;-0.189200
9.680000;-0.366140;-0.135060;-0.126010
9.680500;-0.373640;-0.090801;-0.074919
9.681000;-0.361660;-0.088860;-0.008490
9.681500;-0.335010;-0.086670;0.071323
9.682000;-0.329180;-0.057133;0.132500
9.682500;-0.324390;-0.039933;0.194820
9.683000;-0.284600;-0.057959;0.243070
9.683500;-0.253410;-0.044783;0.276350
9.684000;-0.223290;-0.032727;0.297730
9.684500;-0.159960;-0.035585;0.318840
9.685000;-0.108120;-0.019791;0.310070
9.685500;-0.052822;-0.011843;0.293490
9.686000;0.018679;-0.009854;0.278610
9.686500;0.095249;0.000285;0.255280
9.687000;0.183560;-0.000275;0.233260
9.687500;0.289930;-0.009485;0.225250
9.688000;0.386760;0.000908;0.214650
9.688500;0.491960;0.019249;0.203720
9.689000;0.593490;0.018316;0.210170
9.689500;0.667170;0.032366;0.208940
9.690000;0.715990;0.047467;0.204650
9.690500;0.745230;0.053969;0.215460
9.691000;0.729410;0.077544;0.210850
9.691500;0.681570;0.088414;0.213210
9.692000;0.617730;0.093160;0.224280
9.692500;0.507630;0.108880;0.228550
9.693000;0.381430;0.115500;0.247240
9.693500;0.252090;0.113480;0.270500
9.694000;0.110800;0.122990;0.283770
9.694500;-0.031958;0.121980;0.297290
9.695000;-0.141920;0.103690;0.323730
9.695500;-0.244920;0.089195;0.353820
9.696000;-0.325320;0.087182;0.358870
9.696500;-0.374570;0.072847;0.370600
9.697000;-0.394030;0.065677;0.371030
9.697500;-0.385970;0.072129;0.348970
9.698000;-0.340850;0.065045;0.336500
9.698500;-0.263270;0.060990;0.297970
9.699000;-0.159330;0.063504;0.241550
9.699500;-0.046763;0.056649;0.187440
9.700000;0.053542;0.065452;0.119600
9.700500;0.136500;0.068688;0.071244
9.701000;0.205950;0.062320;0.028555
9.701500;0.229720;0.083058;-0.002718
9.702000;0.245540;0.093189;-0.046772
9.702500;0.280180;0.094137;-0.086172
9.703000;0.279290;0.112110;-0.124820
9.703500;0.298300;0.118270;-0.169160
9.704000;0.329050;0.121160;-0.194620
9.704500;0.348680;0.138650;-0.224730
9.705000;0.368600;0.161520;-0.254520
9.705500;0.382880;0.178230;-0.288000
9.706000;0.368710;0.196990;-0.304470
9.706500;0.340340;0.227650;-0.305050
9.707000;0.315140;0.239020;-0.291310
9.707500;0.283350;0.247330;-0.258640
9.708000;0.263310;0.249810;-0.237740
9.708500;0.237680;0.238880;-0.202980
9.709000;0.207890;0.233000;-0.177750
9.709500;0.175930;0.229230;-0.166370
9.710000;0.149360;0.210750;-0.139420
9.710500;0.140760;0.203690;-0.130660
9.711000;0.137230;0.197340;-0.149510
9.711500;0.162740;0.161440;-0.183900
9.712000;0.201380;0.144960;-0.233050
9.712500;0.232930;0.141740;-0.295800
9.713000;0.286880;0.144830;-0.369710
9.713500;0.342600;0.150320;-0.449470
9.714000;0.386570;0.153880;-0.520590
9.714500;0.427570;0.160140;-0.587720
9.715000;0.445590;0.160700;-0.614620
9.715500;0.445560;0.155670;-0.594570
9.716000;0.414560;0.159230;-0.537780
9.716500;0.346240;0.143820;-0.460160
9.717000;0.239480;0.139070;-0.371040
9.717500;0.102370;0.126090;-0.302470
9.718000;-0.051413;0.117250;-0.220680
9.718500;-0.219390;0.099587;-0.150360
9.719000;-0.387570;0.083596;-0.082394
9.719500;-0.516710;0.053886;-0.027249
9.720000;-0.628350;0.029871;0.010574
9.720500;-0.712720;0.016471;0.031789
9.721000;-0.744900;-0.015339;0.055644
9.721500;-0.736190;-0.022198;0.063967
9.722000;-0.682870;-0.031740;0.052628
9.722500;-0.590790;-0.044904;0.039545
9.723000;-0.475680;-0.047832;0.005757
9.723500;-0.349170;-0.055686;-0.041311
9.724000;-0.222970;-0.048504;-0.088521
9.724500;-0.105140;-0.064428;-0.133210
9.725000;-0.002005;-0.049995;-0.183660
9.725500;0.077159;-0.040454;-0.252420
9.726000;0.124350;-0.033672;-0.333960
9.726500;0.159500;-0.021086;-0.392970
9.727000;0.141300;-0.014754;-0.430140
9.727500;0.084521;0.000820;-0.435830
9.728000;0.033755;-0.005822;-0.417330
9.728500;-0.031978;-0.021601;-0.382070
9.729000;-0.109400;-0.026737;-0.321020
9.729500;-0.159920;-0.045671;-0.252190
9.730000;-0.195400;-0.061171;-0.184640
9.730500;-0.224910;-0.058705;-0.128560
9.731000;-0.233200;-0.063516;-0.094581
9.731500;-0.228540;-0.057650;-0.070944
9.732000;-0.212140;-0.050442;-0.068930
9.732500;-0.180980;-0.045912;-0.085424
9.733000;-0.141300;-0.036754;-0.103660
9.733500;-0.095079;-0.021519;-0.139400
9.734000;-0.041284;-0.010158;-0.171900
9.734500;0.012523;0.003931;-0.224320
9.735000;0.091111;0.015285;-0.287210
9.735500;0.176820;0.013479;-0.341060
9.736000;0.252950;0.016508;-0.403770
9.736500;0.325370;0.022143;-0.468640
9.737000;0.393240;0.005788;-0.509130
9.737500;0.444820;0.004710;-0.508410
9.738000;0.465800;0.016982;-0.491220
9.738500;0.471630;0.023037;-0.450300
9.739000;0.474020;0.030490;-0.404730
9.739500;0.465090;0.038403;-0.355250
9.740000;0.457960;0.046251;-0.295960
9.740500;0.446570;0.044430;-0.239530
9.741000;0.411330;0.047492;-0.194720
9.741500;0.351110;0.046298;-0.162760
9.742000;0.281080;0.031032;-0.137010
9.742500;0.170480;0.040959;-0.110070
9.743000;0.076408;0.048020;-0.090385
9.743500;-0.008784;-0.002812;-0.054847
9.744000;-0.098531;-0.021367;-0.031650
9.744500;-0.177600;0.051616;-0.019703
9.745000;-0.169630;-0.054366;-0.062541
9.745500;-0.179910;-0.045730;-0.050843
9.746000;-0.179810;-0.066312;-0.105630
9.746500;-0.084582;-0.149830;-0.076370
9.747000;-0.025715;-0.124300;-0.096244
9.747500;0.023726;-0.130440;-0.111680
9.748000;0.128170;-0.186710;-0.074040
9.748500;0.177560;-0.185680;-0.114450
9.749000;0.217930;-0.171940;-0.109130
9.749500;0.289800;-0.201500;-0.089653
9.750000;0.309180;-0.184380;-0.094084
9.750500;0.297310;-0.170530;-0.092781
9.751000;0.292190;-0.167700;-0.099229
9.751500;0.255250;-0.148950;-0.113710
9.752000;0.218460;-0.150080;-0.091128
9.752500;0.172060;-0.135330;-0.055415
9.753000;0.122050;-0.118630;-0.024567
9.753500;0.094144;-0.111450;0.000720
9.754000;0.066411;-0.113630;0.026366
9.754500;0.027715;-0.106030;0.060799
9.755000;-0.001768;-0.102750;0.094699
9.755500;0.009808;-0.136530;0.169020
9.756000;-0.015230;-0.114320;0.227360
9.756500;-0.054314;-0.085504;0.270710
9.757000;-0.048564;-0.108510;0.360750
9.757500;-0.063123;-0.100700;0.443930
9.758000;-0.090564;-0.078067;0.513730
9.758500;-0.084435;-0.077541;0.580800
9.759000;-0.087652;-0.051448;0.610010
9.759500;-0.072475;-0.059535;0.631170
9.760000;-0.031809;-0.077090;0.640260
9.760500;0.001372;-0.063684;0.623360
9.761000;0.055022;-0.065049;0.599960
9.761500;0.117610;-0.059751;0.557090
9.762000;0.182400;-0.057438;0.515430
9.762500;0.249500;-0.052949;0.450490
9.763000;0.305070;-0.038306;0.395130
9.763500;0.339420;-0.026756;0.326810
9.764000;0.348090;0.003105;0.257030
9.764500;0.333430;0.017681;0.188860
9.765000;0.300600;0.046411;0.127410
9.765500;0.220110;0.081940;0.066837
9.766000;0.126860;0.107170;0.033287
9.766500;0.029698;0.118260;0.004434
9.767000;-0.072480;0.126540;-0.015914
9.767500;-0.191450;0.131970;-0.041248
9.768000;-0.308630;0.141670;-0.074157
9.768500;-0.411900;0.126060;-0.100980
9.769000;-0.491310;0.099466;-0.097516
9.769500;-0.572190;0.086029;-0.084666
9.770000;-0.612460;0.064403;-0.074764
9.770500;-0.644060;0.063206;-0.095181
9.771000;-0.640460;0.050839;-0.131760
9.771500;-0.593600;0.027989;-0.142490
9.772000;-0.528440;0.018002;-0.170030
9.772500;-0.447840;0.008554;-0.207040
9.773000;-0.331510;-0.011168;-0.245610
9.773500;-0.212690;-0.009468;-0.311000
9.774000;-0.102590;-0.006194;-0.366540
9.774500;-0.000918;-0.014605;-0.421810
9.775000;0.086392;-0.020521;-0.474490
9.775500;0.152370;-0.024486;-0.523140
9.776000;0.173040;-0.006026;-0.577050
9.776500;0.174370;-0.015342;-0.607550
9.777000;0.182130;-0.030298;-0.618650
9.777500;0.171490;-0.040387;-0.628750
9.778000;0.124070;-0.038885;-0.621350
9.778500;0.078844;-0.032713;-0.623630
9.779000;0.027187;-0.031381;-0.616310
9.779500;-0.009388;-0.026615;-0.613300
9.780000;-0.030637;-0.013537;-0.609900
9.780500;-0.051985;-0.003772;-0.623950
9.781000;-0.072657;0.010721;-0.633810
9.781500;-0.087833;0.014278;-0.645120
9.782000;-0.089555;0.040745;-0.654660
9.782500;-0.081774;0.059399;-0.669760
9.783000;-0.066890;0.079276;-0.713150
9.783500;-0.039698;0.101460;-0.766840
9.784000;0.020353;0.104030;-0.825000
9.784500;0.086815;0.105770;-0.859900
9.785000;0.175180;0.123890;-0.916300
9.785500;0.276570;0.129520;-0.960260
9.786000;0.366500;0.134620;-1.010000
9.786500;0.435130;0.148670;-1.030200
9.787000;0.510530;0.150840;-1.040700
9.787500;0.563880;0.169190;-1.023200
9.788000;0.586960;0.171490;-0.988390
9.788500;0.596800;0.184940;-0.944990
9.789000;0.575520;0.208830;-0.891700
9.789500;0.538440;0.185270;-0.810400
9.790000;0.464850;0.178510;-0.712870
9.790500;0.345980;0.251540;-0.597240
9.791000;0.276550;0.146080;-0.490860
9.791500;0.146360;0.181300;-0.345820
9.792000;0.008717;0.177390;-0.254400
9.792500;-0.080846;0.136450;-0.139240
9.793000;-0.208250;0.144470;-0.042707
9.793500;-0.311110;0.139910;0.032717
9.794000;-0.367510;0.127490;0.118150
9.794500;-0.421650;0.120990;0.152960
9.795000;-0.425920;0.150640;0.185710
9.795500;-0.359570;0.134480;0.167660
9.796000;-0.280970;0.125540;0.134130
9.796500;-0.207600;0.158600;0.095986
9.797000;-0.098213;0.165020;0.060085
9.797500;-0.019829;0.187650;0.014114
9.798000;0.060653;0.193040;-0.034489
9.798500;0.114840;0.195450;-0.063550
9.799000;0.147740;0.193380;-0.093154
9.799500;0.140440;0.201210;-0.125890
9.800000;0.135170;0.190850;-0.158550
9.800500;0.111560;0.202980;-0.183010
9.801000;0.080548;0.226240;-0.217980
9.801500;0.072016;0.213430;-0.219520
9.802000;0.059243;0.210420;-0.232250
9.802500;0.035994;0.221900;-0.244990
9.803000;0.022031;0.201880;-0.230600
9.803500;0.000837;0.203190;-0.190050
9.804000;-0.015900;0.211250;-0.157990
9.804500;-0.007442;0.195140;-0.101200
9.805000;-0.010228;0.183730;-0.034598
9.805500;-0.017869;0.178540;0.031550
9.806000;-0.015900;0.158300;0.094263
9.806500;-0.001792;0.150600;0.137250
9.807000;0.006712;0.134440;0.186140
9.807500;0.010144;0.113580;0.216010
9.808000;0.009055;0.098846;0.241320
9.808500;0.006754;0.083354;0.248000
9.809000;-0.013179;0.080496;0.252090
9.809500;-0.024918;0.067167;0.249080
9.810000;-0.023402;0.057867;0.232790
9.810500;-0.003198;0.047950;0.195670
9.811000;0.024248;0.028449;0.150040
9.811500;0.044430;0.019731;0.108760
9.812000;0.095526;0.006476;0.086305
9.812500;0.148950;0.009759;0.071755
9.813000;0.180480;0.013522;0.050549
9.813500;0.231440;0.009120;0.034096
9.814000;0.268990;0.008256;0.022927
9.814500;0.275060;0.018161;0.045529
9.815000;0.256480;0.024366;0.079064
9.815500;0.229480;0.026311;0.120990
9.816000;0.180340;0.041696;0.150740
9.816500;0.101400;0.048706;0.180380
9.817000;0.008271;0.038135;0.204550
9.817500;-0.099731;0.035335;0.225900
9.818000;-0.218790;0.044360;0.243240
9.818500;-0.346340;0.032979;0.274890
9.819000;-0.460000;0.019757;0.311860
9.819500;-0.536510;-0.010395;0.350190
9.820000;-0.594460;-0.029713;0.394880
9.820500;-0.634040;-0.047520;0.435600
9.821000;-0.636180;-0.069172;0.469420
9.821500;-0.612640;-0.065770;0.480430
9.822000;-0.557740;-0.079162;0.490410
9.822500;-0.482420;-0.085591;0.477340
9.823000;-0.411860;-0.081309;0.451900
9.823500;-0.323740;-0.071343;0.403610
9.824000;-0.234280;-0.071166;0.357690
9.824500;-0.178020;-0.044032;0.310010
9.825000;-0.123800;-0.017327;0.257600
9.825500;-0.080993;0.007706;0.201820
9.826000;-0.045702;0.019046;0.152150
9.826500;-0.029401;0.032356;0.121710
9.827000;-0.032083;0.055768;0.097645
9.827500;-0.044963;0.070214;0.096670
9.828000;-0.071791;0.072196;0.121810
9.828500;-0.097041;0.085713;0.163440
9.829000;-0.122290;0.108860;0.191330
9.829500;-0.123710;0.118410;0.212880
9.830000;-0.130380;0.127560;0.210470
9.830500;-0.104880;0.137510;0.191900
9.831000;-0.074903;0.149130;0.164160
9.831500;-0.048579;0.185800;0.134410
9.832000;0.004697;0.215480;0.096352
9.832500;0.060575;0.235430;0.037086
9.833000;0.124390;0.231220;-0.026675
9.833500;0.211820;0.241290;-0.096922
9.834000;0.302730;0.241830;-0.165020
9.834500;0.383640;0.249460;-0.242200
9.835000;0.485630;0.236310;-0.334780
9.835500;0.581990;0.246000;-0.429410
9.836000;0.670460;0.223900;-0.518100
9.836500;0.743460;0.222390;-0.602200
9.837000;0.792740;0.224330;-0.689380
9.837500;0.823440;0.204720;-0.765140
9.838000;0.802650;0.219440;-0.833550
9.838500;0.759910;0.225420;-0.897950
9.839000;0.677160;0.239700;-0.936940
9.839500;0.613540;0.190310;-0.954050
9.840000;0.457940;0.204040;-0.930180
9.840500;0.335620;0.293790;-0.913770
9.841000;0.252590;0.147300;-0.849450
9.841500;0.065812;0.095697;-0.760980
9.842000;-0.133940;0.367820;-0.691620
9.842500;-0.156160;0.100090;-0.724670
9.843000;-0.323590;0.142240;-0.579610
9.843500;-0.442900;0.036522;-0.587830
9.844000;-0.433130;-0.029067;-0.486770
9.844500;-0.477300;0.026149;-0.560120
9.845000;-0.423720;-0.033687;-0.563300
9.845500;-0.328300;-0.070636;-0.529630
9.846000;-0.251680;-0.103510;-0.609670
9.846500;-0.190710;-0.026357;-0.592780
9.847000;-0.022699;-0.093010;-0.590880
9.847500;0.065451;-0.068323;-0.590540
9.848000;0.116250;-0.118800;-0.597830
9.848500;0.152870;-0.118810;-0.518280
9.849000;0.159260;-0.147580;-0.530160
9.849500;0.142130;-0.151290;-0.498990
9.850000;0.102490;-0.156790;-0.457200
9.850500;0.089519;-0.167990;-0.385120
9.851000;0.024044;-0.162780;-0.369910
9.851500;0.020670;-0.207780;-0.281640
9.852000;-0.042364;-0.163400;-0.213850
9.852500;-0.119200;-0.138860;-0.185460
9.853000;-0.111370;-0.208290;-0.065882
9.853500;-0.145470;-0.167830;-0.026975
9.854000;-0.197480;-0.141180;0.015729
9.854500;-0.196030;-0.185330;0.087086
9.855000;-0.200910;-0.162650;0.140500
9.855500;-0.216500;-0.144470;0.186720
9.856000;-0.184360;-0.168190;0.233010
9.856500;-0.193810;-0.130300;0.247590
9.857000;-0.184670;-0.139290;0.267530
9.857500;-0.149240;-0.165740;0.352900
9.858000;-0.144840;-0.123040;0.391850
9.858500;-0.124390;-0.109220;0.407280
9.859000;-0.101920;-0.096906;0.380900
9.859500;-0.101670;-0.064899;0.325650
9.860000;-0.093433;-0.029472;0.265330
9.860500;-0.081899;-0.010378;0.187050
9.861000;-0.049469;0.009374;0.085210
9.861500;-0.009373;0.035035;-0.050326
9.862000;0.056389;0.052131;-0.180900
9.862500;0.140920;0.057969;-0.289490
9.863000;0.214400;0.086685;-0.387810
9.863500;0.312870;0.098548;-0.451290
9.864000;0.368410;0.125530;-0.519730
9.864500;0.427560;0.155670;-0.585140
9.865000;0.465140;0.165670;-0.632560
9.865500;0.468590;0.185540;-0.685230
9.866000;0.438300;0.188650;-0.718720
9.866500;0.383780;0.183390;-0.724480
9.867000;0.305650;0.183560;-0.715950
9.867500;0.232890;0.180320;-0.717980
9.868000;0.156890;0.161910;-0.728710
9.868500;0.077551;0.134120;-0.745600
9.869000;0.002956;0.108420;-0.748980
9.869500;-0.054587;0.094145;-0.736360
9.870000;-0.090590;0.058154;-0.703010
9.870500;-0.122400;0.041414;-0.679210
9.871000;-0.144860;0.021062;-0.693120
9.871500;-0.139160;-0.006396;-0.716000
9.872000;-0.102340;-0.031191;-0.748140
9.872500;-0.037994;-0.052210;-0.772370
9.873000;0.054948;-0.067070;-0.820600
9.873500;0.173680;-0.093314;-0.886210
9.874000;0.285680;-0.106920;-0.967160
9.874500;0.391370;-0.121000;-1.013400
9.875000;0.468480;-0.133460;-1.026100
9.875500;0.509110;-0.137020;-1.000400
9.876000;0.519200;-0.148830;-0.952980
9.876500;0.482020;-0.135940;-0.902550
9.877000;0.428890;-0.127580;-0.850990
9.877500;0.363650;-0.121750;-0.792680
9.878000;0.279420;-0.121470;-0.723650
9.878500;0.191320;-0.125090;-0.649890
9.879000;0.100530;-0.120760;-0.583420
9.879500;0.004997;-0.109250;-0.528820
9.880000;-0.082132;-0.105360;-0.469270
9.880500;-0.163130;-0.090821;-0.409810
9.881000;-0.240870;-0.081911;-0.347370
9.881500;-0.276950;-0.073918;-0.282600
9.882000;-0.292200;-0.043080;-0.227820
9.882500;-0.260200;-0.037138;-0.198020
9.883000;-0.218460;0.011025;-0.198010
9.883500;-0.144490;0.030211;-0.225510
9.884000;-0.042709;0.030936;-0.231850
9.884500;0.049402;0.047739;-0.266030
9.885000;0.130580;0.059930;-0.321650
9.885500;0.218980;0.051592;-0.350940
9.886000;0.299710;0.046534;-0.368130
9.886500;0.336780;0.054056;-0.354720
9.887000;0.351590;0.059966;-0.326920
9.887500;0.347210;0.059107;-0.279090
9.888000;0.310220;0.072830;-0.222950
9.888500;0.247390;0.084312;-0.148550
9.889000;0.173440;0.086040;-0.079569
9.889500;0.071930;0.089818;-0.012437
9.890000;-0.062237;0.098756;0.057862
9.890500;-0.186620;0.086598;0.131550
9.891000;-0.321450;0.096624;0.204180
9.891500;-0.460410;0.091914;0.264620
9.892000;-0.584100;0.097724;0.306500
9.892500;-0.690830;0.099661;0.322650
9.893000;-0.746630;0.087852;0.347730
9.893500;-0.764800;0.087122;0.366450
9.894000;-0.746100;0.096151;0.367460
9.894500;-0.688440;0.103360;0.359030
9.895000;-0.612370;0.109480;0.331360
9.895500;-0.521170;0.129070;0.307320
9.896000;-0.412380;0.146020;0.289010
9.896500;-0.295590;0.164050;0.265260
9.897000;-0.195740;0.167110;0.247860
9.897500;-0.123390;0.180970;0.233520
9.898000;-0.066763;0.196390;0.218600
9.898500;-0.029672;0.196380;0.216070
9.899000;-0.005736;0.199760;0.199840
9.899500;0.002577;0.201940;0.164880
9.900000;-0.009033;0.213150;0.137150
9.900500;-0.037780;0.231350;0.095683
9.901000;-0.064812;0.245750;0.059800
9.901500;-0.090823;0.262650;0.025229
9.902000;-0.126310;0.283570;-0.004478
9.902500;-0.141560;0.294260;-0.019532
9.903000;-0.148710;0.300250;-0.033847
9.903500;-0.158230;0.317110;-0.053487
9.904000;-0.168470;0.332010;-0.070563
9.904500;-0.154220;0.336470;-0.077958
9.905000;-0.125670;0.328190;-0.091560
9.905500;-0.095062;0.329870;-0.111400
9.906000;-0.055996;0.319000;-0.146960
9.906500;0.013488;0.293860;-0.182020
9.907000;0.096104;0.267240;-0.221170
9.907500;0.190840;0.252560;-0.264100
9.908000;0.275360;0.242240;-0.313470
9.908500;0.347240;0.230670;-0.356110
9.909000;0.419850;0.229590;-0.382660
9.909500;0.476230;0.223350;-0.413620
9.910000;0.521420;0.226460;-0.420390
9.910500;0.574710;0.218530;-0.425420
9.911000;0.608220;0.235710;-0.418650
9.911500;0.624040;0.204280;-0.415530
9.912000;0.619580;0.218810;-0.402320
9.912500;0.594720;0.273500;-0.391120
9.913000;0.625540;0.187940;-0.349990
9.913500;0.541660;0.217320;-0.311360
9.914000;0.549330;0.241890;-0.259600
9.914500;0.458650;0.269020;-0.254160
9.915000;0.386000;0.259970;-0.209140
9.915500;0.334430;0.234850;-0.096016
9.916000;0.227360;0.314850;-0.057935
9.916500;0.140610;0.288450;0.015319
9.917000;0.050902;0.255230;0.120640
9.917500;-0.041994;0.282910;0.176630
9.918000;-0.109790;0.269630;0.234570
9.918500;-0.116600;0.237370;0.290580
9.919000;-0.157000;0.273140;0.333470
9.919500;-0.131400;0.237140;0.374150
9.920000;-0.103870;0.239210;0.399800
9.920500;-0.072497;0.242200;0.389910
9.921000;-0.020119;0.238710;0.399830
9.921500;0.044281;0.229420;0.416480
9.922000;0.061233;0.270380;0.445440
9.922500;0.080530;0.274260;0.404570
9.923000;0.107060;0.274520;0.374280
9.923500;0.095642;0.320490;0.303620
9.924000;0.079238;0.349440;0.236670
9.924500;0.081590;0.350480;0.203730
9.925000;0.076015;0.401140;0.109420
9.925500;0.071558;0.419800;0.014198
9.926000;0.077675;0.405160;-0.068617
9.926500;0.053049;0.455030;-0.142890
9.927000;0.035163;0.450960;-0.191640
9.927500;0.030371;0.431050;-0.192340
9.928000;-0.006385;0.462350;-0.218730
9.928500;-0.030923;0.463590;-0.215560
9.929000;-0.027979;0.452130;-0.203510
9.929500;-0.043832;0.458510;-0.211750
9.930000;-0.064634;0.458550;-0.222600
9.930500;-0.071270;0.450820;-0.226770
9.931000;-0.103290;0.463650;-0.260530
9.931500;-0.122080;0.459340;-0.289940
9.932000;-0.141830;0.450630;-0.331990
9.932500;-0.170810;0.465960;-0.385950
9.933000;-0.203460;0.485610;-0.434650
9.933500;-0.193600;0.467220;-0.481850
9.934000;-0.172950;0.471710;-0.532290
9.934500;-0.150500;0.477340;-0.594970
9.935000;-0.104870;0.463770;-0.637570
9.935500;-0.032258;0.441940;-0.679480
9.936000;0.022133;0.424310;-0.700270
9.936500;0.063782;0.414850;-0.732610
9.937000;0.091225;0.397790;-0.770660
9.937500;0.106230;0.369990;-0.785190
9.938000;0.089580;0.345050;-0.780420
9.938500;0.029728;0.347080;-0.784900
9.939000;-0.033201;0.332730;-0.780330
9.939500;-0.103630;0.307540;-0.761350
9.940000;-0.180350;0.302590;-0.742600
9.940500;-0.262950;0.292070;-0.712260
9.941000;-0.301780;0.261850;-0.668290
9.941500;-0.355340;0.253930;-0.648760
9.942000;-0.397270;0.244520;-0.629830
9.942500;-0.425980;0.225850;-0.608840
9.943000;-0.423370;0.201990;-0.581370
9.943500;-0.423270;0.205000;-0.567520
9.944000;-0.420100;0.206670;-0.557410
9.944500;-0.386160;0.194880;-0.561140
9.945000;-0.337410;0.182330;-0.574730
9.945500;-0.291440;0.186010;-0.576800
9.946000;-0.235960;0.174190;-0.570310
9.946500;-0.172520;0.161670;-0.540140
9.947000;-0.119170;0.166300;-0.494390
9.947500;-0.084664;0.153690;-0.446080
9.948000;-0.060254;0.158280;-0.384470
9.948500;-0.055735;0.141950;-0.321100
9.949000;-0.067726;0.137920;-0.237790
9.949500;-0.083788;0.113120;-0.147400
9.950000;-0.141770;0.113980;-0.063228
9.950500;-0.193130;0.099710;0.022133
9.951000;-0.228150;0.071334;0.104050
9.951500;-0.258530;0.055769;0.189120
9.952000;-0.274180;0.034060;0.266320
9.952500;-0.270170;0.023581;0.354230
9.953000;-0.261470;0.019877;0.429630
9.953500;-0.237120;0.012577;0.499610
9.954000;-0.210010;0.014571;0.551870
9.954500;-0.196550;0.039599;0.597300
9.955000;-0.178020;0.061961;0.645710
9.955500;-0.151920;0.071292;0.695560
9.956000;-0.126080;0.096356;0.730860
9.956500;-0.116620;0.118400;0.733720
9.957000;-0.110130;0.128250;0.708960
9.957500;-0.094851;0.130740;0.680850
9.958000;-0.074412;0.128690;0.665320
9.958500;-0.062348;0.129940;0.665570
9.959000;-0.046028;0.129150;0.658620
9.959500;-0.008228;0.114060;0.640740
9.960000;0.034219;0.112210;0.620640
9.960500;0.092874;0.120070;0.581080
9.961000;0.159510;0.122300;0.543870
9.961500;0.241130;0.115880;0.503010
9.962000;0.309380;0.140220;0.446800
9.962500;0.376180;0.150940;0.403370
9.963000;0.430700;0.170290;0.361060
9.963500;0.440880;0.197800;0.323460
9.964000;0.433940;0.206320;0.310840
9.964500;0.391730;0.215570;0.308280
9.965000;0.317180;0.226920;0.325440
9.965500;0.236140;0.236500;0.355730
9.966000;0.149460;0.229220;0.365610
9.966500;0.060444;0.230000;0.368910
9.967000;-0.018630;0.216360;0.361450
9.967500;-0.095732;0.218450;0.360280
9.968000;-0.159830;0.211790;0.338950
9.968500;-0.203060;0.199750;0.315560
9.969000;-0.217830;0.194530;0.261700
9.969500;-0.222780;0.188540;0.199080
9.970000;-0.197950;0.185850;0.130730
9.970500;-0.150960;0.175570;0.071885
9.971000;-0.074028;0.164490;0.005823
9.971500;0.019043;0.138660;-0.058400
9.972000;0.104160;0.130410;-0.139400
9.972500;0.192640;0.125010;-0.215020
9.973000;0.279510;0.111220;-0.266610
9.973500;0.351430;0.106790;-0.296080
9.974000;0.398320;0.105270;-0.308210
9.974500;0.425290;0.120460;-0.314030
9.975000;0.457230;0.105980;-0.314340
9.975500;0.458050;0.103890;-0.308920
9.976000;0.438650;0.101030;-0.307700
9.976500;0.392530;0.117420;-0.289470
9.977000;0.340500;0.094572;-0.270120
9.977500;0.269940;0.091424;-0.246370
9.978000;0.174060;0.099467;-0.228470
9.978500;0.099967;0.094607;-0.204900
9.979000;0.031345;0.072109;-0.158490
9.979500;-0.027261;0.063552;-0.102550
9.980000;-0.063372;0.046543;-0.058180
9.980500;-0.069489;0.052931;-0.034185
9.981000;-0.060704;0.044847;-0.036865
9.981500;-0.009672;0.021001;-0.035326
9.982000;0.036718;0.028145;-0.034176
9.982500;0.128820;0.037257;-0.028167
9.983000;0.224510;-0.040276;-0.056913
9.983500;0.328010;-0.014467;-0.039254
9.984000;0.381960;-0.013792;-0.133310
9.984500;0.471770;-0.064469;-0.149800
9.985000;0.538080;-0.083870;-0.142350
9.985500;0.530600;-0.026648;-0.168320
9.986000;0.531160;-0.059460;-0.143200
9.986500;0.498910;-0.082918;-0.102500
9.987000;0.417020;-0.060344;-0.059515
9.987500;0.345900;-0.060238;-0.002481
9.988000;0.281900;-0.099033;0.048619
9.988500;0.158730;-0.085411;0.090739
9.989000;0.052247;-0.089294;0.137990
9.989500;-0.045138;-0.056269;0.155510
9.990000;-0.102560;-0.088923;0.166020
9.990500;-0.168400;-0.057776;0.169690
9.991000;-0.181200;-0.048594;0.151830
9.991500;-0.236320;-0.017218;0.102350
9.992000;-0.224930;-0.041722;0.075187
9.992500;-0.174240;-0.037750;0.049839
9.993000;-0.174630;0.026339;-0.041043
9.993500;-0.096695;-0.026390;-0.073159
9.994000;-0.015059;-0.056811;-0.065065
9.994500;0.009506;-0.023961;-0.086490
9.995000;0.050228;-0.037031;-0.076715
9.995500;0.094395;-0.072308;-0.075027
9.996000;0.086242;-0.055079;-0.076458
9.996500;0.070083;-0.070502;-0.074088
9.997000;0.042045;-0.079005;-0.057371
9.997500;-0.006303;-0.079752;-0.055275
9.998000;-0.045283;-0.104680;-0.049820
9.998500;-0.093190;-0.098425;-0.044288
9.999000;-0.119500;-0.106870;-0.062999
9.999500;-0.141980;-0.117440;-0.069447
10.000000;-0.165300;-0.128730;-0.087335
